cumulative_return,cagr,mdd,alpha,beta,annual_volatility,win_rate,sharpe,calmar,sortino,information_ratio,mdd_duration,win_rate_monthly,var_95,tail_ratio
0.043214646464646345,1.9041338606932814,-0.0006086277897486836,0.7663655054414871,0.22962172393979835,0.04312083496676136,0.9,24.79607564222076,3128.5687127095234,,-2.5907179470543418,2,,0.00016366257940664893,44.549082636379204
