cumulative_return,cagr,mdd,alpha,beta,annual_volatility,win_rate,sharpe,calmar,sortino,information_ratio,mdd_duration,win_rate_monthly,var_95,tail_ratio
1.5239442049746956,0.7139764205940662,-0.11547828588091835,0.1313521550998802,0.5295719511957857,0.22394265803532729,0.5750577367205543,2.520444391752939,6.182776399455058,3.22872845395601,-1.2115085670749686,40,0.7619047619047619,-0.016305324673930206,1.2834535636648605
