cumulative_return,cagr,mdd,alpha,beta,annual_volatility,win_rate,sharpe,calmar
1.0773363256282433,0.18544034062071368,-0.13076451622224228,0.07009484272223795,0.3335177921631482,0.10872189994641879,0.5678670360110804,1.6195527836722374,1.41812431979289
