code,name,current_weight,limit,excess,passed
148070,KOSEF 국고채10년,0.35059113715273477,0.2,0.15059113715273476,False
360750,TIGER 미국S&P500,0.34324092739439027,0.2,0.14324092739439026,False
069500,KODEX 200,0.20346807066899786,0.2,0.003468070668997847,False
411060,ACE KRX금현물,0.10269986478387709,0.2,-0.09730013521612292,True
