date,portfolio_value,cumulative_return,drawdown
2015-08-24,699300000.0,-0.30069999999999997,0.0
2015-08-25,707113152.5645213,-0.29288684743547866,0.0
2015-08-26,722922221.496243,-0.27707777850375703,0.0
2015-08-27,730095700.7513883,-0.2699042992486117,0.0
2015-08-28,741015837.9614505,-0.25898416203854957,0.0
2015-08-31,739782182.2933682,-0.26021781770663177,-0.0016648168701441923
2015-09-01,732425939.235544,-0.267574060764456,-0.011592058206930433
2015-09-02,732014720.6795164,-0.26798527932048355,-0.012146997163645312
2015-09-03,732608703.0382228,-0.2673912969617772,-0.011345418670612895
2015-09-04,720043691.604051,-0.279956308395949,-0.028301886792452713
2015-09-07,719769545.9000325,-0.2802304540999675,-0.02867184609692952
2015-09-08,717850525.9719045,-0.28214947402809554,-0.031261561228264956
2015-09-09,737497634.7598823,-0.2625023652401177,-0.004747811074115149
2015-09-10,747595334.8578895,-0.25240466514211046,0.0
2015-09-11,743254694.5442665,-0.2567453054557335,-0.005806136169172582
2015-09-14,737680398.5625613,-0.2623196014374387,-0.013262437354846557
2015-09-15,738868363.2799737,-0.26113163672002626,-0.011673389561178471
2015-09-16,754129140.8036587,-0.24587085919634133,0.0
2015-09-17,754311904.6063378,-0.2456880953936622,0.0
2015-09-18,762307820.973538,-0.237692179026462,0.0
2015-09-21,750839392.3554394,-0.2491606076445606,-0.015044353871973115
2015-09-22,756002469.7811171,-0.24399753021888293,-0.008271397746344
2015-09-23,744214204.5083306,-0.25578579549166947,-0.02373531527211703
2015-09-24,743391767.3962756,-0.25660823260372434,-0.024814193239031446
2015-09-25,742523639.3335512,-0.25747636066644886,-0.02595300887077434
2015-09-30,749194518.1313297,-0.25080548186867035,-0.017202109805801946
2015-10-01,756642143.0904932,-0.24335785690950684,-0.007432270438743838
2015-10-02,752301502.7768703,-0.24769849722312975,-0.013126348597458648
2015-10-05,755911087.8797778,-0.2440889121202222,-0.00839127307600096
2015-10-06,760480182.9467494,-0.23951981705325054,-0.002397506593143084
2015-10-07,764866514.2110422,-0.23513348578895787,0.0
2015-10-08,768795935.9686376,-0.2312040640313624,0.0
2015-10-12,772314139.1702057,-0.22768586082979425,0.0
2015-10-13,771446011.1074811,-0.22855398889251888,-0.0011240608176062983
2015-10-14,766739843.1885005,-0.23326015681149948,-0.007217653670945845
2015-10-15,776106488.0757923,-0.2238935119242077,0.0
2015-10-16,774918523.3583796,-0.22508147664162037,-0.0015306723183799997
2015-10-19,774187468.1476641,-0.22581253185233596,-0.0024726245143060765
2015-10-20,779167781.770663,-0.22083221822933696,0.0
2015-10-21,780584201.2414243,-0.21941579875857564,0.0
2015-10-22,773182267.2329303,-0.22681773276706974,-0.009482556778272144
2015-10-23,778025508.0039202,-0.22197449199607977,-0.003277920861624928
2015-10-26,779487618.4253511,-0.2205123815746488,-0.0014048232264106675
2015-10-27,780127291.7347273,-0.21987270826527272,-0.0005853430110043245
2015-10-28,779898836.9813786,-0.22010116301862148,-0.0008780145165067088
2015-10-29,777614289.4478928,-0.2223857105521072,-0.0038047295715288865
2015-10-30,778025508.0039202,-0.22197449199607977,-0.003277920861624928
2015-11-02,777385834.6945442,-0.22261416530545586,-0.00409740107703116
2015-11-03,782229075.4655341,-0.2177709245344659,0.0
2015-11-04,783005821.6269193,-0.21699417837308077,0.0
2015-11-05,783234276.3802679,-0.21676572361973212,0.0
2015-11-06,779670382.22803,-0.22032961777197002,-0.004550227511375682
2015-11-09,774004704.3449852,-0.22599529565501475,-0.011783922529459812
2015-11-10,761576765.7628226,-0.23842323423717737,-0.027651382569128358
2015-11-11,761576765.7628226,-0.23842323423717737,-0.027651382569128358
2015-11-12,762536275.7268866,-0.23746372427311335,-0.026426321316065815
2015-11-13,754540359.3596863,-0.24545964064031378,-0.03663516509158804
2015-11-16,741883966.024175,-0.25811603397582494,-0.05279430638198579
2015-11-17,751067847.108788,-0.24893215289121196,-0.04106872010267171
2015-11-18,750336791.8980725,-0.24966320810192755,-0.04200210010500527
2015-11-19,758880999.6733093,-0.24111900032669065,-0.031093221327733067
2015-11-20,758058562.5612544,-0.24194143743874563,-0.03214327383035831
2015-11-23,764089768.049657,-0.235910231950343,-0.024442888811107122
2015-11-24,771446011.1074811,-0.22855398889251888,-0.015050752537626999
2015-11-25,767882116.9552432,-0.23211788304475678,-0.01960098004900257
2015-11-26,774415922.9010127,-0.2255840770989873,-0.011258896278147357
2015-11-27,774004704.3449852,-0.22599529565501475,-0.011783922529459812
2015-11-30,763450094.7402809,-0.23654990525971908,-0.025259596313149113
2015-12-01,772725357.7262332,-0.2272746422737667,-0.01341733753354335
2015-12-02,768110571.7085919,-0.23188942829140802,-0.019309298798273256
2015-12-03,760114655.3413917,-0.23988534465860833,-0.02951814257379537
2015-12-04,754540359.3596863,-0.24545964064031378,-0.03663516509158804
2015-12-07,751479065.6648153,-0.24852093433518474,-0.040543693851359364
2015-12-08,744762495.9163672,-0.25523750408363277,-0.04911912262279783
2015-12-09,744762495.9163672,-0.25523750408363277,-0.04911912262279783
2015-12-10,746087533.485789,-0.25391246651421107,-0.04742737136856845
2015-12-11,743802985.9523032,-0.2561970140476968,-0.05034418387586037
2015-12-14,734527722.9663508,-0.2654722770336492,-0.062186442655466134
2015-12-15,737497634.7598823,-0.2625023652401177,-0.05839458639598649
2015-12-16,753123939.8889252,-0.24687606011107477,-0.03844358884610888
2015-12-17,754311904.6063378,-0.2456880953936622,-0.03692684634231713
2015-12-18,756413688.3371446,-0.24358631166285538,-0.03424337883560857
2015-12-21,757190434.4985298,-0.24280956550147026,-0.03325166258312928
2015-12-22,761211238.1574649,-0.23878876184253517,-0.028118072570295194
2015-12-23,763632858.5429598,-0.2363671414570402,-0.02502625131256564
2015-12-24,760571564.8480889,-0.23942843515191115,-0.028934780072336963
2015-12-28,750428173.7994119,-0.24957182620058815,-0.04188542760471359
2015-12-29,761348311.009474,-0.2386516889905259,-0.02794306381985756
2015-12-30,759474982.0320157,-0.2405250179679843,-0.03033485007583714
2016-01-04,742066729.8268539,-0.25793327017314616,-0.05256096138140254
2016-01-05,748006553.413917,-0.251993446586083,-0.04497724886244314
2016-01-06,744214204.5083306,-0.25578579549166947,-0.049819157624547916
2016-01-07,737086416.2038549,-0.26291358379614505,-0.05891961264729906
2016-01-08,743254694.5442665,-0.2567453054557335,-0.05104421887761068
2016-01-11,734938941.5223783,-0.2650610584776216,-0.06166141640415346
2016-01-12,733294067.2982686,-0.2667059327017315,-0.06376152140940372
2016-01-13,741335674.6161386,-0.2586643253838614,-0.053494341383735766
2016-01-14,735989833.3877816,-0.26401016661221843,-0.060319682650799344
2016-01-15,728862045.0833061,-0.2711379549166939,-0.06942013767355038
2016-01-18,727993917.0205815,-0.27200608297941853,-0.07052852642632135
2016-01-19,729684482.1953609,-0.27031551780463914,-0.06837008517092535
2016-01-20,715931506.0437766,-0.28406849395622336,-0.08592929646482306
2016-01-21,713692649.4609604,-0.28630735053903966,-0.08878777272196947
2016-01-22,727217170.8591963,-0.27278282914080365,-0.07152024267880064
2016-01-25,732243175.4328649,-0.2677568245671351,-0.06510325516275828
2016-01-26,725298150.9310682,-0.2747018490689318,-0.07397036518492606
2016-01-27,734801868.670369,-0.265198131329631,-0.0618364251545912
2016-01-28,736172597.1904606,-0.2638274028095394,-0.06008633765021587
2016-01-29,739188199.9346619,-0.2608118000653381,-0.05623614514059039
2016-02-01,742523639.3335512,-0.25747636066644886,-0.05197759887994391
2016-02-02,739553727.5400196,-0.2604462724599804,-0.05576945513942355
2016-02-03,732425939.235544,-0.267574060764456,-0.0648699101621747
2016-02-04,741883966.024175,-0.25811603397582494,-0.05279430638198579
2016-02-05,743254694.5442665,-0.2567453054557335,-0.05104421887761068
2016-02-11,721505802.0254818,-0.27849419797451813,-0.07881227394703072
2016-02-12,710585664.8154197,-0.2894143351845804,-0.09275463773188675
2016-02-15,721323038.2228031,-0.2786769617771969,-0.07904561894761386
2016-02-16,728862045.0833061,-0.2711379549166939,-0.06942013767355038
2016-02-17,729684482.1953609,-0.27031551780463914,-0.06837008517092535
2016-02-18,736401051.9438092,-0.2635989480561909,-0.05979465639948667
2016-02-19,739782182.2933682,-0.26021781770663177,-0.05547777388869435
2016-02-22,741883966.024175,-0.25811603397582494,-0.05279430638198579
2016-02-23,740010637.0467167,-0.25998936295328334,-0.055186092637965256
2016-02-24,739553727.5400196,-0.2604462724599804,-0.05576945513942355
2016-02-25,740604619.405423,-0.259395380594577,-0.05442772138606933
2016-02-26,742066729.8268539,-0.25793327017314616,-0.05256096138140254
2016-02-29,744031440.7056516,-0.25596855929434836,-0.05005250262513139
2016-03-02,754311904.6063378,-0.2456880953936622,-0.03692684634231713
2016-03-03,757190434.4985298,-0.24280956550147026,-0.03325166258312928
2016-03-04,758058562.5612544,-0.24194143743874563,-0.03214327383035831
2016-03-07,759474982.0320157,-0.2405250179679843,-0.03033485007583714
2016-03-08,754540359.3596863,-0.24545964064031378,-0.03663516509158804
2016-03-09,756413688.3371446,-0.24358631166285538,-0.03424337883560857
2016-03-10,764866514.2110422,-0.23513348578895787,-0.02345117255862783
2016-03-11,762947494.2829142,-0.2370525057170858,-0.025901295064753138
2016-03-14,763632858.5429598,-0.2363671414570402,-0.02502625131256564
2016-03-15,763861313.2963084,-0.23613868670369165,-0.024734570061836436
2016-03-16,763632858.5429598,-0.2363671414570402,-0.02502625131256564
2016-03-17,770760646.8474354,-0.2292393531525646,-0.01592579628981461
2016-03-18,771674465.8608298,-0.22832553413917012,-0.014759071286897574
2016-03-21,768795935.9686376,-0.2312040640313624,-0.018434255046085757
2016-03-22,772496902.9728847,-0.22750309702711535,-0.013709018784272553
2016-03-23,772131375.3675269,-0.22786862463247315,-0.014175708785439278
2016-03-24,770623573.9954263,-0.22937642600457375,-0.01610080504025202
2016-03-25,767105370.7938582,-0.2328946292061418,-0.02059269630148175
2016-03-28,766511388.4351518,-0.23348861156484824,-0.02135106755337779
2016-03-29,772496902.9728847,-0.22750309702711535,-0.013709018784272553
2016-03-30,774004704.3449852,-0.22599529565501475,-0.011783922529459812
2016-03-31,771902920.6141782,-0.2280970793858218,-0.014467390036168704
2016-04-01,765003587.0630512,-0.23499641293694873,-0.02327616380819042
2016-04-04,765780333.2244364,-0.2342196667755636,-0.02228444755571113
2016-04-05,762536275.7268866,-0.23746372427311335,-0.026426321316065815
2016-04-06,762947494.2829142,-0.2370525057170858,-0.025901295064753138
2016-04-07,765597569.4217577,-0.23440243057824228,-0.02251779255629427
2016-04-08,764866514.2110422,-0.23513348578895787,-0.02345117255862783
2016-04-11,764089768.049657,-0.235910231950343,-0.024442888811107122
2016-04-12,768613172.1659589,-0.23138682783404108,-0.018667600046668897
2016-04-14,780584201.2414243,-0.21941579875857564,-0.0033835025084587578
2016-04-15,779898836.9813786,-0.22010116301862148,-0.0042585462606464786
2016-04-18,779487618.4253511,-0.2205123815746488,-0.004783572511958933
2016-04-19,777614289.4478928,-0.2223857105521072,-0.0071753587679384
2016-04-20,778482417.5106174,-0.22151758248938258,-0.006066970015167428
2016-04-21,783508422.0842862,-0.21649157791571383,0.0
2016-04-22,781360947.4028095,-0.21863905259719052,-0.002740844413342769
2016-04-25,780949728.846782,-0.21905027115321807,-0.0032656869605787175
2016-04-26,781817856.9095066,-0.21818214309049344,-0.0021576860275253074
2016-04-27,779670382.22803,-0.22032961777197002,-0.004898530440867854
2016-04-28,775832342.3717738,-0.2241676576282262,-0.009797060881735598
2016-04-29,773959013.3943155,-0.2260409866056845,-0.012188010263587734
2016-05-02,766876916.0405096,-0.23312308395949044,-0.021226965243760332
2016-05-03,770669264.946096,-0.2293307350539041,-0.016386750641474435
2016-05-04,765414805.6190786,-0.2345851943809214,-0.02309307207837663
2016-05-09,763084567.1349232,-0.23691543286507677,-0.02606717984604623
2016-05-10,768339026.4619405,-0.23166097353805948,-0.019360858409144033
2016-05-11,768841626.9193075,-0.23115837308069254,-0.018719384184744503
2016-05-12,765917406.0764455,-0.23408259392355457,-0.022451597853977323
2016-05-13,762673348.5788957,-0.23732665142110432,-0.026592022393282178
2016-05-16,762856112.3815747,-0.2371438876184252,-0.026358759038954904
2016-05-17,762673348.5788957,-0.23732665142110432,-0.026592022393282178
2016-05-18,757830107.8079059,-0.24216989219209406,-0.032773501282948536
2016-05-19,754311904.6063378,-0.2456880953936622,-0.03726382085374391
2016-05-20,754905886.9650441,-0.24509411303495587,-0.03650571495218102
2016-05-23,758012871.6105847,-0.24198712838941527,-0.032540237928621485
2016-05-24,752529957.5302188,-0.24747004246978122,-0.03953813855843258
2016-05-25,760160346.2920613,-0.2398396537079387,-0.029799393515278938
2016-05-26,758606853.9692911,-0.24139314603070894,-0.031782132027058596
2016-05-27,762125057.1708591,-0.2378749428291409,-0.02729181245626333
2016-05-30,763084567.1349232,-0.23691543286507677,-0.02606717984604623
2016-05-31,768841626.9193075,-0.23115837308069254,-0.018719384184744503
2016-06-01,769618373.0806926,-0.2303816269193073,-0.017728014928854674
2016-06-02,769846827.8340411,-0.23015317216595887,-0.017436435735946
2016-06-03,768339026.4619405,-0.23166097353805948,-0.019360858409144033
2016-06-07,776883234.2371774,-0.22311676576282258,-0.008455796594355136
2016-06-08,785016223.4563868,-0.21498377654361323,0.0
2016-06-09,782457530.2188827,-0.21754246978111735,-0.0032594144694720883
2016-06-10,780949728.846782,-0.21905027115321807,-0.005180140853268345
2016-06-13,766739843.1885005,-0.23326015681149948,-0.023281531924800647
2016-06-14,761713838.6148317,-0.23828616138516834,-0.029683953204120872
2016-06-15,762856112.3815747,-0.2371438876184252,-0.028228857458820644
2016-06-16,755728324.077099,-0.244271675922901,-0.03730865490949309
2016-06-17,757693034.9558967,-0.24230696504410332,-0.03480589022757696
2016-06-20,768339026.4619405,-0.23166097353805948,-0.02124439788138066
2016-06-21,767516589.3498856,-0.23248341065011446,-0.02229206681799667
2016-06-22,770989101.6007841,-0.22901089839921596,-0.01786857575228451
2016-06-23,770029591.6367198,-0.2299704083632802,-0.019090856178336835
2016-06-24,747138425.3511924,-0.25286157464880765,-0.048250974914149425
2016-06-27,745813387.7817706,-0.25418661221822947,-0.049938885978697445
2016-06-28,750793701.4047695,-0.24920629859523047,-0.04359466852918936
2016-06-29,756230924.5344659,-0.24376907546553406,-0.036668412781560966
2016-06-30,761896602.4175105,-0.23810339758248944,-0.02945113788487297
2016-07-01,769252845.4753348,-0.2307471545246652,-0.0200803212851407
2016-07-04,771217556.3541325,-0.22878244364586742,-0.017577556603224576
2016-07-05,771765847.7621691,-0.22823415223783083,-0.016879110645480644
2016-07-06,757236125.4491997,-0.24276387455080028,-0.03538792852569694
2016-07-07,765597569.4217577,-0.23440243057824228,-0.02473662767010054
2016-07-08,761302620.0588042,-0.2386973799411959,-0.030207787672429043
2016-07-11,768567481.215289,-0.23143251878471105,-0.020953378732320727
2016-07-12,772222757.2688663,-0.22777724273113364,-0.016297072347360553
2016-07-13,776654779.4838288,-0.22334522051617123,-0.01065130085559629
2016-07-14,778619490.3626266,-0.22138050963737343,-0.008148536173680276
2016-07-15,781406638.3534793,-0.21859336164652077,-0.0045981025551481425
2016-07-18,780127291.7347273,-0.21987270826527272,-0.006227809789884131
2016-07-19,781863547.8601764,-0.21813645213982358,-0.004016064257028051
2016-07-20,780127291.7347273,-0.21987270826527272,-0.006227809789884131
2016-07-21,779167781.770663,-0.22083221822933696,-0.007450090215936456
2016-07-22,779167781.770663,-0.22083221822933696,-0.007450090215936456
2016-07-25,778985017.9679843,-0.22101498203201564,-0.007682905535184248
2016-07-26,783371349.2322772,-0.21662865076772286,-0.002095337873231906
2016-07-27,784787768.7030381,-0.21521223129696188,-0.0002910191490601566
2016-07-28,781086801.6987913,-0.2189131983012087,-0.00500552936383214
2016-07-29,782868748.7749102,-0.2171312512250898,-0.0027355800011640286
2016-08-01,786158497.2231296,-0.21384150277687042,0.0
2016-08-02,783051512.577589,-0.21694848742241102,-0.003952109729164155
2016-08-03,774507304.8023522,-0.2254926951976478,-0.014820411484365859
2016-08-04,774735759.5557008,-0.22526424044429927,-0.014529815180750805
2016-08-05,780721274.0934336,-0.21927872590656639,-0.006916192026037216
2016-08-08,785153296.3083957,-0.2148467036916043,-0.001278623735906259
2016-08-09,791001737.9941196,-0.20899826200588034,0.0
2016-08-10,791961247.9581835,-0.20803875204181643,0.0
2016-08-11,790362064.6847435,-0.20963793531525643,-0.0020192696013384692
2016-08-12,793286285.5276053,-0.20671371447239473,0.0
2016-08-16,794245795.4916694,-0.2057542045083306,0.0
2016-08-17,791001737.9941196,-0.20899826200588034,-0.004084450325030131
2016-08-18,795250996.4064032,-0.20474900359359682,0.0
2016-08-19,797032943.4825219,-0.20296705651747815,0.0
2016-08-22,789813773.2767069,-0.210186226723293,-0.009057555606512113
2016-08-23,795068232.6037241,-0.20493176739627583,-0.0024650309562026518
2016-08-24,792281084.6128715,-0.2077189153871285,-0.005961935335932034
2016-08-25,791641411.3034955,-0.20835858869650448,-0.006764503554230528
2016-08-26,789996537.0793858,-0.21000346292061423,-0.008828250401283988
2016-08-29,787118007.1871936,-0.2128819928128064,-0.012439807383627488
2016-08-30,791412956.5501469,-0.20858704344985302,-0.007051135060765823
2016-08-31,788031826.200588,-0.21196817379941202,-0.01129328135748664
2016-09-01,787529225.743221,-0.21247077425677896,-0.011923870671864178
2016-09-02,789265481.8686703,-0.2107345181313297,-0.0097454712221966
2016-09-05,795844978.7651093,-0.2041550212348907,-0.0014904838339829807
2016-09-06,799500254.8186866,-0.20049974518131342,0.0
2016-09-07,799500254.8186866,-0.20049974518131342,0.0
2016-09-08,800139928.1280627,-0.19986007187193733,0.0
2016-09-09,789676700.4246976,-0.21032329957530238,-0.013076747373230058
2016-09-12,772908121.5289121,-0.22709187847108792,-0.03403380539058942
2016-09-13,774735759.5557008,-0.22526424044429927,-0.031749657377798
2016-09-19,781406638.3534793,-0.21859336164652077,-0.023412517131110033
2016-09-20,783234276.3802679,-0.21676572361973212,-0.021128369118318946
2016-09-21,787346461.9405422,-0.21265353805945775,-0.015989036089538722
2016-09-22,795250996.4064032,-0.20474900359359682,-0.0061100959342165195
2016-09-23,794657014.0476968,-0.20534298595230316,-0.006852444038373706
2016-09-26,793286285.5276053,-0.20671371447239473,-0.008565555047967188
2016-09-27,799500254.8186866,-0.20049974518131342,-0.0007994518044770471
2016-09-28,795844978.7651093,-0.2041550212348907,-0.005367747830059555
2016-09-29,801602038.5494937,-0.19839796145050637,0.0
2016-09-30,792920757.9222475,-0.20707924207775252,-0.010829913360693277
2016-10-04,795662214.9624305,-0.2043377850375695,-0.007409940720474406
2016-10-05,792281084.6128715,-0.2077189153871285,-0.011627906976744318
2016-10-06,798906272.4599804,-0.20109372754001964,-0.0033629730962153603
2016-10-07,795662214.9624305,-0.2043377850375695,-0.007409940720474406
2016-10-10,794063031.6889905,-0.2059369683110095,-0.009404924760602063
2016-10-11,786158497.2231296,-0.21384150277687042,-0.0192658458732331
2016-10-12,788671499.5099641,-0.21132850049003593,-0.01613087095303234
2016-10-13,782868748.7749102,-0.2171312512250898,-0.023369813041495657
2016-10-14,784605004.9003594,-0.21539499509964066,-0.021203830369357024
2016-10-17,786295570.0751388,-0.21370442992486116,-0.019094847241222124
2016-10-18,788443044.7566154,-0.21155695524338458,-0.016415868673050782
2016-10-19,791412956.5501469,-0.20858704344985302,-0.01271089831281369
2016-10-20,789996537.0793858,-0.21000346292061423,-0.014477884176926747
2016-10-21,787529225.743221,-0.21247077425677896,-0.017555859553123776
2016-10-24,790773283.2407709,-0.2092267167592291,-0.01350889192886473
2016-10-25,788031826.200588,-0.21196817379941202,-0.0169288645690836
2016-10-26,778208271.8065991,-0.22179172819340087,-0.02918376652986787
2016-10-27,784787768.7030381,-0.21521223129696188,-0.020975832193342647
2016-10-28,780355746.4880757,-0.2196442535119243,-0.02650478796169642
2016-10-31,778208271.8065991,-0.22179172819340087,-0.02918376652986787
2016-11-01,775009905.259719,-0.22499009474028098,-0.033173734610123184
2016-11-02,764957896.1123816,-0.23504210388761837,-0.045713634290925675
2016-11-03,769435609.2780137,-0.2305643907219863,-0.04012767897856828
2016-11-04,768110571.7085919,-0.23188942829140802,-0.041780665754674096
2016-11-07,773045194.3809212,-0.22695480561907877,-0.03562471500228004
2016-11-08,776060797.1251224,-0.22393920287487756,-0.031862745098039325
2016-11-09,757236125.4491997,-0.24276387455080028,-0.055346557227542115
2016-11-10,775832342.3717738,-0.2241676576282262,-0.032147742818057656
2016-11-11,769024390.7219863,-0.23097560927801375,-0.04064067487460099
2016-11-14,766374315.5831428,-0.23362568441685727,-0.04394664842681262
2016-11-15,760480182.9467494,-0.23951981705325054,-0.05129958960328318
2016-11-16,767516589.3498856,-0.23248341065011446,-0.042521659826721514
2016-11-17,768110571.7085919,-0.23188942829140802,-0.041780665754674096
2016-11-18,764957896.1123816,-0.23504210388761837,-0.045713634290925675
2016-11-21,763084567.1349232,-0.23691543286507677,-0.048050615595075286
2016-11-22,768110571.7085919,-0.23188942829140802,-0.041780665754674096
2016-11-23,770989101.6007841,-0.22901089839921596,-0.038189694482444136
2016-11-24,764226840.9016662,-0.23577315909833385,-0.04662562699498407
2016-11-25,765917406.0764455,-0.23408259392355457,-0.04451664386684928
2016-11-28,767882116.9552432,-0.23211788304475678,-0.04206566347469243
2016-11-29,766374315.5831428,-0.23362568441685727,-0.04394664842681262
2016-11-30,767699353.1525644,-0.23230064684743557,-0.042293661650707026
2016-12-01,769618373.0806926,-0.2303816269193073,-0.03989968080255357
2016-12-02,763815622.3456386,-0.2361843776543614,-0.047138622891017
2016-12-05,761896602.4175105,-0.23810339758248944,-0.04953260373917023
2016-12-06,770029591.6367198,-0.2299704083632802,-0.039386684906521086
2016-12-07,770806337.7981052,-0.22919366220189474,-0.038417692658458735
2016-12-08,780355746.4880757,-0.2196442535119243,-0.02650478796169642
2016-12-09,782457530.2188827,-0.21754246978111735,-0.023882808937528588
2016-12-12,783051512.577589,-0.21694848742241102,-0.02314181486548106
2016-12-13,788031826.200588,-0.21196817379941202,-0.0169288645690836
2016-12-14,788671499.5099641,-0.21132850049003593,-0.01613087095303234
2016-12-15,789037027.1153218,-0.21096297288467825,-0.015674874601003252
2016-12-16,788214590.0032668,-0.21178540999673323,-0.016700866393069003
2016-12-19,789676700.4246976,-0.21032329957530238,-0.014876880984952434
2016-12-20,790544828.4874222,-0.20945517151257775,-0.013793889648883062
2016-12-21,788214590.0032668,-0.21178540999673323,-0.016700866393069003
2016-12-22,789037027.1153218,-0.21096297288467825,-0.015674874601003252
2016-12-23,789265481.8686703,-0.2107345181313297,-0.015389876880985032
2016-12-26,790133609.931395,-0.20986639006860497,-0.014306885544915549
2016-12-27,792920757.9222475,-0.20707924207775252,-0.010829913360693277
2016-12-28,798312290.101274,-0.20168770989872598,-0.004103967168262779
2016-12-29,797763998.6932375,-0.20223600130676245,-0.004787961696306464
2017-01-02,799728709.5720353,-0.20027129042796465,-0.00233698130414961
2017-01-03,805303005.5537405,-0.19469699444625954,0.0
2017-01-04,803749513.2309703,-0.19625048676902979,-0.0019290780141842934
2017-01-05,802835694.2175759,-0.19716430578242405,-0.0030638297872339626
2017-01-06,807039261.6791897,-0.1929607383208103,0.0
2017-01-09,805896987.9124469,-0.1941030120875531,-0.00141538809941677
2017-01-10,805165932.7017314,-0.19483406729826858,-0.0023212364830434984
2017-01-11,816999888.9251878,-0.18300011107481218,0.0
2017-01-12,816771434.1718392,-0.18322856582816072,-0.00027962641910406205
2017-01-13,817274034.6292061,-0.18272596537079389,0.0
2017-01-16,813664449.5262986,-0.18633555047370132,-0.004416615419019276
2017-01-17,812750630.5129042,-0.1872493694870958,-0.005534745904847149
2017-01-18,814669650.4410323,-0.18533034955896766,-0.0031866718846088604
2017-01-19,816040378.9611238,-0.1839596210388762,-0.0015094761558672731
2017-01-20,812750630.5129042,-0.1872493694870958,-0.005534745904847149
2017-01-23,812750630.5129042,-0.1872493694870958,-0.005534745904847149
2017-01-24,812293721.0062071,-0.18770627899379289,-0.006093811147760864
2017-01-25,813253230.9702711,-0.18674676902972887,-0.004919774137641775
2017-01-26,819421509.3106828,-0.1805784906893172,0.0
2017-01-31,815172250.8983992,-0.1848277491016007,-0.0051856808297089385
2017-02-01,817274034.6292061,-0.18272596537079389,-0.002620720419315381
2017-02-02,815355014.701078,-0.18464498529892193,-0.0049626407940225326
2017-02-03,815035178.04639,-0.18496482195360997,-0.005352960856473743
2017-02-06,816771434.1718392,-0.18322856582816072,-0.0032340805174528864
2017-02-07,816451597.5171512,-0.18354840248284876,-0.003624400579904097
2017-02-08,813070467.1675922,-0.18692953283240787,-0.007750641240102718
2017-02-09,813253230.9702711,-0.18674676902972887,-0.007527601204416201
2017-02-10,817182652.7278666,-0.1828173472721334,-0.002732240437158584
2017-02-13,816771434.1718392,-0.18322856582816072,-0.0032340805174528864
2017-02-14,816771434.1718392,-0.18322856582816072,-0.0032340805174528864
2017-02-15,820472401.1760863,-0.17952759882391367,0.0
2017-02-16,819878418.81738,-0.18012158118262,-0.000723951662304434
2017-02-17,817274034.6292061,-0.18272596537079389,-0.0038982012585623282
2017-02-20,820837928.781444,-0.1791620712185561,0.0
2017-02-21,828148480.8885984,-0.1718515191114015,0.0
2017-02-22,829016608.9513232,-0.17098339104867688,0.0
2017-02-23,830113191.7673962,-0.16988680823260383,0.0
2017-02-24,824584586.7363607,-0.1754154132636393,-0.006660061646851512
2017-02-27,822208657.3015354,-0.17779134269846464,-0.009522236900044057
2017-02-28,823716458.6736361,-0.17628354132636392,-0.007705856450902604
2017-03-02,828148480.8885984,-0.1718515191114015,-0.0023667987670629165
2017-03-03,819284436.4586737,-0.18071556354132623,-0.01304491413474218
2017-03-06,820061182.6200588,-0.17993881737994122,-0.012109202994275647
2017-03-07,824584586.7363607,-0.1754154132636393,-0.006660061646851512
2017-03-08,825132878.1443973,-0.17486712185560271,-0.0059995596653456
2017-03-09,823533694.8709571,-0.17646630512904282,-0.00792602377807139
2017-03-10,824127677.2296634,-0.1758723227703366,-0.007210479964773309
2017-03-13,834133995.4263312,-0.16586600457366885,0.0
2017-03-14,838428944.7892846,-0.16157105521071546,0.0
2017-03-15,838840163.3453119,-0.16115983665468814,0.0
2017-03-16,845419660.241751,-0.15458033975824903,0.0
2017-03-17,850125828.1607317,-0.14987417183926832,0.0
2017-03-20,846333479.2551453,-0.15366652074485465,-0.004460926582822711
2017-03-21,857344998.3665468,-0.14265500163345324,0.0
2017-03-22,853598340.41163,-0.14640165958836993,-0.004370070347473942
2017-03-23,855882887.9451159,-0.1441171120548841,-0.0017053933063311266
2017-03-24,852273302.8422085,-0.14772669715779152,-0.0059155830313363245
2017-03-27,848983554.3939888,-0.15101644560601113,-0.009752717970581859
2017-03-28,850719810.5194379,-0.1492801894805621,-0.007727563419313688
2017-03-29,852273302.8422085,-0.14772669715779152,-0.0059155830313363245
2017-03-30,850948265.2727866,-0.14905173472721334,-0.007461095715199262
2017-03-31,852273302.8422085,-0.14772669715779152,-0.0059155830313363245
2017-04-03,853415576.6089513,-0.1465844233910487,-0.004583244510765083
2017-04-04,849486154.8513557,-0.1505138451486443,-0.0091664890215305
2017-04-05,851085338.1247958,-0.1489146618752042,-0.0073012150927306285
2017-04-06,844323077.4256779,-0.15567692257432209,-0.015188659134512728
2017-04-07,845236896.4390721,-0.15476310356092782,-0.014122788318055801
2017-04-10,840622110.4214308,-0.15937788957856913,-0.01950543594116383
2017-04-11,837515125.7758902,-0.16248487422410973,-0.02312939671711778
2017-04-12,838200490.0359359,-0.16179950996406411,-0.022329993604775056
2017-04-13,844734295.9817052,-0.15526570401829476,-0.014709017267107272
2017-04-14,841535929.4348252,-0.15846407056517486,-0.01843956512470679
2017-04-17,842221293.6948708,-0.15777870630512913,-0.01764016201236407
2017-04-18,847384371.1205487,-0.15261562887945124,-0.01161799189938173
2017-04-19,842906657.9549167,-0.1570933420450833,-0.016840758900021124
2017-04-20,846333479.2551453,-0.15366652074485465,-0.01284374333830729
2017-04-21,852410375.6942176,-0.14758962430578249,-0.005755702408867913
2017-04-24,856111342.6984645,-0.14388865730153544,-0.0014389256022169228
2017-04-25,864655550.4737012,-0.13534444952629876,0.0
2017-04-26,869544482.195361,-0.13045551780463893,0.0
2017-04-27,870732446.9127736,-0.12926755308722637,0.0
2017-04-28,868950499.8366548,-0.13104950016334527,-0.002046492102639297
2017-05-02,874250650.1143416,-0.12574934988565833,0.0
2017-05-04,882657785.0375693,-0.11734221496243069,0.0
2017-05-08,899517745.8346944,-0.10048225416530565,0.0
2017-05-10,895496942.1757594,-0.10450305782424052,-0.004469954792502673
2017-05-11,902122130.0228683,-0.09787786997713177,0.0
2017-05-12,902304893.8255471,-0.09769510617445287,0.0
2017-05-15,905320496.5697484,-0.09467950343025155,0.0
2017-05-16,903447167.59229,-0.09655283240770995,-0.002069243968910839
2017-05-17,904726514.211042,-0.095273485788958,-0.0006561017462400898
2017-05-18,903949768.0496569,-0.09605023195034312,-0.0015140809528616517
2017-05-19,902761803.3322442,-0.0972381966677558,-0.002826284445341831
2017-05-22,908884390.7219862,-0.09111560927801388,0.0
2017-05-23,912219830.1208755,-0.08778016987912451,0.0
2017-05-24,915372505.717086,-0.08462749428291405,0.0
2017-05-25,925835733.4204507,-0.07416426657954933,0.0
2017-05-26,930313446.5860829,-0.06968655341391705,0.0
2017-05-29,929902228.0300554,-0.0700977719699446,-0.0004420215117136861
2017-05-30,926795243.3845147,-0.07320475661548531,-0.0037817396002162162
2017-05-31,927937517.1512578,-0.07206248284874228,-0.0025539020676783597
2017-06-01,926978007.1871938,-0.0730219928128063,-0.003585285595010035
2017-06-02,935979124.4691277,-0.06402087553087232,0.0
2017-06-05,936161888.2718065,-0.06383811172819354,0.0
2017-06-07,932872139.8235871,-0.06712786017641292,-0.0035140807262432627
2017-06-08,934014413.59033,-0.06598558640967,-0.0022939138074086207
2017-06-09,941370656.6481541,-0.058629343351845886,0.0
2017-06-12,932095393.6622018,-0.06790460633779827,-0.00985293403873233
2017-06-13,938583508.6573014,-0.061416491342698554,-0.002960733873707766
2017-06-14,936618797.7785037,-0.06338120222149635,-0.0050478085715672805
2017-06-15,933466122.1822932,-0.06653387781770681,-0.008396835412318726
2017-06-16,930678974.1914406,-0.06932102580855937,-0.011357569286026381
2017-06-19,935979124.4691277,-0.06402087553087232,-0.005727321263893637
2017-06-20,934928232.6037242,-0.06507176739627574,-0.0068436635441440075
2017-06-21,929719464.2273767,-0.07028053577262328,-0.012376838324515749
2017-06-22,935613596.86377,-0.06438640313623001,-0.006115614230937205
2017-06-23,935613596.86377,-0.06438640313623001,-0.006115614230937205
2017-06-26,944203495.5896765,-0.055796504410323466,0.0
2017-06-27,944888859.8497223,-0.05511114015027774,0.0
2017-06-28,941736184.2535118,-0.0582638157464882,-0.003336557059961387
2017-06-29,944066422.7376672,-0.055933577262332834,-0.0008704061895553616
2017-06-30,945528533.1590984,-0.05447146684090165,0.0
2017-07-03,944660405.0963737,-0.05533959490362628,-0.0009181405238234408
2017-07-04,941370656.6481541,-0.058629343351845886,-0.0043974098772592285
2017-07-05,943883658.9349885,-0.05611634106501151,-0.0017396346767180049
2017-07-06,942969839.9215943,-0.05703016007840578,-0.002706098386005662
2017-07-07,940959438.0921266,-0.059040561907873434,-0.004832318546438841
2017-07-10,940365455.7334204,-0.05963454426657966,-0.005460519957475762
2017-07-11,943746586.0829794,-0.056253413917020545,-0.001884604233111098
2017-07-12,943746586.0829794,-0.056253413917020545,-0.001884604233111098
2017-07-13,952656321.4635739,-0.04734367853642607,0.0
2017-07-14,952199411.9568768,-0.04780058804312326,-0.0004796163069544779
2017-07-17,955946069.9117934,-0.04405393008820668,0.0
2017-07-18,956128833.7144724,-0.04387116628552756,0.0
2017-07-19,956859888.9251877,-0.043140111074812304,0.0
2017-07-20,963165240.1176087,-0.03683475988239138,0.0
2017-07-21,964810114.3417183,-0.03518988565828174,0.0
2017-07-24,965312714.7990851,-0.03468728520091491,0.0
2017-07-25,962799712.5122509,-0.03720028748774906,-0.002603303829223136
2017-07-26,961017765.436132,-0.03898223456386807,-0.004449282908126961
2017-07-27,963348003.9202874,-0.03665199607971259,-0.0020353102664836253
2017-07-28,949183809.2126755,-0.05081619078732458,-0.016708477303923885
2017-07-31,948589826.8539691,-0.05141017314603091,-0.017323803663558568
2017-08-01,956722816.0731786,-0.04327718392682134,-0.008898565816254034
2017-08-02,959829800.7187192,-0.04017019928128074,-0.005679935627396215
2017-08-03,942284475.6615485,-0.05771552433845151,-0.023855729635063994
2017-08-04,944203495.5896765,-0.055796504410323466,-0.02186775216547543
2017-08-07,946213897.419144,-0.05378610258085592,-0.019785109102096743
2017-08-08,943746586.0829794,-0.056253413917020545,-0.02234108013442504
2017-08-09,936847252.5318522,-0.06315274746814781,-0.02948833246556537
2017-08-10,931318647.5008166,-0.06868135249918339,-0.035215600889856646
2017-08-11,917154452.7932048,-0.08284554720679527,-0.049888767927296795
2017-08-14,922637366.8735707,-0.07736263312642933,-0.04420883229990058
2017-08-16,927571989.5459,-0.07242801045409997,-0.039096890235243875
2017-08-17,933466122.1822932,-0.06653387781770681,-0.03299095943579311
2017-08-18,932232466.5142109,-0.06776753348578901,-0.0342689449519572
2017-08-21,930678974.1914406,-0.06932102580855937,-0.03587826004638617
2017-08-22,933100594.5769355,-0.0668994054230645,-0.03336962181095282
2017-08-23,934014413.59033,-0.06598558640967,-0.03242296587305327
2017-08-24,935979124.4691277,-0.06402087553087232,-0.030387655606569752
2017-08-25,937075707.2852008,-0.06292429271479916,-0.02925166848109051
2017-08-28,935796360.6664488,-0.06420363933355122,-0.030576986794149552
2017-08-29,930541901.3394314,-0.06945809866056862,-0.03602025843707113
2017-08-30,933603195.0343025,-0.06639680496569755,-0.03284896104510804
2017-08-31,932872139.8235871,-0.06712786017641292,-0.03360628579542757
2017-09-01,928348735.7072852,-0.07165126429271484,-0.03829223268802939
2017-09-04,919850218.882718,-0.08014978111728199,-0.04709613291049364
2017-09-05,919073472.7213328,-0.08092652727866723,-0.04790079045770812
2017-09-06,916697543.2865076,-0.08330245671349235,-0.050362095896246406
2017-09-07,923688258.7389741,-0.07631174126102591,-0.04312017797131629
2017-09-08,922271839.2682129,-0.07772816073178712,-0.04458749467506029
2017-09-11,930541901.3394314,-0.06945809866056862,-0.03602025843707113
2017-09-12,932689376.020908,-0.06731062397909204,-0.03379561698300759
2017-09-13,933831649.7876511,-0.0661683502123489,-0.03261229706063318
2017-09-14,935065305.4557333,-0.0649346945442667,-0.031334311544469196
2017-09-15,940502528.5854295,-0.0594974714145704,-0.02570170871396782
2017-09-18,953341685.7236197,-0.04665831427638034,-0.012401192786481663
2017-09-19,952016648.1541978,-0.04798335184580216,-0.013773843896435878
2017-09-20,949412263.9660242,-0.050587736033975816,-0.016471813319448914
2017-09-21,952199411.9568768,-0.04780058804312326,-0.013584512708855967
2017-09-22,940365455.7334204,-0.05963454426657966,-0.02584370710465278
2017-09-25,940137000.9800719,-0.05986299901992809,-0.02608037108912753
2017-09-26,935613596.86377,-0.06438640313623001,-0.030766317981729463
2017-09-27,933603195.0343025,-0.06639680496569755,-0.03284896104510804
2017-09-28,937075707.2852008,-0.06292429271479916,-0.02925166848109051
2017-09-29,945528533.1590984,-0.05447146684090165,-0.020495101055521214
2017-10-10,959464273.1133616,-0.040535726886638423,-0.006058598002555926
2017-10-11,969105063.7046715,-0.030894936295328468,0.0
2017-10-12,975410414.8970923,-0.024589585102907652,0.0
2017-10-13,974587977.7850375,-0.025412022214962526,-0.000843170320404707
2017-10-16,979705364.2600455,-0.020294635739954492,0.0
2017-10-17,980253655.6680822,-0.019746344331917798,0.0
2017-10-18,980253655.6680822,-0.019746344331917798,0.0
2017-10-19,978745854.2959816,-0.0212541457040184,-0.001538174699356687
2017-10-20,982401130.349559,-0.017598869650440996,0.0
2017-10-23,984731368.8337144,-0.015268631166285629,0.0
2017-10-24,982629585.1029075,-0.017370414897092457,-0.0021343726800295837
2017-10-25,985827951.6497875,-0.014172048350212463,0.0
2017-10-26,978151871.9372753,-0.021848128062724737,-0.007786429365962189
2017-10-27,984411532.1790264,-0.015588467820973673,-0.001436781609195359
2017-10-30,986239170.2058151,-0.013760829794184914,0.0
2017-10-31,998210199.2812805,-0.0017898007187194809,0.0
2017-11-01,1007622535.1192421,0.0076225351192420465,0.0
2017-11-02,1004926769.0297287,0.0049267690297285505,-0.002675372965129652
2017-11-03,1008627736.0339757,0.008627736033975708,0.0
2017-11-06,1008033753.6752695,0.008033753675269484,-0.0005889014722536556
2017-11-07,1005337987.5857563,0.00533798758575621,-0.0032616081540203234
2017-11-08,1006297497.5498203,0.00629749754982023,-0.0023103057757642986
2017-11-09,1005109532.8324077,0.0051095328324077816,-0.003488108720271721
2017-11-10,1002368075.7922246,0.0023680757922246443,-0.006206115515288824
2017-11-13,1000814583.4694544,0.0008145834694543996,-0.007746319365798282
2017-11-14,995834269.8464553,-0.004165730153544711,-0.012684031710079258
2017-11-15,995011832.7344004,-0.004988167265599586,-0.013499433748584422
2017-11-16,999992146.3573996,-7.85364260036392e-06,-0.008561721404303335
2017-11-17,1001271492.9761516,0.0012714929761514782,-0.007293318233295487
2017-11-20,999763691.6040509,-0.00023630839594912523,-0.008788221970554955
2017-11-21,999352473.0480235,-0.0006475269519765625,-0.009195922989807426
2017-11-22,1000220601.110748,0.0002206011107479533,-0.008335220838052049
2017-11-23,999124018.294675,-0.0008759817053249908,-0.009422423556058712
2017-11-24,1002779294.348252,0.0027792943482520815,-0.005798414496036242
2017-11-27,991539320.4835021,-0.008460679516497871,-0.016942242355605708
2017-11-28,992224684.7435478,-0.007775315256452253,-0.016262740656851626
2017-11-29,990305664.8154197,-0.009694335184580294,-0.018165345413363565
2017-11-30,977740653.3812478,-0.022259346618752285,-0.030622876557191536
2017-12-01,978928618.0986605,-0.021071381901339503,-0.029445073612684003
2017-12-04,985827951.6497875,-0.014172048350212463,-0.02260475651189131
2017-12-05,990305664.8154197,-0.009694335184580294,-0.018165345413363565
2017-12-06,978563090.4933028,-0.021436909506697188,-0.02980747451868626
2017-12-07,972623266.9062397,-0.027376733093760208,-0.03569648924122304
2017-12-08,972851721.6595882,-0.02714827834041178,-0.03546998867497175
2017-12-11,975958706.305129,-0.024041293694870958,-0.03238958097395228
2017-12-12,970110264.6194053,-0.029889735380594695,-0.038187995469988745
2017-12-13,979476909.506697,-0.02052309049330292,-0.02890147225368067
2017-12-14,985645187.8471087,-0.01435481215289125,-0.022785956964892384
2017-12-15,978745854.2959816,-0.0212541457040184,-0.029626274065685076
2017-12-18,978151871.9372753,-0.021848128062724737,-0.030215175537938843
2017-12-19,978745854.2959816,-0.0212541457040184,-0.029626274065685076
2017-12-20,976918216.269193,-0.023081783730806937,-0.03143827859569637
2017-12-21,960606546.8801044,-0.039393453119895616,-0.04761041902604757
2017-12-22,965175641.9470761,-0.03482435805292394,-0.043080407701019174
2017-12-26,961017765.436132,-0.03898223456386807,-0.047202718006794986
2017-12-27,974770741.5877165,-0.025229258412283517,-0.0335673839184597
2017-12-28,986741770.6631819,-0.013258229336818084,-0.02169875424688561
2018-01-02,992316066.6448873,-0.007683933355112638,-0.01617214043035098
2018-01-03,995605815.0931066,-0.004394184906893361,-0.012910532276330766
2018-01-04,987975426.3312641,-0.012024573668735883,-0.020475651189127975
2018-01-05,999763691.6040509,-0.00023630839594912523,-0.008788221970554955
2018-01-08,1005337987.5857563,0.00533798758575621,-0.0032616081540203234
2018-01-09,1001088729.1734726,0.0010887291734726912,-0.007474518686296672
2018-01-10,1000814583.4694544,0.0008145834694543996,-0.007746319365798282
2018-01-11,998941254.4919959,-0.0010587455080041108,-0.009603624009060119
2018-01-12,1000220601.110748,0.0002206011107479533,-0.008335220838052049
2018-01-15,1002550839.5949036,0.0025508395949036533,-0.006024915062287639
2018-01-16,1009587245.9980398,0.00958724599803995,0.0
2018-01-17,1007074243.7112055,0.0070742437112054635,-0.002489138305575622
2018-01-18,1007439771.3165632,0.0074397713165632595,-0.0021270818247646206
2018-01-19,1008444972.2312969,0.008444972231296921,-0.001131426502534394
2018-01-22,1001682711.532179,0.0016827115321789154,-0.00782947139753798
2018-01-23,1012739921.5942502,0.012739921594250303,0.0
2018-01-24,1014841705.325057,0.01484170532505713,0.0
2018-01-25,1022426403.1362299,0.02242640313622979,0.0
2018-01-26,1027543789.611238,0.027543789611238045,0.0
2018-01-29,1038692381.5746487,0.038692381574648715,0.0
2018-01-30,1027361025.8085593,0.02736102580855926,-0.010909250868781029
2018-01-31,1027132571.0552106,0.027132571055210608,-0.011129195442748485
2018-02-01,1027909317.2165958,0.02790931721659584,-0.010381383891259421
2018-02-02,1011049356.4194707,0.01104935641947069,-0.02661329345005059
2018-02-05,998210199.2812805,-0.0017898007187194809,-0.03897417850701623
2018-02-06,982401130.349559,-0.017598869650440996,-0.05419434302555748
2018-02-07,960195328.324077,-0.03980467167592294,-0.07557295561518496
2018-02-08,963348003.9202874,-0.03665199607971259,-0.07253772049443541
2018-02-09,944660405.0963737,-0.05533959490362628,-0.09052918664496545
2018-02-12,958093544.5932702,-0.04190645540672977,-0.07759644569568458
2018-02-13,960606546.8801044,-0.039393453119895616,-0.07517705538204378
2018-02-14,968054171.8392682,-0.03194582816073177,-0.06800686227070774
2018-02-19,976735452.4665142,-0.023264547533485724,-0.05964896845994805
2018-02-20,966729134.2698464,-0.03327086573015359,-0.0692825407997184
2018-02-21,972212048.3502123,-0.027787951649787646,-0.06400387102450178
2018-02-22,967368807.5792224,-0.03263119242077761,-0.06866669599260988
2018-02-23,976918216.269193,-0.023081783730806937,-0.059473012800774216
2018-02-26,982629585.1029075,-0.017370414897092457,-0.05397439845159013
2018-02-27,982629585.1029075,-0.017370414897092457,-0.05397439845159013
2018-02-28,971389611.2381574,-0.02861038876184263,-0.06479567149078436
2018-03-02,959829800.7187192,-0.04017019928128074,-0.07592486693353284
2018-03-05,950189010.1274092,-0.049810989872590805,-0.08520652795495542
2018-03-06,964581659.5883696,-0.03541834041163039,-0.07135001979501177
2018-03-07,961017765.436132,-0.03898223456386807,-0.07478115514890249
2018-03-08,973582776.8703038,-0.0264172231296963,-0.0626842035806977
2018-03-09,983269258.4122835,-0.01673074158771648,-0.0533585536444815
2018-03-12,993229885.6582816,-0.006770114341718481,-0.043768970219504655
2018-03-13,995423051.2904279,-0.004576948709572037,-0.041657502309418004
2018-03-14,994326468.4743547,-0.0056735315256452035,-0.04271323626446133
2018-03-15,994874759.8823913,-0.00512524011760862,-0.04218536928693972
2018-03-16,996656706.9585103,-0.0033432930414897255,-0.04046980160999425
2018-03-19,989574609.6047043,-0.010425390395295775,-0.04728808340298252
2018-03-20,994098013.7210062,-0.005901986278993854,-0.042933180838428675
2018-03-21,993686795.1649787,-0.006313204835021291,-0.043329081071569964
2018-03-22,998210199.2812805,-0.0017898007187194809,-0.03897417850701623
2018-03-23,965312714.7990851,-0.03468728520091491,-0.07064619715831622
2018-03-26,974770741.5877165,-0.025229258412283517,-0.061540491796067354
2018-03-27,978334635.7399541,-0.02166536426004584,-0.05810935644217663
2018-03-28,967368807.5792224,-0.03263119242077761,-0.06866669599260988
2018-03-29,975958706.305129,-0.024041293694870958,-0.060396780011437
2018-03-30,979705364.2600455,-0.020294635739954492,-0.056789688998372556
2018-04-02,977557889.578569,-0.02244211042143096,-0.05885716799366558
2018-04-03,975593178.6997712,-0.024406821300228865,-0.060748691329785
2018-04-04,964810114.3417183,-0.03518988565828174,-0.07113007522104431
2018-04-05,975593178.6997712,-0.024406821300228865,-0.060748691329785
2018-04-06,970658556.0274421,-0.02934144397255789,-0.06549949412747968
2018-04-09,976918216.269193,-0.023081783730806937,-0.059473012800774216
2018-04-10,981715766.0895132,-0.018284233910486836,-0.054854176747459626
2018-04-11,978745854.2959816,-0.0212541457040184,-0.05771345620903534
2018-04-12,977557889.578569,-0.02244211042143096,-0.05885716799366558
2018-04-13,981304547.5334858,-0.018695452466514273,-0.055250076980600804
2018-04-16,983680476.968311,-0.016319523031689043,-0.05296265341134032
2018-04-17,982401130.349559,-0.017598869650440996,-0.05419434302555748
2018-04-18,989803064.358053,-0.010196935641947014,-0.04706813882901495
2018-04-19,992224684.7435478,-0.007775315256452253,-0.044736726344961064
2018-04-20,991082410.976805,-0.00891758902319506,-0.04583644921479779
2018-04-23,990442737.667429,-0.009557262332571037,-0.046452294021906426
2018-04-24,986970225.4165304,-0.013029774583469655,-0.049795451546210456
2018-04-25,980253655.6680822,-0.019746344331917798,-0.05626182202085073
2018-04-26,991310865.7301534,-0.008689134269846521,-0.04561650464083056
2018-04-27,997890362.6265925,-0.0021096373734075247,-0.039282100910570605
2018-04-30,1006891479.9085265,0.006891479908526454,-0.030616284696256546
2018-05-02,996885161.7118587,-0.0031148382881412973,-0.040249857036027015
2018-05-03,991996229.9901992,-0.008003770009800792,-0.04495667091892841
2018-05-04,986147788.3044757,-0.013852211695524308,-0.05058725201249281
2018-05-08,979933819.0133942,-0.02006618098660573,-0.0565697444244051
2018-05-09,978928618.0986605,-0.021071381901339503,-0.05753750054986151
2018-05-10,984868441.6857235,-0.015131558314276483,-0.05181894162671008
2018-05-11,991767775.2368507,-0.00823222476314922,-0.045176615492895644
2018-05-14,992316066.6448873,-0.007683933355112638,-0.04464874851537404
2018-05-15,985096896.439072,-0.014903103560927944,-0.051598997052742845
2018-05-16,985096896.439072,-0.014903103560927944,-0.051598997052742845
2018-05-17,980527801.3721006,-0.019472198627899395,-0.05599788853208987
2018-05-18,984502914.0803659,-0.015497085919634057,-0.052170852945057744
2018-05-21,987107298.2685395,-0.012892701731460399,-0.04966348480183003
2018-05-23,989757373.4073831,-0.010242626592616877,-0.047112127743808574
2018-05-24,987518516.8245671,-0.012481483175432961,-0.04926758456868863
2018-05-25,984639986.932375,-0.015360013067625022,-0.052038886200677426
2018-05-28,992681594.250245,-0.007318405749755064,-0.04429683719702637
2018-05-29,980939019.9281281,-0.019060980071871847,-0.05560198829894858
2018-05-30,964353204.8350211,-0.03564679516497882,-0.071569964368979
2018-05-31,969973191.7673962,-0.03002680823260384,-0.06615932784938194
2018-06-01,976324233.9104867,-0.023675766089513273,-0.06004486869308934
2018-06-04,979933819.0133942,-0.02006618098660573,-0.0565697444244051
2018-06-05,982126984.6455406,-0.0178730153544594,-0.05445827651431845
2018-06-07,987518516.8245671,-0.012481483175432961,-0.04926758456868863
2018-06-08,981761457.0401828,-0.018238542959817194,-0.054810187832666224
2018-06-11,989117700.0980072,-0.010882299901992742,-0.0477279725509171
2018-06-12,986878843.515191,-0.013121156484809049,-0.04988342937579737
2018-06-14,971161156.4848088,-0.02883884351519117,-0.0650156160647517
2018-06-15,962982476.3149297,-0.037017523685070275,-0.07288963181278318
2018-06-18,951833884.351519,-0.048166115648481056,-0.08362292702239038
2018-06-19,937623998.6932374,-0.062376001306762574,-0.09730347952316021
2018-06-20,946762188.8271806,-0.05323781117281934,-0.08850569656446572
2018-06-21,936390343.0251552,-0.06360965697484477,-0.09849118022258385
2018-06-22,943837967.9843189,-0.05616203201568115,-0.09132098711124792
2018-06-25,944569023.1950341,-0.05543097680496589,-0.09061716447455248
2018-06-26,941781875.2041816,-0.05821812479581845,-0.09330048827695425
2018-06-27,938172290.101274,-0.06182770989872599,-0.09677561254563849
2018-06-28,926018497.2231296,-0.07398150277687032,-0.1084766638807021
2018-06-29,933557504.0836328,-0.0664424959163672,-0.10121849293977914
2018-07-02,911854302.5155178,-0.0881456974844822,-0.1221132274666783
2018-07-03,912448284.8742241,-0.08755171512577598,-0.12154137157436329
2018-07-04,909021463.5739952,-0.09097853642600473,-0.1248405401838738
2018-07-05,906051551.7804638,-0.09394844821953618,-0.1276998196454494
2018-07-06,912448284.8742241,-0.08755171512577598,-0.12154137157436329
2018-07-09,917428598.497223,-0.08257140150277698,-0.11674657986187487
2018-07-10,920626965.0441031,-0.07937303495589687,-0.1136673558263318
2018-07-11,914275922.9010127,-0.08572407709898733,-0.11978181498262441
2018-07-12,917245834.6945443,-0.08275416530545565,-0.11692253552104859
2018-07-13,927023698.1378634,-0.07297630186213655,-0.10750890775524569
2018-07-16,923459803.9856255,-0.07654019601437445,-0.11094004310913652
2018-07-17,919850218.882718,-0.08014978111728199,-0.11441516737782087
2018-07-18,918296726.5599476,-0.08170327344005235,-0.11591079048079889
2018-07-19,913864704.3449852,-0.08613529565501477,-0.12017771521576559
2018-07-20,918525181.3132962,-0.08147481868670381,-0.11569084590683154
2018-07-23,907742116.9552435,-0.09225788304475657,-0.12607222979809074
2018-07-24,915235432.8650767,-0.08476456713492331,-0.11885804777196152
2018-07-25,911854302.5155178,-0.0881456974844822,-0.1221132274666783
2018-07-26,916057869.9771316,-0.08394213002286843,-0.11806624730567894
2018-07-27,920261437.4387455,-0.07973856256125456,-0.11401926714467947
2018-07-30,919484691.2773603,-0.08051530872263968,-0.11476707869616853
2018-07-31,919027781.7706631,-0.08097221822933687,-0.11520696784410323
2018-08-01,925424514.8644233,-0.07457548513557677,-0.10904851977301722
2018-08-02,910300810.1927474,-0.08969918980725267,-0.12360885056965654
2018-08-03,917657053.2505717,-0.08234294674942833,-0.11652663528790741
2018-08-06,917428598.497223,-0.08257140150277698,-0.11674657986187487
2018-08-07,922454603.0708919,-0.07754539692910811,-0.11190779923459282
2018-08-08,923002894.4789284,-0.07699710552107153,-0.11137993225707121
2018-08-09,924419313.9496896,-0.07558068605031032,-0.11001627589847351
2018-08-10,915875106.1744528,-0.08412489382554722,-0.11824220296485277
2018-08-13,900020346.2920613,-0.09997965370793871,-0.13350635639818764
2018-08-14,906417079.3858216,-0.09358292061417839,-0.12734790832710152
2018-08-16,899152218.2293367,-0.10084778177066323,-0.13434214577926362
2018-08-17,901116929.1081346,-0.09888307089186532,-0.1324506224431442
2018-08-20,901847984.31885,-0.09815201568114995,-0.13174679980644877
2018-08-21,910072355.4393989,-0.0899276445606011,-0.12382879514362377
2018-08-22,910849101.6007841,-0.08915089839921597,-0.12308098359213471
2018-08-23,915463887.6184254,-0.08453611238157466,-0.11863810319799406
2018-08-24,918525181.3132962,-0.08147481868670381,-0.11569084590683154
2018-08-27,921860620.7121856,-0.07813937928781434,-0.11247965512690794
2018-08-28,921449402.1561581,-0.07855059784384189,-0.11287555536004923
2018-08-29,925241751.0617445,-0.07475824893825556,-0.10922447543219105
2018-08-30,923688258.7389741,-0.07631174126102591,-0.11072009853516918
2018-08-31,931455720.3528258,-0.06854427964717424,-0.10324198302027898
2018-09-03,924830532.5057169,-0.0751694674942831,-0.10962037566533245
2018-09-04,926246951.9764782,-0.07375304802352178,-0.10825671930673475
2018-09-05,918616563.2146357,-0.0813834367853643,-0.11560286807724451
2018-09-06,916834616.1385168,-0.0831653838614832,-0.11731843575418988
2018-09-07,914458686.7036915,-0.08554131329630854,-0.11960585932345058
2018-09-10,917839817.0532506,-0.08216018294674943,-0.11635067962873347
2018-09-11,915052669.0623978,-0.0849473309376022,-0.11903400343113535
2018-09-12,913681940.5423063,-0.08631805945769366,-0.12035367087493953
2018-09-13,914275922.9010127,-0.08572407709898733,-0.11978181498262441
2018-09-14,927891826.200588,-0.07210817379941203,-0.1066731183741697
2018-09-17,923459803.9856255,-0.07654019601437445,-0.11094004310913652
2018-09-18,926018497.2231296,-0.07398150277687032,-0.1084766638807021
2018-09-19,925881424.3711206,-0.07411857562887947,-0.10860863062508241
2018-09-20,931821247.9581835,-0.06817875204181645,-0.1028900717019311
2018-09-21,937943835.3479254,-0.06205616465207453,-0.09699555711960584
2018-09-27,946579425.0245017,-0.05342057497549835,-0.08868165222363966
2018-09-28,941781875.2041816,-0.05821812479581845,-0.09330048827695425
2018-10-01,939634400.5227051,-0.06036559947729492,-0.09536796727224728
2018-10-02,927434916.6938908,-0.07256508330610922,-0.1071130075221044
2018-10-04,914093159.0983338,-0.08590684090166611,-0.11995777064179824
2018-10-05,911260320.1568115,-0.08873967984318853,-0.12268508335899353
2018-10-08,905503260.3724272,-0.09449673962757277,-0.12822768662297102
2018-10-10,896502143.0904932,-0.10349785690950675,-0.13689350283728507
2018-10-11,857756216.9225743,-0.1422437830774257,-0.17419610258214924
2018-10-12,868996190.7873243,-0.13100380921267574,-0.16337482954295524
2018-10-15,861914093.4335184,-0.13808590656648156,-0.17019311133594328
2018-10-16,859949382.5547206,-0.14005061744527936,-0.1720846346720626
2018-10-17,871235047.3701403,-0.12876495262985965,-0.16121937271807518
2018-10-18,862553766.7428945,-0.13744623325710548,-0.16957726652883465
2018-10-19,864335713.8190134,-0.1356642861809867,-0.16786169885188928
2018-10-22,868767736.0339758,-0.13123226396602417,-0.16359477411692247
2018-10-23,843820476.968311,-0.15617952303168903,-0.18761272159415832
2018-10-24,840576419.4707612,-0.15942358052923877,-0.19073593454449478
2018-10-25,829290754.6553414,-0.1707092453446586,-0.2016011964984823
2018-10-26,815629160.4050964,-0.18437083959490363,-0.2147538820217304
2018-10-29,802333093.760209,-0.197666906239791,-0.22755465622663096
2018-10-30,810511773.9300882,-0.1894882260699119,-0.21968064047859936
2018-10-31,816268833.7144723,-0.18373116628552766,-0.214138037214622
2018-11-01,813892904.2796472,-0.18610709572035278,-0.21642546078388236
2018-11-02,841398856.582816,-0.158601143417184,-0.1899441340782123
2018-11-05,834590904.9330283,-0.16540909506697166,-0.1964984823824396
2018-11-06,837012525.3185233,-0.16298747468147667,-0.1941670698983856
2018-11-07,833631394.9689645,-0.16636860503103557,-0.1974222495931024
2018-11-08,839571218.5560273,-0.16042878144397266,-0.1917036906699513
2018-11-09,838246180.9866058,-0.16175381901339425,-0.19297936919896175
2018-11-12,836372852.0091474,-0.16362714799085254,-0.19478291470549414
2018-11-13,832397739.300882,-0.167602260699118,-0.19860995029252626
2018-11-14,830844246.9781116,-0.16915575302188834,-0.2001055733955044
2018-11-15,838383253.8386148,-0.16161674616138522,-0.19284740245458143
2018-11-16,839799673.3093761,-0.1602003266906239,-0.19148374609598362
2018-11-19,844460150.277687,-0.15553984972231305,-0.18699687678704968
2018-11-20,834362450.1796798,-0.1656375498203202,-0.19671842695640707
2018-11-21,834133995.4263312,-0.16586600457366885,-0.1969383715303744
2018-11-22,831620993.1394968,-0.16837900686050322,-0.19935776184401532
2018-11-23,824675968.6377001,-0.1753240313622999,-0.20604407689262305
2018-11-26,836829761.5158445,-0.16317023848415557,-0.19434302555755945
2018-11-27,841810075.1388435,-0.15818992486115646,-0.1895482338450709
2018-11-28,846836079.7125121,-0.15316392028748782,-0.1847094532177892
2018-11-29,847155916.3672003,-0.15284408363279978,-0.18440153081423472
2018-11-30,842769585.1029074,-0.15723041489709255,-0.18862446663440824
2018-12-03,854192322.7703365,-0.14580767722966348,-0.17762723793604007
2018-12-04,846973152.5645214,-0.15302684743547856,-0.18457748647340866
2018-12-05,844642914.0803658,-0.15535708591963426,-0.18682092112787585
2018-12-06,831438229.336818,-0.168561770663182,-0.19953371750318916
2018-12-07,834133995.4263312,-0.16586600457366885,-0.1969383715303744
2018-12-10,824675968.6377001,-0.1753240313622999,-0.20604407689262305
2018-12-11,826412224.7631493,-0.17358777523685076,-0.2043724981304711
2018-12-12,837606507.6772296,-0.16239349232277034,-0.19359521400607038
2018-12-13,843592022.2149624,-0.15640797778503768,-0.18783266616812566
2018-12-14,831438229.336818,-0.168561770663182,-0.19953371750318916
2018-12-17,832397739.300882,-0.167602260699118,-0.19860995029252626
2018-12-18,828651081.3459653,-0.1713489186540348,-0.20221704130559104
2018-12-19,836053015.3544594,-0.16394698464554058,-0.1950908371090484
2018-12-20,827828644.2339104,-0.17217135576608955,-0.2030088417718735
2018-12-21,828422626.5926169,-0.1715773734073831,-0.20243698587955816
2018-12-24,825955315.2564521,-0.17404468474354795,-0.2048123872784059
2018-12-26,815400705.6517477,-0.18459929434825229,-0.21497382659569797
2018-12-27,828651081.3459653,-0.1713489186540348,-0.20221704130559104
2018-12-28,834133995.4263312,-0.16586600457366885,-0.1969383715303744
2019-01-02,819421509.3106828,-0.1805784906893172,-0.21110280209387233
2019-01-03,815035178.04639,-0.18496482195360997,-0.21532573791404563
2019-01-04,819101672.6559948,-0.18089832734400524,-0.2114107244974266
2019-01-07,831986520.7448546,-0.16801347925514543,-0.19900585052566755
2019-01-08,827463116.6285527,-0.17253688337144735,-0.20336075309022128
2019-01-09,842632512.2508984,-0.1573674877491016,-0.18875643337878856
2019-01-10,843363567.4616138,-0.15663643253838622,-0.188052610742093
2019-01-11,847567134.9232278,-0.15243286507677223,-0.18400563058109343
2019-01-14,842266984.6455407,-0.15773301535445927,-0.18910834469713622
2019-01-15,857253616.4652075,-0.14274638353479252,-0.17467998064487744
2019-01-16,860177837.3080692,-0.13982216269193082,-0.17186469009809524
2019-01-17,857756216.9225743,-0.1422437830774257,-0.17419610258214924
2019-01-18,867762535.1192421,-0.13223746488075794,-0.16456253024237888
2019-01-21,866940098.0071871,-0.13305990199281292,-0.16535433070866146
2019-01-22,862553766.7428945,-0.13744623325710548,-0.16957726652883465
2019-01-23,868996190.7873243,-0.13100380921267574,-0.16337482954295524
2019-01-24,875347232.9304149,-0.12465276706958506,-0.15726037038666252
2019-01-25,888140699.1179352,-0.11185930088206486,-0.1449434742444905
2019-01-28,888734681.4766415,-0.11126531852335841,-0.14437161835217527
2019-01-29,894491741.2610258,-0.10550825873897418,-0.13882901508819778
2019-01-30,897553034.9558966,-0.10244696504410333,-0.13588175779703526
2019-01-31,896913361.6465207,-0.10308663835347931,-0.13649760260414368
2019-02-01,897827180.6599151,-0.10217281934008493,-0.13561782430827418
2019-02-07,897690107.8079059,-0.10230989219209408,-0.13574979105265472
2019-02-08,886358752.0418164,-0.11364124795818364,-0.14665904192143575
2019-02-11,888917445.2793204,-0.11108255472067963,-0.14419566269300144
2019-02-12,893897758.9023194,-0.10610224109768052,-0.1394008709805129
2019-02-13,897827180.6599151,-0.10217281934008493,-0.13561782430827418
2019-02-14,905274805.6190786,-0.09472519438092142,-0.12844763119693836
2019-02-15,893303776.5436132,-0.10669622345638685,-0.13997272687282802
2019-02-18,901847984.31885,-0.09815201568114995,-0.13174679980644877
2019-02-19,898695308.7226397,-0.1013046912773603,-0.1347820349271983
2019-02-20,909478373.0806925,-0.09052162691930743,-0.12440065103593889
2019-02-21,908061953.6099312,-0.09193804639006875,-0.1257643073945367
2019-02-22,908061953.6099312,-0.09193804639006875,-0.1257643073945367
2019-02-25,910300810.1927474,-0.08969918980725267,-0.12360885056965654
2019-02-26,906051551.7804638,-0.09394844821953618,-0.1276998196454494
2019-02-27,909478373.0806925,-0.09052162691930743,-0.12440065103593889
2019-02-28,893486540.346292,-0.10651345965370795,-0.1397967712136542
2019-03-04,891476138.5168245,-0.1085238614831755,-0.1417322834645669
2019-03-05,889100209.0819993,-0.11089979091800073,-0.1440197070338275
2019-03-06,888323462.9206141,-0.11167653707938585,-0.14476751858531645
2019-03-07,880875837.9614503,-0.1191241620385497,-0.1519377116966526
2019-03-08,873382522.0516171,-0.12661747794838285,-0.15915189372278182
2019-03-11,872971303.4955896,-0.1270286965044104,-0.1595477939559231
2019-03-12,878362835.6746161,-0.12163716432538385,-0.1543571020102934
2019-03-13,874342032.0156811,-0.12565796798431883,-0.15822812651211893
2019-03-14,879962018.9480562,-0.12003798105194374,-0.15281748999252176
2019-03-15,887912244.3645867,-0.11208775563541329,-0.14516341881845773
2019-03-18,887683789.6112381,-0.11231621038876183,-0.14538336339242508
2019-03-19,886358752.0418164,-0.11364124795818364,-0.14665904192143575
2019-03-20,887912244.3645867,-0.11208775563541329,-0.14516341881845773
2019-03-21,891293374.7141457,-0.10870662528585429,-0.14190823912374084
2019-03-22,889922646.1940541,-0.11007735380594585,-0.14322790656754503
2019-03-25,874753250.5717086,-0.1252467494282914,-0.15783222627897764
2019-03-26,874753250.5717086,-0.1252467494282914,-0.15783222627897764
2019-03-27,875941215.289121,-0.12405878471087894,-0.1566885144943475
2019-03-28,871006592.6167918,-0.1289934073832082,-0.16143931729204242
2019-03-29,872742848.742241,-0.12725715125775894,-0.15976773852989046
2019-04-01,886130297.2884678,-0.11386970271153218,-0.1468789864954032
2019-04-02,889511427.6380266,-0.1104885723619734,-0.14362380680068632
2019-04-03,898466853.9692911,-0.10153314603070895,-0.13500197950116566
2019-04-04,899380672.9826853,-0.10061932701731469,-0.13412220120529628
2019-04-05,900248801.0454099,-0.09975119895459006,-0.1332864118242203
2019-04-08,900934165.3054557,-0.09906583469454433,-0.13262657810231826
2019-04-09,902670421.4309049,-0.09732957856909519,-0.1309549993401663
2019-04-10,906280006.5338123,-0.09371999346618776,-0.12747987507148206
2019-04-11,905868787.9777851,-0.09413121202221486,-0.12787577530462313
2019-04-12,909706827.8340412,-0.09029317216595878,-0.12418070646197144
2019-04-15,915692342.371774,-0.08430765762822601,-0.1184181586240266
2019-04-16,916469088.5331591,-0.08353091146684088,-0.11767034707253765
2019-04-17,914824214.3090492,-0.08517578569095074,-0.1192539480051027
2019-04-18,901847984.31885,-0.09815201568114995,-0.13174679980644877
2019-04-19,903127330.937602,-0.096872669062398,-0.1305151101922315
2019-04-22,905274805.6190786,-0.09472519438092142,-0.12844763119693836
2019-04-23,905092041.8163999,-0.0949079581836001,-0.1286235868561122
2019-04-24,897141816.3998693,-0.10285818360013066,-0.13627765803017633
2019-04-25,895177105.5210716,-0.10482289447892845,-0.13816918136629563
2019-04-26,887318262.0058805,-0.11268173799411951,-0.14573527471077274
2019-04-29,904406677.5563542,-0.09559332244364582,-0.12928342057801423
2019-04-30,900568637.700098,-0.09943136229990202,-0.13297848942066592
2019-05-02,902807494.282914,-0.09719250571708593,-0.13082303259578587
2019-05-03,897553034.9558966,-0.10244696504410333,-0.13588175779703526
2019-05-07,888597608.6246325,-0.11140239137536756,-0.1445035850965556
2019-05-08,884713877.8177066,-0.1152861221822934,-0.1482426428540008
2019-05-09,858989872.5906565,-0.1410101274093435,-0.1730084018827256
2019-05-10,860817510.6174453,-0.13918248938255462,-0.1712488452909865
2019-05-13,849212009.1473374,-0.1507879908526626,-0.1824220296485285
2019-05-14,850628428.6180985,-0.1493715713819015,-0.18105837328993102
2019-05-15,854512159.4250245,-0.14548784057497544,-0.1773193155324857
2019-05-16,845054132.6363933,-0.15494586736360672,-0.18642502089473445
2019-05-17,838017726.233257,-0.1619822737667429,-0.1931993137729292
2019-05-20,837560816.7265599,-0.1624391832734401,-0.193639202920864
2019-05-21,842084220.8428617,-0.1579157791571384,-0.18928430035631028
2019-05-22,841261783.730807,-0.15873821626919304,-0.19007610082259263
2019-05-23,841627311.3361646,-0.15837268866383536,-0.18972418950424497
2019-05-24,835550414.8970925,-0.16444958510290753,-0.1955747151717766
2019-05-27,835321960.1437438,-0.1646780398562563,-0.19579465974574417
2019-05-28,837332361.9732113,-0.16266763802678874,-0.19385914749483135
2019-05-29,824767350.5390395,-0.1752326494609605,-0.20595609906303614
2019-05-30,832900339.7582489,-0.16709966024175105,-0.19812607222979806
2019-05-31,835139196.3410649,-0.16486080365893507,-0.195970615404918
2019-06-03,843454949.3629531,-0.15654505063704693,-0.1879646329125062
2019-06-04,844734295.9817052,-0.15526570401829476,-0.18673294329828893
2019-06-05,844140313.622999,-0.1558596863770011,-0.18730479919060394
2019-06-07,845465351.1924207,-0.15453464880757928,-0.18602912066159327
2019-06-10,855151832.7344004,-0.14484816726559957,-0.1767034707253773
2019-06-11,861777020.5815094,-0.1382229794184906,-0.1703250780803237
2019-06-12,859218327.3440051,-0.14078167265599484,-0.17278845730875825
2019-06-13,857207925.5145377,-0.14279207448546227,-0.17472396955967096
2019-06-14,853826795.1649787,-0.14617320483502128,-0.17797914925438785
2019-06-17,853415576.6089513,-0.1465844233910487,-0.17837504948752914
2019-06-18,855151832.7344004,-0.14484816726559957,-0.1767034707253773
2019-06-19,865843515.191114,-0.1341564848088861,-0.16641006466370478
2019-06-20,870823828.8141131,-0.12917617118588687,-0.16161527295121614
2019-06-21,867762535.1192421,-0.13223746488075794,-0.16456253024237888
2019-06-24,866757334.2045083,-0.1332426657954917,-0.1655302863678353
2019-06-25,864244331.917674,-0.1357556680823261,-0.1679496766814762
2019-06-26,866300424.6978112,-0.1336995753021888,-0.16597017551576987
2019-06-27,873473903.9529566,-0.12652609604704346,-0.1590639158931949
2019-06-28,873291140.1502776,-0.12670885984972236,-0.15923987155236885
2019-07-01,872377321.1368834,-0.12762267886311662,-0.16011964984823823
2019-07-02,867534080.3658935,-0.13246591963410648,-0.16478247481634622
2019-07-03,856979470.7611891,-0.14302052923881092,-0.1749439141336383
2019-07-04,862005475.3348577,-0.13799452466514228,-0.17010513350635648
2019-07-05,862873603.3975825,-0.13712639660241743,-0.16926934412528039
2019-07-08,844551532.1790264,-0.15544846782097366,-0.18690889895746277
2019-07-09,838566017.6412936,-0.16143398235870632,-0.1926714467954076
2019-07-10,843454949.3629531,-0.15654505063704693,-0.1879646329125062
2019-07-11,852912976.1515844,-0.14708702384841565,-0.17885892755025734
2019-07-12,854969068.9317216,-0.14503093106827847,-0.17687942638455112
2019-07-15,851222410.9768049,-0.14877758902319516,-0.1804865173976159
2019-07-16,854969068.9317216,-0.14503093106827847,-0.17687942638455112
2019-07-17,847932662.5285854,-0.15206733747141454,-0.18365371926274576
2019-07-18,846150715.4524665,-0.15384928454753355,-0.18536928693969112
2019-07-19,856751016.0078405,-0.14324898399215946,-0.17516385870760565
2019-07-22,857390689.3172165,-0.14260931068278349,-0.17454801390049712
2019-07-23,860223528.258739,-0.13977647174126095,-0.17182070118330173
2019-07-24,852456066.6448872,-0.14754393335511284,-0.17929881669819203
2019-07-25,849988755.3087226,-0.15001124469127736,-0.18167421809703954
2019-07-26,846607624.9591635,-0.15339237504083647,-0.18492939779175654
2019-07-29,832032211.6955243,-0.16796778830447567,-0.19896186161087404
2019-07-30,835550414.8970925,-0.16444958510290753,-0.1955747151717766
2019-07-31,827006207.1218556,-0.17299379287814443,-0.20380064223815597
2019-08-01,827006207.1218556,-0.17299379287814443,-0.20380064223815597
2019-08-02,817182652.7278666,-0.1828173472721334,-0.2132582589187525
2019-08-05,798266599.1506044,-0.20173340084939562,-0.2314696696432499
2019-08-06,785930042.4697809,-0.21406995753021907,-0.24334667663748744
2019-08-07,782731675.922901,-0.21726832407709895,-0.24642590067303027
2019-08-08,785016223.4563868,-0.21498377654361323,-0.2442264549333567
2019-08-09,794976850.7023847,-0.20502314929761534,-0.23463687150837997
2019-08-12,796758797.7785038,-0.20324120222149622,-0.2329213038314344
2019-08-13,787574916.6938909,-0.2124250833061091,-0.24176307570492228
2019-08-14,794519941.1956877,-0.2054800588043123,-0.23507676065631455
2019-08-16,789265481.8686703,-0.2107345181313297,-0.24013548585756384
2019-08-19,795570833.0610911,-0.2044291669389089,-0.23406501561606474
2019-08-20,803703822.2803004,-0.19629617771969965,-0.22623498878282688
2019-08-21,804526259.3923554,-0.19547374060764455,-0.2254431883165442
2019-08-22,798266599.1506044,-0.20173340084939562,-0.2314696696432499
2019-08-23,798632126.7559621,-0.20136787324403782,-0.231117758324902
2019-08-26,785016223.4563868,-0.21498377654361323,-0.2442264549333567
2019-08-27,788397353.8059458,-0.21160264619405422,-0.24097127523863981
2019-08-28,794748395.9490364,-0.20525160405096365,-0.2348568160823471
2019-08-29,790864665.1421103,-0.2091353348578896,-0.23859587383979242
2019-08-30,806582352.1724926,-0.19341764782750737,-0.22346368715083798
2019-09-02,804709023.1950343,-0.19529097680496577,-0.22526723265737036
2019-09-03,804343495.5896765,-0.19565650441032345,-0.22561914397571814
2019-09-04,813481685.7236197,-0.18651831427638033,-0.21682136101702365
2019-09-05,820837928.781444,-0.1791620712185561,-0.20973914573527463
2019-09-06,823122476.3149298,-0.17687752368507015,-0.20753969999560096
2019-09-09,827371734.7272133,-0.17262826527278674,-0.2034487309198082
2019-09-10,831438229.336818,-0.168561770663182,-0.19953371750318916
2019-09-11,838977236.197321,-0.161022763802679,-0.1922755465622663
2019-09-16,844140313.622999,-0.1558596863770011,-0.18730479919060394
2019-09-17,844871368.8337144,-0.1551286311662856,-0.1866009765539085
2019-09-18,846607624.9591635,-0.15339237504083647,-0.18492939779175654
2019-09-19,852456066.6448872,-0.14754393335511284,-0.17929881669819203
2019-09-20,854969068.9317216,-0.14503093106827847,-0.17687942638455112
2019-09-23,857207925.5145377,-0.14279207448546227,-0.17472396955967096
2019-09-24,859218327.3440051,-0.14078167265599484,-0.17278845730875825
2019-09-25,847521443.9725579,-0.1524785560274421,-0.18404961949588705
2019-09-26,850217210.0620712,-0.14978278993792882,-0.1814542735230722
2019-09-27,839571218.5560273,-0.16042878144397266,-0.1917036906699513
2019-09-30,847110225.4165305,-0.15288977458346953,-0.18444551972902823
2019-10-01,849577536.7526951,-0.1504224632473049,-0.18207011833018083
2019-10-02,833311558.3142763,-0.1666884416857236,-0.19773017199665688
2019-10-04,829427827.5073504,-0.17057217249264955,-0.20146922975410197
2019-10-07,829976118.9153872,-0.17002388108461286,-0.20094136277658026
2019-10-08,838977236.197321,-0.161022763802679,-0.1922755465622663
2019-10-10,833494322.1169552,-0.16650567788304482,-0.19755421633748294
2019-10-11,839205690.9506696,-0.16079430904933034,-0.19205560198829896
2019-10-14,848983554.3939888,-0.15101644560601113,-0.18264197422249595
2019-10-15,848846481.5419798,-0.15115351845802016,-0.18277394096687627
2019-10-16,854512159.4250245,-0.14548784057497544,-0.1773193155324857
2019-10-17,851405174.7794837,-0.14859482522051637,-0.18031056173844195
2019-10-18,845922260.6991179,-0.1540777393008821,-0.18558923151365858
2019-10-21,847521443.9725579,-0.1524785560274421,-0.18404961949588705
2019-10-22,856522561.2544919,-0.1434774387455081,-0.1753838032815731
2019-10-23,853598340.41163,-0.14640165958836993,-0.1781990938283553
2019-10-24,855334596.5370793,-0.14466540346292067,-0.17652751506620334
2019-10-25,856979470.7611891,-0.14302052923881092,-0.1749439141336383
2019-10-28,858989872.5906565,-0.1410101274093435,-0.1730084018827256
2019-10-29,857390689.3172165,-0.14260931068278349,-0.17454801390049712
2019-10-30,852684521.3982358,-0.1473154786017642,-0.1790788721242247
2019-10-31,855700124.1424371,-0.14429987585756288,-0.17617560374785546
2019-11-01,862005475.3348577,-0.13799452466514228,-0.17010513350635648
2019-11-04,873062685.3969291,-0.1269373146030709,-0.15945981612633608
2019-11-05,879368036.5893499,-0.12063196341065019,-0.153389345884837
2019-11-06,878956818.0333225,-0.12104318196667752,-0.15378524611797817
2019-11-07,879779255.1453772,-0.12022074485462286,-0.15299344565169593
2019-11-08,876123979.0918,-0.12387602090820005,-0.15651255883517357
2019-11-11,871235047.3701403,-0.12876495262985965,-0.16121937271807518
2019-11-12,878134380.9212674,-0.12186561907873261,-0.15457704658426086
2019-11-13,871052283.5674615,-0.12894771643253855,-0.16139532837724901
2019-11-14,876900725.2531852,-0.12309927474681481,-0.1557647472836845
2019-11-15,887318262.0058805,-0.11268173799411951,-0.14573527471077274
2019-11-18,885856151.5844494,-0.11414384841555059,-0.14714291998416407
2019-11-19,882612094.0868996,-0.11738790591310033,-0.15026613293450053
2019-11-20,872240248.2848741,-0.12775975171512588,-0.16025161659261877
2019-11-21,858989872.5906565,-0.1410101274093435,-0.1730084018827256
2019-11-22,862416693.8908852,-0.13758330610911473,-0.1697092332732152
2019-11-25,871829029.7288467,-0.12817097027115332,-0.16064751682575995
2019-11-26,870823828.8141131,-0.12917617118588687,-0.16161527295121614
2019-11-27,874067886.3116629,-0.12593211368833712,-0.15849206000087968
2019-11-28,869772936.9487095,-0.1302270630512905,-0.16262701799146617
2019-11-29,857710525.9719045,-0.14228947402809544,-0.17424009149694275
2019-12-02,858350199.2812806,-0.14164980071871935,-0.17362424668983412
2019-12-03,855837196.9944462,-0.14416280300555384,-0.17604363700347514
2019-12-04,849394772.9500163,-0.1506052270499837,-0.18224607398935466
2019-12-05,846379170.2058151,-0.1536208297941849,-0.18514934236572378
2019-12-06,854969068.9317216,-0.14503093106827847,-0.17687942638455112
2019-12-09,856979470.7611891,-0.14302052923881092,-0.1749439141336383
2019-12-10,861457183.9268214,-0.13854281607317864,-0.17063300048387797
2019-12-11,864472786.6710224,-0.13552721332897755,-0.16772973210750897
2019-12-12,877723162.3652401,-0.12227683763475994,-0.15497294681740192
2019-12-13,889328663.8353479,-0.11067133616465208,-0.14379976245986004
2019-12-16,890151100.9474027,-0.10984889905259732,-0.14300796199357768
2019-12-17,899700509.6373733,-0.10029949036262664,-0.13381427880174201
2019-12-18,899883273.4400523,-0.10011672655994774,-0.13363832314256796
2019-12-19,900340182.9467494,-0.09965981705325055,-0.13319843399463327
2019-12-20,904635132.3097025,-0.0953648676902975,-0.1290634760040471
2019-12-23,904863587.0630513,-0.09513641293694863,-0.12884353143007954
2019-12-24,898284090.1666121,-0.10171590983338785,-0.1351779351603396
2019-12-26,901985057.1708591,-0.09801494282914092,-0.13161483306206845
2019-12-27,916469088.5331591,-0.08353091146684088,-0.11767034707253765
2019-12-30,915692342.371774,-0.08430765762822601,-0.1184181586240266
2020-01-02,906645534.1391702,-0.09335446586082985,-0.12712796375313418
2020-01-03,906417079.3858216,-0.09358292061417839,-0.12734790832710152
2020-01-06,897872871.6105846,-0.1021271283894154,-0.1355738353934809
2020-01-07,905046350.86573,-0.09495364913426996,-0.12866757577090582
2020-01-08,895496942.1757594,-0.10450305782424052,-0.13786125896274148
2020-01-09,908701626.9193074,-0.09129837308069266,-0.12514846258742796
2020-01-10,919347618.4253511,-0.08065238157464882,-0.11489904544054896
2020-01-13,927252152.891212,-0.07274784710878801,-0.10728896318127834
2020-01-14,929719464.2273767,-0.07028053577262328,-0.10491356178243072
2020-01-15,929125481.8686703,-0.07087451813132961,-0.10548541767474595
2020-01-16,934654086.8997059,-0.06534591310029414,-0.10016275898473592
2020-01-17,936207579.2224764,-0.06379242077752367,-0.09866713588175768
2020-01-20,941964639.0068605,-0.05803536099313955,-0.09312453261778031
2020-01-21,933009212.6755961,-0.06699078732440389,-0.10174635991730085
2020-01-22,944569023.1950341,-0.05543097680496589,-0.09061716447455248
2020-01-23,936207579.2224764,-0.06379242077752367,-0.09866713588175768
2020-01-28,905274805.6190786,-0.09472519438092142,-0.12844763119693836
2020-01-29,909341300.2286834,-0.09065869977131669,-0.12453261778031943
2020-01-30,894902959.8170531,-0.10509704018294697,-0.1384331148550566
2020-01-31,884074204.5083306,-0.11592579549166937,-0.14885848766110932
2020-02-03,883023312.642927,-0.1169766873570729,-0.14987023270135924
2020-02-04,898512544.9199607,-0.10148745508003931,-0.13495799058637226
2020-02-05,901985057.1708591,-0.09801494282914092,-0.13161483306206845
2020-02-06,925652969.6177719,-0.07434703038222812,-0.10882857519904987
2020-02-07,921586475.0081671,-0.07841352499183285,-0.11274358861566891
2020-02-10,915235432.8650767,-0.08476456713492331,-0.11885804777196152
2020-02-11,924419313.9496896,-0.07558068605031032,-0.11001627589847351
2020-02-12,932597994.1195687,-0.06740200588043133,-0.10214226015044214
2020-02-13,928714263.3126429,-0.07128573668735705,-0.10588131790788713
2020-02-14,933785958.8369812,-0.06621404116301888,-0.1009985483658119
2020-02-17,934425632.1463573,-0.06557436785364268,-0.10038270355870327
2020-02-18,920581274.0934335,-0.07941872590656651,-0.11371134474112521
2020-02-19,919758836.9813786,-0.0802411630186215,-0.11450314520740779
2020-02-20,915052669.0623978,-0.0849473309376022,-0.11903400343113535
2020-02-21,901619529.5655015,-0.0983804704344986,-0.1319667443804161
2020-02-24,867351316.5632145,-0.1326486834367855,-0.16495843047552017
2020-02-25,877129180.0065336,-0.12287081999346638,-0.15554480270971727
2020-02-26,865706442.3391049,-0.13429355766089512,-0.1665420314080851
2020-02-27,857207925.5145377,-0.14279207448546227,-0.17472396955967096
2020-02-28,829016608.9513232,-0.17098339104867688,-0.20186512998724315
2020-03-02,835139196.3410649,-0.16486080365893507,-0.195970615404918
2020-03-03,838566017.6412936,-0.16143398235870632,-0.1926714467954076
2020-03-04,858350199.2812806,-0.14164980071871935,-0.17362424668983412
2020-03-05,867534080.3658935,-0.13246591963410648,-0.16478247481634622
2020-03-06,851039647.174126,-0.14896035282587394,-0.18066247305678973
2020-03-09,815948997.0597844,-0.1840510029402156,-0.21444595961817614
2020-03-10,819238745.5080038,-0.1807612544919962,-0.21127875775304628
2020-03-11,796119124.4691278,-0.2038808755308722,-0.23353714863854302
2020-03-12,766420006.5338124,-0.23357999346618763,-0.26212994325429995
2020-03-13,740102018.9480561,-0.25989798105194395,-0.28746755817533987
2020-03-16,716891016.0078405,-0.28310898399215945,-0.30981392689042364
2020-03-17,698888781.4439725,-0.3011112185560275,-0.32714555931905165
2020-03-18,665671460.3070891,-0.3343285396929109,-0.3591255003739058
2020-03-19,610019882.3913753,-0.3899801176086247,-0.41270399859235474
2020-03-20,654614250.2450179,-0.34538574975498215,-0.36977081775392606
2020-03-23,620802946.7494283,-0.37919705325057174,-0.4023226147010953
2020-03-24,672844939.5622345,-0.32715506043776543,-0.3522192407513307
2020-03-25,709671845.8020254,-0.29032815419797453,-0.3167641754277922
2020-03-26,700396582.8160732,-0.2996034171839268,-0.3256939251308669
2020-03-27,717210852.6625285,-0.2827891473374715,-0.3095060044868694
2020-03-30,719129872.5906566,-0.28087012740934336,-0.3076584700655435
2020-03-31,734801868.670369,-0.265198131329631,-0.29257027229138266
2020-04-01,706245024.5017967,-0.2937549754982033,-0.32006334403730263
2020-04-02,722008402.4828488,-0.2779915975171512,-0.3048871684335547
2020-04-03,718901417.8373079,-0.2810985821626921,-0.30787841463951093
2020-04-06,749331590.9833387,-0.2506684090166613,-0.27858179738705846
2020-04-07,762536275.7268866,-0.23746372427311335,-0.26586900101174504
2020-04-08,750473864.7500818,-0.24952613524991818,-0.2774820745172215
2020-04-09,768293335.5112708,-0.23170666448872923,-0.26032639774776756
2020-04-10,776974616.1385169,-0.22302538386148307,-0.25196850393700776
2020-04-13,763952695.1976477,-0.23604730480235236,-0.26450534465314746
2020-04-14,776654779.4838288,-0.22334522051617123,-0.25227642634056213
2020-04-16,776654779.4838288,-0.22334522051617123,-0.25227642634056213
2020-04-17,799865782.4240445,-0.2001342175759555,-0.22993005762547825
2020-04-20,793925958.8369813,-0.20607404116301875,-0.23564861654862979
2020-04-21,785473132.9630839,-0.21452686703691615,-0.24378656578542213
2020-04-22,790636210.3887619,-0.20936378961123814,-0.23881581841375965
2020-04-23,799408872.9173472,-0.2005911270826528,-0.23036994677341316
2020-04-24,789722391.3753675,-0.21027760862463252,-0.23969559670962914
2020-04-27,803521058.4776217,-0.19647894152237833,-0.2264109444420006
2020-04-28,808090153.5445932,-0.19190984645540676,-0.22201205296265336
2020-04-29,814121359.0329957,-0.18587864096700435,-0.21620551620991513
2020-05-04,792509539.3662201,-0.20749046063377985,-0.23701227290722737
2020-05-06,805805606.0111074,-0.1941943939888926,-0.22421149870232704
2020-05-07,806034060.764456,-0.19396593923554395,-0.22399155412835958
2020-05-08,813070467.1675922,-0.18692953283240787,-0.21721726125016505
2020-05-11,808958281.6073178,-0.19104171839268225,-0.2211762635815775
2020-05-12,802927076.1189152,-0.19707292388108477,-0.22698280033431584
2020-05-13,810374701.078079,-0.18962529892192104,-0.2198126072229798
2020-05-14,804343495.5896765,-0.19565650441032345,-0.22561914397571814
2020-05-15,806034060.764456,-0.19396593923554395,-0.22399155412835958
2020-05-18,809552263.9660242,-0.1904477360339758,-0.22060440768926226
2020-05-19,825315641.947076,-0.17468435805292404,-0.20542823208551453
2020-05-20,829107990.8526626,-0.1708920091473375,-0.20177715215765624
2020-05-21,834225377.3276706,-0.16577462267232945,-0.1968503937007875
2020-05-22,822848330.6109114,-0.17715166938908866,-0.20780363348436193
2020-05-25,833448631.1662854,-0.16655136883371457,-0.19759820525227645
2020-05-26,847978353.479255,-0.152021646520745,-0.18360973034795247
2020-05-27,845693805.9457693,-0.15430619405423074,-0.18580917608762593
2020-05-28,846150715.4524665,-0.15384928454753355,-0.18536928693969112
2020-05-29,849074936.2953283,-0.15092506370467174,-0.18255399639290903
2020-06-01,859446782.0973539,-0.14055321790264608,-0.17256851273479068
2020-06-02,869453100.2940216,-0.13054689970597844,-0.16293494039502032
2020-06-03,896867670.695851,-0.10313232930414906,-0.1365415915189372
2020-06-04,896227997.386475,-0.10377200261352504,-0.13715743632604582
2020-06-05,908930081.6726558,-0.09106991832734412,-0.12492851801346072
2020-06-08,912219830.1208755,-0.08778016987912451,-0.12176131614833063
2020-06-09,911443083.9594903,-0.08855691604050975,-0.1225091276998197
2020-06-10,914504377.6543614,-0.08549562234563868,-0.11956187040865696
2020-06-11,906599843.1885004,-0.0934001568114996,-0.1271719526679277
2020-06-12,888140699.1179352,-0.11185930088206486,-0.1449434742444905
2020-06-15,848435262.9859524,-0.1515647370140476,-0.18316984120001745
2020-06-16,893166703.691604,-0.106833296308396,-0.14010469361720845
2020-06-17,892527030.382228,-0.10747296961777197,-0.14072053842431698
2020-06-18,892070120.8755308,-0.10792987912446916,-0.14116042757225178
2020-06-19,894811577.9157137,-0.10518842208428636,-0.13852109268464352
2020-06-22,888369153.8712838,-0.11163084612871621,-0.14472352967052304
2020-06-23,887912244.3645867,-0.11208775563541329,-0.14516341881845773
2020-06-24,903355785.6909506,-0.09664421430904935,-0.13029516561826415
2020-06-25,881926729.826854,-0.11807327017314606,-0.15092596665640245
2020-06-26,890196791.8980725,-0.10980320810192756,-0.14296397307878417
2020-06-29,875849833.3877817,-0.12415016661221823,-0.1567764923239343
2020-06-30,882931930.7415876,-0.1170680692584124,-0.14995821053094627
2020-07-01,880830147.0107808,-0.11916985298921923,-0.1519817006114459
2020-07-02,891430447.5661548,-0.10856955243384514,-0.1417762723793603
2020-07-03,898740999.6733093,-0.10125900032669066,-0.1347380460124049
2020-07-06,908518863.1166285,-0.09148113688337145,-0.1253244182466018
2020-07-07,900157419.1440705,-0.09984258085592945,-0.1333743896538072
2020-07-08,896684906.893172,-0.10331509310682796,-0.13671754717811124
2020-07-09,901025547.2067951,-0.09897445279320494,-0.13253860027273123
2020-07-10,895268487.422411,-0.10473151257758906,-0.13808120353670872
2020-07-13,908290408.3632799,-0.0917095916367201,-0.12554436282056924
2020-07-14,909569754.982032,-0.09043024501796804,-0.12431267320635198
2020-07-15,914321613.8516824,-0.08567838614831758,-0.1197378260678309
2020-07-16,909112845.4753349,-0.09088715452466511,-0.12475256235428667
2020-07-17,913910395.295655,-0.08608960470434501,-0.12013372630097208
2020-07-20,914732832.4077098,-0.08526716759229014,-0.11934192583468961
2020-07-21,926978007.1871938,-0.0730219928128063,-0.10755289667003909
2020-07-22,927434916.6938908,-0.07256508330610922,-0.1071130075221044
2020-07-23,922820130.6762495,-0.07717986932375054,-0.11155588791624516
2020-07-24,914961287.1610584,-0.0850387128389416,-0.11912198126072227
2020-07-27,923048585.4295981,-0.07695141457040189,-0.11133594334227781
2020-07-28,940091310.0294021,-0.05990868997059784,-0.09492807812431259
2020-07-29,942147402.8095393,-0.05785259719046065,-0.09294857695860637
2020-07-30,943837967.9843189,-0.05616203201568115,-0.09132098711124792
2020-07-31,937258471.0878798,-0.06274152891212026,-0.09765539084150787
2020-08-03,937441234.8905586,-0.06255876510944136,-0.09747943518233404
2020-08-04,948041535.4459326,-0.051958464554067385,-0.08727400695024856
2020-08-05,960103946.4227376,-0.03989605357726245,-0.07566093344477187
2020-08-06,971709447.8928454,-0.028290552107154587,-0.06448774908722998
2020-08-07,977740653.3812478,-0.022259346618752285,-0.05868121233449186
2020-08-10,992316066.6448873,-0.007683933355112638,-0.04464874851537404
2020-08-11,1007485462.2672328,0.007485462267232679,-0.030044428803941536
2020-08-12,1009952773.6033976,0.009952773603397524,-0.027669027405093805
2020-08-13,1011643338.7781769,0.011643338778176915,-0.02604143755773558
2020-08-14,1002505148.6442337,0.00250514864423379,-0.03483922051642996
2020-08-18,977969108.1345965,-0.022030891865403524,-0.058461267760524405
2020-08-19,980436419.4707612,-0.01956358052923879,-0.056085866361676784
2020-08-20,946762188.8271806,-0.05323781117281934,-0.08850569656446572
2020-08-21,959464273.1133616,-0.040535726886638423,-0.0762767782518805
2020-08-24,966729134.2698464,-0.03327086573015359,-0.0692825407997184
2020-08-25,985005514.5377326,-0.014994485462267448,-0.05168697488232976
2020-08-26,982949421.7575954,-0.017050578242404635,-0.05366647604803598
2020-08-27,976278542.9598169,-0.023721457040183025,-0.06008885760788285
2020-08-28,978563090.4933028,-0.021436909506697188,-0.05788941186820917
2020-08-31,968785227.0499837,-0.03121477295001629,-0.06730303963401207
2020-09-01,978563090.4933028,-0.021436909506697188,-0.05788941186820917
2020-09-02,984365841.2283567,-0.015634158771643314,-0.052302819689438174
2020-09-03,996473943.1558313,-0.0035260568441686235,-0.04064575726916819
2020-09-04,985873642.6004573,-0.01412635739954271,-0.05085118550125367
2020-09-07,992316066.6448873,-0.007683933355112638,-0.04464874851537404
2020-09-08,998758490.6893171,-0.0012415093106828978,-0.038446311529494626
2020-09-09,988295262.9859523,-0.011704737014047728,-0.048519773017199674
2020-09-10,997707598.8239137,-0.0022924011760863117,-0.03945805656974444
2020-09-11,994006631.8196667,-0.005993368180333247,-0.04302115866801559
2020-09-14,1007485462.2672328,0.007485462267232679,-0.030044428803941536
2020-09-15,1017217634.7598823,0.01721763475988225,-0.020674789952931816
2020-09-16,1013745122.5089839,0.013745122508983743,-0.024017947477235846
2020-09-17,1001408565.8281606,0.001408565828160624,-0.03589495447147317
2020-09-18,1000631819.6667755,0.0006318196667753906,-0.036642766022962237
2020-09-21,994554923.2277033,-0.005445076772296664,-0.042493291690493984
2020-09-22,968556772.296635,-0.03144322770336494,-0.06752298420797953
2020-09-23,968191244.6912773,-0.031808755308722736,-0.06787489552632742
2020-09-24,946305279.3204834,-0.05369472067951653,-0.08894558571240052
2020-09-25,948041535.4459326,-0.051958464554067385,-0.08727400695024856
2020-09-28,961977275.400196,-0.03802272459980405,-0.0738573879382396
2020-09-29,970887010.7807904,-0.029112989219209573,-0.06527954955351256
2020-10-05,983177876.5109441,-0.016822123489055874,-0.053446531474068526
2020-10-06,982720967.004247,-0.017279032995753063,-0.05388642062200322
2020-10-07,993321267.5596211,-0.006678732440378865,-0.04368099238991763
2020-10-08,994006631.8196667,-0.005993368180333247,-0.04302115866801559
2020-10-12,998530035.9359686,-0.001469964064031326,-0.03866625610346186
2020-10-13,998758490.6893171,-0.0012415093106828978,-0.038446311529494626
2020-10-14,992316066.6448873,-0.007683933355112638,-0.04464874851537404
2020-10-15,982492512.2508984,-0.017507487749101602,-0.05410636519597056
2020-10-16,977557889.578569,-0.02244211042143096,-0.05885716799366558
2020-10-19,979613982.3587061,-0.020386017641293885,-0.05687766682795947
2020-10-20,983589095.0669715,-0.016410904933028436,-0.05305063124092724
2020-10-21,988980627.2459979,-0.01101937275400211,-0.04785993929529764
2020-10-22,979796746.161385,-0.020203253838614987,-0.05670171116878553
2020-10-23,984594295.9817053,-0.015405704018294664,-0.05208287511547083
2020-10-26,978197562.887945,-0.021802437112054984,-0.05824132318655695
2020-10-27,972166357.3995426,-0.027833642600457398,-0.06404785993929529
2020-10-28,978197562.887945,-0.021802437112054984,-0.05824132318655695
2020-10-29,970430101.2740934,-0.02956989872590665,-0.06571943870144725
2020-10-30,946076824.5671349,-0.05392317543286518,-0.08916553028636787
2020-11-02,959235818.360013,-0.04076418163998696,-0.07649672282584785
2020-11-03,977100980.0718719,-0.02289901992812815,-0.05929705714160027
2020-11-04,982949421.7575954,-0.017050578242404635,-0.05366647604803598
2020-11-05,1003281894.8056189,0.0032818948056188013,-0.034091408964941006
2020-11-06,1006023351.845802,0.006023351845801939,-0.031452074077332526
2020-11-09,1019136654.6880103,0.01913665468801029,-0.018827255531606135
2020-11-10,1020370310.3560927,0.020370310356092602,-0.01763955483218227
2020-11-11,1033255158.4449526,0.033255158444952526,-0.005234680860423113
2020-11-12,1032615485.1355765,0.03261548513557644,-0.005850525667531858
2020-11-13,1037641489.7092452,0.03764148970924519,-0.0010117450402499228
2020-11-16,1060441274.0934335,0.06044127409343347,0.0
2020-11-17,1059481764.1293695,0.05948176412936945,-0.0009048214054891979
2020-11-18,1058385181.3132962,0.058385181313296286,-0.0019389030117628048
2020-11-19,1061080947.4028094,0.06108094740280934,0.0
2020-11-20,1064827605.3577261,0.06482760535772614,0.0
2020-11-23,1083560895.1323094,0.08356089513230947,0.0
2020-11-24,1090642992.4861155,0.0906429924861154,0.0
2020-11-25,1083332440.378961,0.08333244037896104,-0.006702974444909748
2020-11-26,1092790467.167592,0.0927904671675921,0.0
2020-11-27,1098136308.395949,0.09813630839594878,0.0
2020-11-30,1081733257.105521,0.08173325710552093,-0.014937172339186122
2020-12-01,1098319072.198628,0.09831907219862801,0.0
2020-12-02,1116001470.1078079,0.11600147010780781,0.0
2020-12-03,1121027474.6814766,0.12102747468147657,0.0
2020-12-04,1138070199.2812805,0.1380701992812805,0.0
2020-12-07,1145517824.2404442,0.14551782424044424,0.0
2020-12-08,1126601770.6631818,0.12660177066318168,-0.016513102788081935
2020-12-09,1149675700.7513883,0.14967570075138825,0.0
2020-12-10,1142822058.1509311,0.14282205815093119,-0.0059613703203241775
2020-12-11,1153833577.2623324,0.1538335772623325,0.0
2020-12-14,1151777484.4821951,0.15177748448219508,-0.0017819664990299522
2020-12-15,1148853263.6393335,0.14885326363933338,-0.004316318853205492
2020-12-16,1154290486.7690296,0.15429048676902957,0.0
2020-12-17,1155889670.04247,0.1558896700424699,0.0
2020-12-18,1154747396.2757268,0.15474739627572687,-0.0009882204126810956
2020-12-21,1157031943.8092127,0.1570319438092127,0.0
2020-12-22,1139121091.146684,0.13912109114668403,-0.01547999842040848
2020-12-23,1149081718.392682,0.14908171839268203,-0.006871223788650682
2020-12-24,1168226226.7232928,0.1682262267232928,0.0
2020-12-28,1169459882.3913753,0.16945988239137533,0.0
2020-12-29,1188969918.327344,0.1889699183273439,0.0
2020-12-30,1216658634.4331918,0.21665863443319178,0.0
2021-01-04,1241194674.9428291,0.2411946749428291,0.0
2021-01-05,1261572838.9415224,0.2615728389415224,0.0
2021-01-06,1255541633.4531198,0.25554163345311975,-0.004780703342870729
2021-01-07,1281905311.9895458,0.2819053119895458,0.0
2021-01-08,1328692845.4753346,0.3286928454753346,0.0
2021-01-11,1332302430.5782423,0.33230243057824227,0.0
2021-01-12,1322067657.628226,0.322067657628226,-0.0076820192736375414
2021-01-13,1331160156.8114994,0.33116015681149946,-0.0008573682225042623
2021-01-14,1328464390.721986,0.32846439072198597,-0.0028807572276141613
2021-01-15,1302740385.4949365,0.3027403854949364,-0.022188689598408473
2021-01-18,1270254119.5687683,0.2702541195687682,-0.046572241846428164
2021-01-19,1305436151.5844493,0.30543615158444926,-0.020165300593298907
2021-01-20,1312701012.7409344,0.3127010127409344,-0.014712438698171959
2021-01-21,1333673159.0983338,0.3336731590983337,0.0
2021-01-22,1323940986.6056845,0.3239409866056846,-0.0072972695193394
2021-01-25,1352406448.8729174,0.3524064488729175,0.0
2021-01-26,1325814315.5831425,0.32581431558314256,-0.0196628264468397
2021-01-27,1318732218.2293367,0.31873221822933684,-0.02489948984763013
2021-01-28,1301461038.8761842,0.30146103887618425,-0.037670191560525756
2021-01-29,1262943567.4616137,0.2629435674616136,-0.06615088347579334
2021-02-01,1292277157.7915714,0.2922771577915715,-0.04446096151897028
2021-02-02,1310644919.960797,0.310644919960797,-0.030879421602081236
2021-02-03,1327504880.7579222,0.32750488075792217,-0.018412784215683042
2021-02-04,1306669807.2525318,0.3066698072525318,-0.033818710091557236
2021-02-05,1320559856.2561255,0.3205598562561254,-0.023548092840974366
2021-02-08,1308771590.9833388,0.30877159098333884,-0.03226460353390315
2021-02-09,1306258588.6965044,0.30625858869650435,-0.03412277441805478
2021-02-10,1313157922.2476313,0.3131579222476313,-0.029021250717929825
2021-02-15,1332302430.5782423,0.33230243057824227,-0.014865367073212066
2021-02-16,1338333636.066645,0.3383336360666449,-0.010405756951248346
2021-02-17,1325357406.0764456,0.3253574060764455,-0.02000067569850339
2021-02-18,1309776791.8980725,0.3097767918980725,-0.03152133518024269
2021-02-19,1314985560.27442,0.31498556027442004,-0.027669853711274173
2021-02-22,1302511930.7415876,0.30251193074158755,-0.03689313828169882
2021-02-23,1303334367.8536427,0.30333436785364265,-0.036285009628703624
2021-02-24,1270117046.7167592,0.2701170467167593,-0.06084665022466984
2021-02-25,1312061339.4315581,0.3120613394315581,-0.02983208892192324
2021-02-26,1278204344.9852989,0.2782043449852989,-0.05486671847021862
2021-03-02,1287296844.1685722,0.28729684416857215,-0.04814351836210695
2021-03-03,1304613714.4723945,0.3046137144723944,-0.035339031724044956
2021-03-04,1291957321.1368833,0.29195732113688333,-0.04469745599513508
2021-03-05,1284601078.0790591,0.2846010780790591,-0.05013682894692395
2021-03-08,1271944684.7435477,0.2719446847435476,-0.0594952532180143
2021-03-09,1263857386.4750082,0.2638573864750082,-0.0654751849724653
2021-03-10,1256364070.5651748,0.25636407056517485,-0.07101591269975338
2021-03-11,1278204344.9852989,0.2782043449852989,-0.05486671847021862
2021-03-12,1292140084.9395623,0.29214008493956234,-0.044562316294469384
2021-03-15,1290038301.2087553,0.2900383012087553,-0.04611642285212347
2021-03-16,1298125599.4772952,0.2981255994772951,-0.040136491097672145
2021-03-17,1289855537.4060764,0.2898555374060765,-0.04625156255278895
2021-03-18,1298719581.8360014,0.29871958183600134,-0.039697287070509124
2021-03-19,1290632283.5674617,0.29063228356746174,-0.04567721882496023
2021-03-22,1285926115.648481,0.2859261156484809,-0.04915706611709858
2021-03-23,1275097360.3397582,0.2750973603397582,-0.057164093381533276
2021-03-24,1269888591.9634106,0.26988859196341064,-0.0610155748505018
2021-03-25,1274640450.833061,0.2746404508330609,-0.05750194263319719
2021-03-26,1288576190.7873242,0.2885761907873241,-0.04719754045744806
2021-03-29,1286291643.2538383,0.28629164325383827,-0.04888678671576774
2021-03-30,1300638601.7641292,0.30063860176412915,-0.038278320213520955
2021-03-31,1296891943.8092124,0.29689194380921236,-0.041048684077165
2021-04-01,1307492244.3645866,0.30749224436458666,-0.03321058143856226
2021-04-02,1320788311.009474,0.320788311009474,-0.02337916821514241
2021-04-05,1321884893.8255472,0.3218848938255472,-0.022568330011149107
2021-04-06,1324397896.1123815,0.32439789611238146,-0.020710159126997696
2021-04-07,1328464390.721986,0.32846439072198597,-0.017703300787188958
2021-04-08,1330977393.0088205,0.33097739300882045,-0.015845129903037436
2021-04-09,1325585860.829794,0.3255858608297939,-0.019831751072671655
2021-04-12,1327047971.2512252,0.3270479712512253,-0.018750633467346844
2021-04-13,1341349238.810846,0.3413492388108461,-0.008175951890266653
2021-04-14,1346969225.743221,0.3469692257432211,-0.004020406094800588
2021-04-15,1351401247.9581835,0.3514012479581836,-0.0007432683536606755
2021-04-16,1355513433.518458,0.355513433518458,0.0
2021-04-19,1354097014.0476966,0.35409701404769667,-0.0010449320794149175
2021-04-20,1363874877.491016,0.3638748774910159,0.0
2021-04-21,1342857040.1829467,0.3428570401829467,-0.015410385259631454
2021-04-22,1346238170.5325055,0.3462381705325055,-0.012931323283082108
2021-04-23,1349299464.2273765,0.34929946422737657,-0.010686767169179268
2021-04-26,1361818784.7108788,0.3618187847108789,-0.0015075376884421399
2021-04-27,1364468859.8497224,0.3644688598497223,0.0
2021-04-28,1350761574.6488073,0.3507615746488073,-0.010045876167833367
2021-04-29,1347563208.1019273,0.3475632081019273,-0.012389913940327735
2021-04-30,1336597379.9411957,0.33659737994119565,-0.020426614874593962
2021-05-03,1325174642.2737668,0.3251746422737667,-0.028798178347788306
2021-05-04,1332805031.0356092,0.3328050310356092,-0.023205973947694525
2021-05-06,1346146788.631166,0.346146788631166,-0.01342798781100385
2021-05-07,1353503031.6889904,0.35350303168899044,-0.008036700934266672
2021-05-10,1376576961.777197,0.3765769617771968,0.0
2021-05-11,1362961058.4776216,0.3629610584776215,-0.009891131173659029
2021-05-12,1342308748.7749102,0.34230874877491013,-0.024893786510886806
2021-05-13,1324169441.3590329,0.3241694413590328,-0.03807089750398307
2021-05-14,1338516399.8693235,0.33851639986932347,-0.027648698884758516
2021-05-17,1330886011.107481,0.33088601110748095,-0.03319171534784926
2021-05-18,1343999313.9496894,0.3439993139496893,-0.023665693043016578
2021-05-20,1339338836.9813786,0.33933883698137857,-0.02705124800849701
2021-05-21,1338881927.4746814,0.3388819274746815,-0.027383165161975587
2021-05-24,1335729251.878471,0.3357292518784709,-0.029673393520977198
2021-05-25,1343359640.6403136,0.34335964064031366,-0.024130377057886232
2021-05-26,1345232969.6177719,0.34523296961777183,-0.022769516728624484
2021-05-27,1339978510.2907546,0.33997851029075465,-0.026586563993627133
2021-05-28,1349071009.474028,0.34907100947402814,-0.019981412639405116
2021-05-31,1356472943.482522,0.356472943482522,-0.01460435475305355
2021-06-01,1362595530.872264,0.3625955308722639,-0.010156664896441847
2021-06-02,1363646422.7376673,0.36364642273766723,-0.009393255443441273
2021-06-03,1373789813.7863443,0.37378981378634424,-0.0020246946362187934
2021-06-04,1370637138.1901338,0.3706371381901339,-0.004314922995220405
2021-06-07,1379044273.1133616,0.37904427311336164,0.0
2021-06-08,1373561359.0329957,0.3735613590329958,-0.003975879663375537
2021-06-09,1364057641.293695,0.3640576412936949,-0.010867404413226311
2021-06-10,1367667226.3966024,0.3676672263966023,-0.008249950301504216
2021-06-11,1374429487.0957203,0.3744294870957203,-0.003346365383341099
2021-06-14,1375206233.2571054,0.37520623325710534,-0.0027831157643629645
2021-06-15,1380095164.978765,0.38009516497876494,0.0
2021-06-16,1386217752.368507,0.38621775236850686,0.0
2021-06-17,1382653858.216269,0.38265385821626907,-0.0025709482843865317
2021-06-18,1381374511.597517,0.3813745115975171,-0.0034938527967303123
2021-06-21,1370774211.0421429,0.3707742110421428,-0.01114077589900797
2021-06-22,1379866710.2254164,0.3798667102254165,-0.004581561686278435
2021-06-23,1387268644.2339103,0.3872686442339104,0.0
2021-06-24,1392386030.7089183,0.3923860307089184,0.0
2021-06-25,1395904233.9104867,0.3959042339104868,0.0
2021-06-28,1396361143.4171839,0.39636114341718387,0.0
2021-06-29,1393619686.377001,0.39361968637700095,-0.0019632865416706613
2021-06-30,1400153492.32277,0.4001534923227701,0.0
2021-07-01,1390238556.027442,0.39023855602744195,-0.007081320976373706
2021-07-02,1394259359.6863768,0.3942593596863768,-0.004209633207153063
2021-07-05,1396361143.4171839,0.39636114341718387,-0.0027085236914239363
2021-07-06,1400381947.076119,0.40038194707611896,0.0
2021-07-07,1391929121.2022214,0.39192912120222134,-0.006036086006068864
2021-07-08,1382014184.906893,0.382014184906893,-0.01311625175372777
2021-07-09,1367210316.8899052,0.36721031688990524,-0.023687559137329117
2021-07-12,1379044273.1133616,0.37904427311336164,-0.015237038728832974
2021-07-13,1386034988.565828,0.3860349885658281,-0.010245032464354487
2021-07-14,1383247840.5749753,0.3832478405749753,-0.012235309471761102
2021-07-15,1396132688.6638353,0.3961326886638352,-0.0030343567489967693
2021-07-16,1388136772.2966352,0.3881367722966351,-0.00874416783581844
2021-07-19,1374612250.898399,0.3746122508983991,-0.018401905445528444
2021-07-20,1373332904.279647,0.37333290427964716,-0.019315475219419898
2021-07-21,1364468859.8497224,0.3644688598497223,-0.025645208652810836
2021-07-22,1377308016.9879124,0.3773080169879124,-0.0164768834219714
2021-07-23,1379272727.8667102,0.3792727278667103,-0.015073901269209489
2021-07-26,1370637138.1901338,0.3706371381901339,-0.021240497242977052
2021-07-27,1373789813.7863443,0.37378981378634424,-0.018989200300172926
2021-07-28,1375891597.517151,0.37589159751715107,-0.01748833567163699
2021-07-29,1374429487.0957203,0.3744294870957203,-0.018532415413227254
2021-07-30,1357112616.791898,0.3571126167918981,-0.030898234852686945
2021-08-02,1366159425.0245016,0.3661594250245015,-0.024437991451597307
2021-08-03,1375891597.517151,0.37589159751715107,-0.01748833567163699
2021-08-04,1394259359.6863768,0.3942593596863768,-0.004372083917909442
2021-08-05,1388776445.606011,0.388776445606011,-0.008287382948872879
2021-08-06,1386674661.875204,0.38667466187520416,-0.009788247577408815
2021-08-09,1382014184.906893,0.382014184906893,-0.01311625175372777
2021-08-10,1373789813.7863443,0.37378981378634424,-0.018989200300172926
2021-08-11,1365748206.4684741,0.36574820646847406,-0.024731638878919493
2021-08-12,1359671310.029402,0.359671310029402,-0.029071095304904038
2021-08-13,1346558007.1871936,0.34655800718719365,-0.038435185487291634
2021-08-17,1333627468.147664,0.3336274681476641,-0.04766876570198053
2021-08-18,1342948422.0842862,0.3429484220842862,-0.04101275734934251
2021-08-19,1312746703.691604,0.31274670369160384,-0.06257952951156653
2021-08-20,1300684292.714799,0.300684292714799,-0.07119318737968627
2021-08-23,1313797595.5570076,0.3137975955570076,-0.061829097197298455
2021-08-24,1333627468.147664,0.3336274681476641,-0.04766876570198053
2021-08-25,1336597379.9411957,0.33659737994119565,-0.045547978726875216
2021-08-26,1327322116.9552433,0.3273221169552434,-0.05217135958758856
2021-08-27,1327733335.5112708,0.3277333355112708,-0.051877712160266265
2021-08-30,1336414616.138517,0.33641461613851686,-0.045678488694574026
2021-08-31,1356244488.7291732,0.35624448872917314,-0.031518157199256325
2021-09-01,1361087729.5001633,0.3610877295001633,-0.028059643055238337
2021-09-02,1348020117.6086245,0.3480201176086244,-0.03739110574570148
2021-09-03,1356244488.7291732,0.35624448872917314,-0.031518157199256325
2021-09-06,1358985945.7693563,0.3589859457693563,-0.029560507683774495
2021-09-07,1350578810.8461287,0.35057881084612874,-0.03556396619791835
2021-09-08,1342948422.0842862,0.3429484220842862,-0.04101275734934251
2021-09-09,1319508964.3907218,0.31950896439072185,-0.05775066070671164
2021-09-10,1328555772.6233256,0.3285557726233257,-0.05129041730562178
2021-09-13,1328966991.179353,0.3289669911793529,-0.0509967698782996
2021-09-14,1334084377.654361,0.33408437765436094,-0.04734249078273378
2021-09-15,1336414616.138517,0.33641461613851686,-0.045678488694574026
2021-09-16,1329880810.1927474,0.3298808101927473,-0.050344220039805654
2021-09-17,1334495596.2103887,0.3344955962103886,-0.047048843355411374
2021-09-23,1327733335.5112708,0.3277333355112708,-0.051877712160266265
2021-09-24,1327733335.5112708,0.3277333355112708,-0.051877712160266265
2021-09-27,1331297229.6635087,0.3312972296635086,-0.04933276779013995
2021-09-28,1312335485.1355765,0.3123354851355764,-0.06287317693888883
2021-09-29,1302009330.284221,0.30200933028422083,-0.07024699011386992
2021-09-30,1304933551.1270826,0.30493355112708254,-0.0681588306306895
2021-10-01,1281494093.4335184,0.2814940934335184,-0.08489673398805841
2021-10-05,1260567638.0267885,0.2605676380267885,-0.09984012528956909
2021-10-06,1238179072.1986277,0.23817907219862766,-0.11582759633267004
2021-10-07,1259333982.3587062,0.2593339823587062,-0.10072106757153587
2021-10-08,1258283090.4933028,0.2582830904933029,-0.10147149988580384
2021-10-12,1241377438.745508,0.24137743874550788,-0.11354367189794123
2021-10-13,1253211394.9689643,0.2532113949689643,-0.10509315148944509
2021-10-14,1267741117.281934,0.26774111728193395,-0.0947176090573918
2021-10-15,1282544985.2989216,0.2825449852989217,-0.08414630167379056
2021-10-18,1277701744.5279322,0.27770174452793217,-0.08760481581780799
2021-10-19,1285926115.648481,0.2859261156484809,-0.08173186727136283
2021-10-20,1279575073.5053904,0.27957507350539035,-0.08626708864889554
2021-10-21,1279163854.949363,0.2791638549493629,-0.08656073607621784
2021-10-22,1275782724.5998037,0.2757827245998037,-0.08897517047864556
2021-10-25,1281494093.4335184,0.2814940934335184,-0.08489673398805841
2021-10-26,1295429833.3877816,0.2954298333877816,-0.07494534895102622
2021-10-27,1284418314.27638,0.2844183142763801,-0.082808574504878
2021-10-28,1280214746.8147662,0.2802147468147662,-0.08581030376194998
2021-10-29,1261207311.3361645,0.26120731133616437,-0.09938334040262342
2021-11-01,1267329898.7259066,0.2673298987259065,-0.09501125648471398
2021-11-02,1279803528.2587388,0.2798035282587388,-0.08610395118927228
2021-11-03,1262075439.398889,0.2620754393988891,-0.09876341805605415
2021-11-04,1268609245.3446586,0.2686092453446587,-0.09409768671082253
2021-11-05,1263537549.82032,0.26353754982031985,-0.097719338314464
2021-11-08,1259333982.3587062,0.2593339823587062,-0.10072106757153587
2021-11-09,1260567638.0267885,0.2605676380267885,-0.09984012528956909
2021-11-10,1246860352.8258739,0.24686035282587393,-0.1096283728669778
2021-11-11,1249190591.3100293,0.24919059131002919,-0.10796437077881837
2021-11-12,1263080640.313623,0.263080640313623,-0.09804561323371075
2021-11-15,1273452486.1156483,0.2734524861156482,-0.09063917256680498
2021-11-16,1271761920.940869,0.27176192094086904,-0.09184638976801851
2021-11-17,1258465854.2959816,0.2584658542959817,-0.10134098991810503
2021-11-18,1253896759.2290099,0.2538967592290098,-0.10460373911057474
2021-11-19,1263309095.0669715,0.26330909506697164,-0.09788247577408726
2021-11-22,1282133766.7428944,0.2821337667428945,-0.08443994910111263
2021-11-23,1273680940.868997,0.2736809408689971,-0.09047603510718127
2021-11-24,1271990375.6942174,0.27199037569421747,-0.09168325230839514
2021-11-25,1268152335.8379612,0.26815233583796116,-0.09442396163006972
2021-11-26,1247317262.332571,0.247317262332571,-0.10930209794773083
2021-11-29,1238407526.9519765,0.23840752695197653,-0.11566445887304644
2021-11-30,1209302391.3753674,0.20930239137536732,-0.1364481712290777
2021-12-01,1230594374.3874552,0.23059437438745523,-0.1212437599921693
2021-12-02,1251749284.5475335,0.25174928454753354,-0.10613723123103525
2021-12-03,1260978856.5828161,0.26097885658281617,-0.09954647786224669
2021-12-06,1265867788.3044755,0.26586778830447555,-0.09605533622630436
2021-12-07,1272858503.756942,0.272858503756942,-0.09106332996182598
2021-12-08,1277701744.5279322,0.27770174452793217,-0.08760481581780799
2021-12-09,1296297961.4505062,0.29629796145050613,-0.07432542660445707
2021-12-10,1281265638.6801698,0.28126563868016974,-0.0850598714476819
2021-12-13,1274092159.4250245,0.2740921594250245,-0.09018238767985909
2021-12-14,1264634132.6363933,0.26463413263639324,-0.09693627850827113
2021-12-15,1272401594.250245,0.2724015942502451,-0.09138960488107273
2021-12-16,1279163854.949363,0.2791638549493629,-0.08656073607621784
2021-12-17,1281905311.9895458,0.2819053119895458,-0.08460308656073612
2021-12-20,1261435766.089513,0.261435766089513,-0.09922020294299994
2021-12-21,1266507461.6138515,0.26650746161385164,-0.09559855133935868
2021-12-22,1269248918.6540346,0.26924891865403455,-0.09364090182387685
2021-12-23,1273452486.1156483,0.2734524861156482,-0.09063917256680498
2021-12-24,1282316530.5455735,0.2823165305455735,-0.08430943913341371
2021-12-27,1276833616.4652073,0.27683361646520743,-0.08822473816437737
2021-12-28,1285743351.845802,0.28574335184580213,-0.08186237723906165
2021-12-29,1289946919.307416,0.289946919307416,-0.07886064798198955
2021-12-30,1280625965.3707938,0.2806259653707939,-0.08551665633462757
2022-01-03,1287845135.5766087,0.28784513557660873,-0.08036151261052582
2022-01-04,1287388226.0699117,0.28738822606991166,-0.08068778752977268
2022-01-05,1269660137.210062,0.269660137210062,-0.09334725439655456
2022-01-06,1258283090.4933028,0.2582830904933029,-0.10147149988580384
2022-01-07,1270939483.8288143,0.27093948382881416,-0.09243368462266299
2022-01-10,1258465854.2959816,0.2584658542959817,-0.10134098991810503
2022-01-11,1258465854.2959816,0.2584658542959817,-0.10134098991810503
2022-01-12,1277930199.2812805,0.2779301992812806,-0.08744167835818473
2022-01-13,1276833616.4652073,0.27683361646520743,-0.08822473816437737
2022-01-14,1259745200.9147336,0.25974520091473363,-0.10042742014421357
2022-01-17,1246174988.565828,0.24617498856582798,-0.11011778524584825
2022-01-18,1235437615.158445,0.23543761515844497,-0.11778524584815175
2022-01-19,1226619261.6791897,0.22661926167918978,-0.12408235178961802
2022-01-20,1236945416.5305457,0.2369454165305458,-0.11670853861463659
2022-01-21,1222781221.8229334,0.22278122182293347,-0.1268230611112926
2022-01-24,1204870369.1604052,0.20487036916040524,-0.13961303794577307
2022-01-25,1174668650.7677228,0.17466865076772287,-0.1611798101079971
2022-01-26,1172521176.0862463,0.17252117608624618,-0.1627133022284578
2022-01-27,1133912322.7703364,0.1339123227703365,-0.1902835329048257
2022-01-28,1154838778.177066,0.15483877817706615,-0.17534014160331512
2022-02-03,1176130761.1891537,0.1761307611891536,-0.16013573036640694
2022-02-04,1185817242.7311335,0.18581724273113354,-0.1532187020783714
2022-02-07,1186685370.7938583,0.18668537079385827,-0.15259877973180203
2022-02-08,1183669768.049657,0.18366976804965707,-0.1547521941988319
2022-02-09,1194041613.8516824,0.1940416138516825,-0.14734575353192603
2022-02-10,1196645998.0398562,0.19664599803985627,-0.14548598649221844
2022-02-11,1184583587.0630512,0.18458358706305122,-0.15409964436033807
2022-02-14,1170602156.1581182,0.17060215615811836,-0.16408365688929494
2022-02-15,1158813890.8853316,0.1588138908853316,-0.1725015498058664
2022-02-16,1181202456.7134922,0.18120245671349222,-0.15651407876276568
2022-02-17,1187325044.103234,0.18732504410323414,-0.15214199484485647
2022-02-18,1185223260.3724272,0.1852232603724273,-0.1536428594733924
2022-02-21,1186228461.2871609,0.18622846128716097,-0.1529250546510491
2022-02-22,1170419392.3554394,0.17041939235543935,-0.16421416685699375
2022-02-23,1176770434.49853,0.17677043449852992,-0.15967894547946104
2022-02-24,1146340261.352499,0.1463402613524991,-0.18140885510130855
2022-02-25,1158585436.1319828,0.15858543613198273,-0.1726646872654901
2022-02-28,1167266716.7592292,0.16726671675922922,-0.16646546379979765
2022-03-02,1169185736.687357,0.16918573668735704,-0.16509510913896064
2022-03-03,1188375935.9686377,0.18837593596863766,-0.15139156253058828
2022-03-04,1173389304.1489708,0.1733893041489709,-0.16209337988188854
2022-03-07,1148030826.5272787,0.14803082652727872,-0.1802016379000947
2022-03-08,1133912322.7703364,0.1339123227703365,-0.1902835329048257
2022-03-10,1160732910.8134594,0.16073291081345942,-0.1711311951450294
2022-03-11,1149492936.9487095,0.14949293694870947,-0.17915755815850443
2022-03-14,1144466932.3750408,0.1444669323750407,-0.182746582270221
2022-03-15,1135191669.3890884,0.13519166938908844,-0.18936996313093424
2022-03-16,1148487736.0339756,0.14848773603397558,-0.17987536298084783
2022-03-17,1163291604.0509636,0.16329160405096355,-0.16930405559724637
2022-03-18,1172109957.5302186,0.17210995753021852,-0.16300694965578022
2022-03-21,1160504456.060111,0.160504456060111,-0.17129433260465277
2022-03-22,1173160849.3956225,0.17316084939562248,-0.16225651734151192
2022-03-23,1181202456.7134922,0.18120245671349222,-0.15651407876276568
2022-03-24,1181430911.4668407,0.18143091146684065,-0.1563509413031422
2022-03-25,1180745547.206795,0.18074554720679492,-0.15684035368201266
2022-03-28,1178415308.7226396,0.17841530872263967,-0.15850435577017208
2022-03-29,1182893021.8882716,0.1828930218882716,-0.15530686156155193
2022-03-30,1187964717.41261,0.18796471741261,-0.15168520995791068
2022-03-31,1192579503.4302514,0.19257950343025132,-0.1483898332735164
2022-04-01,1184994805.6190786,0.18499480561907866,-0.1538059969330159
2022-04-04,1194270068.605031,0.19427006860503093,-0.14718261607230254
2022-04-05,1193219176.7396274,0.1932191767396274,-0.14793304838657073
2022-04-06,1182893021.8882716,0.1828930218882716,-0.15530686156155193
2022-04-07,1168089153.8712838,0.16808915387128387,-0.16587816894515328
2022-04-08,1168500372.4273112,0.16850037242731108,-0.1655845215178311
2022-04-11,1166170133.9431558,0.16617013394315583,-0.16724852360599052
2022-04-12,1155615524.3384514,0.15561552433845138,-0.1747854742405952
2022-04-13,1174668650.7677228,0.17466865076772287,-0.1611798101079971
2022-04-14,1175034178.3730807,0.17503417837308066,-0.16091879017259947
2022-04-15,1166809807.2525315,0.16680980725253147,-0.16679173871904496
2022-04-18,1164708023.521725,0.16470802352172487,-0.16829260334758067
2022-04-19,1176130761.1891537,0.1761307611891536,-0.16013573036640694
2022-04-20,1175902306.4358053,0.1759023064358054,-0.1602988678260302
2022-04-21,1180334328.6507676,0.18033432865076748,-0.15713400110933484
2022-04-22,1171470284.2208428,0.17147028422084287,-0.16346373454272578
2022-04-25,1150361065.011434,0.15036106501143398,-0.17853763581193527
2022-04-26,1154610323.4237177,0.15461032342371772,-0.1755032790629385
2022-04-27,1144878150.9310682,0.14487815093106815,-0.1824529348428987
2022-04-28,1156483652.4011762,0.15648365240117612,-0.17416555189402583
2022-04-29,1166535661.5485137,0.16653566154851362,-0.16698750367059279
2022-05-02,1165073551.1270826,0.16507355112708266,-0.16803158341218316
2022-05-03,1162697621.6922574,0.16269762169225732,-0.16972821299226737
2022-05-04,1158859581.8360012,0.15885958183600124,-0.17246892231394184
2022-05-06,1147254080.3658936,0.1472540803658935,-0.1807563052628144
2022-05-09,1130074282.9140804,0.1300742829140804,-0.19302424222650005
2022-05-10,1126236243.0578244,0.12623624305782433,-0.19576495154817442
2022-05-11,1124499986.932375,0.12449998693237485,-0.19700479624131306
2022-05-12,1106680516.171186,0.1066805161711859,-0.20972951809194418
2022-05-13,1127287134.9232275,0.12728713492322763,-0.19501451923390667
2022-05-16,1126647461.6138515,0.12664746161385154,-0.19547130412085234
2022-05-17,1136059797.4518132,0.13605979745181318,-0.18875004078436486
2022-05-18,1139303854.9493628,0.13930385494936282,-0.18643348885771172
2022-05-19,1124956896.4390721,0.12495689643907215,-0.1966785213220661
2022-05-20,1144466932.3750408,0.1444669323750407,-0.182746582270221
2022-05-23,1148533426.9846454,0.14853342698464544,-0.17984273548892316
2022-05-24,1130942410.976805,0.13094241097680492,-0.1924043198799309
2022-05-25,1134597687.0303822,0.13459768703038222,-0.18979412052595523
2022-05-26,1130759647.1741261,0.13075964717412614,-0.1925348298476296
2022-05-27,1144238477.6216922,0.14423847762169228,-0.1829097197298445
2022-05-30,1155341378.634433,0.1553413786344331,-0.17498123919214348
2022-05-31,1162469166.9389088,0.1624691669389089,-0.16989135045189085
2022-06-02,1153650813.4596536,0.1536508134596537,-0.17618845639335712
2022-06-03,1156483652.4011762,0.15648365240117612,-0.17416555189402583
2022-06-07,1137567598.8239136,0.13756759882391356,-0.18767333355085014
2022-06-08,1138892636.3933356,0.1388926363933356,-0.1867271362850338
2022-06-09,1139303854.9493628,0.13930385494936282,-0.18643348885771172
2022-06-10,1124499986.932375,0.12449998693237485,-0.19700479624131306
2022-06-13,1087398934.9885657,0.08739893498856577,-0.223498319684166
2022-06-14,1082921221.8229337,0.0829212218229336,-0.22669581389278604
2022-06-15,1062725821.6269194,0.06272582162691931,-0.24111716532350158
2022-06-16,1063822404.4429922,0.06382240444299225,-0.24033410551730905
2022-06-17,1057608435.151911,0.05760843515191105,-0.24477144441906762
2022-06-20,1037641489.7092452,0.03764148970924519,-0.2590296583901597
2022-06-21,1043627004.246978,0.04362700424697796,-0.2547554569480245
2022-06-22,1017491780.4639006,0.01749178046390054,-0.27341838232895044
2022-06-23,1005063841.881738,0.005063841881737918,-0.2822930601324677
2022-06-24,1028229153.8712838,0.028229153871283774,-0.26575092172664694
2022-06-27,1042393348.5788958,0.04239334857889587,-0.25563639922999115
2022-06-28,1051166011.107481,0.05116601110748098,-0.24937192078044979
2022-06-29,1036179379.2878144,0.03617937928781445,-0.26007373813174983
2022-06-30,1016440888.5984972,0.01644088859849724,-0.2741688146432184
2022-07-01,1003967259.0656648,0.003967259065664752,-0.28307611993866033
2022-07-04,1002048239.1375368,0.0020482391375367115,-0.28444647459949757
2022-07-05,1018953890.8853317,0.018953890885331726,-0.27237430258736006
2022-07-06,998804181.6399869,-0.0011958183600131456,-0.28676302652615104
2022-07-07,1015755524.3384514,0.015755524338451288,-0.27465822702208886
2022-07-08,1021969493.6295329,0.021969493629532932,-0.2702208881203302
2022-07-11,1018725436.1319829,0.018725436131982853,-0.27253744004698366
2022-07-12,1009541555.04737,0.009541555047369865,-0.27909556592384754
2022-07-13,1012968376.3475988,0.012968376347598731,-0.27664850402949526
2022-07-14,1010820901.6661222,0.010820901666122262,-0.278181996149956
2022-07-15,1014476177.7196994,0.014476177719699335,-0.2755717967959803
2022-07-18,1034031904.6063378,0.03403190460633776,-0.26160723025221055
2022-07-19,1031655975.1715125,0.03165597517151242,-0.26330385983229476
2022-07-20,1038326853.969291,0.03832685396929092,-0.2585402460112892
2022-07-21,1049246991.1793532,0.04924699117935316,-0.2507422754412868
2022-07-22,1040245873.8974191,0.04024587389741918,-0.257169891350452
2022-07-25,1044952041.8163998,0.04495204181639978,-0.25380925968220824
2022-07-26,1050297883.0447564,0.050297883044756464,-0.24999184312701894
2022-07-27,1050937556.3541325,0.05093755635413255,-0.24953505824007316
2022-07-28,1058842090.8199934,0.058842090819993365,-0.24389050213710084
2022-07-29,1066381097.6804965,0.06638109768049638,-0.23850696596952603
2022-08-01,1067020770.9898726,0.06702077098987247,-0.23805018108258025
2022-08-02,1062543057.8242404,0.06254305782424052,-0.2412476752912004
2022-08-03,1070036373.7340736,0.07003637373407368,-0.23589676661555037
2022-08-04,1076707252.5318522,0.07670725253185218,-0.23113315279454472
2022-08-05,1082053093.760209,0.08205309376020908,-0.2273157362393553
2022-08-08,1083515204.18164,0.08351520418163982,-0.22627165649776504
2022-08-09,1087810153.5445933,0.08781015354459343,-0.2232046722568436
2022-08-10,1078991800.065338,0.07899180006533779,-0.22950177819831008
2022-08-11,1095760378.9611237,0.09576037896112366,-0.2175274886619466
2022-08-12,1098090617.4452791,0.09809061744527914,-0.21586348657378718
2022-08-16,1099872564.521398,0.09987256452139803,-0.21459101438872408
2022-08-17,1092973230.970271,0.0929732309702711,-0.219517765669353
2022-08-18,1089957628.22607,0.0899576282260699,-0.22167118013638287
2022-08-19,1083743658.9349885,0.08374365893498847,-0.22610851903814155
2022-08-22,1070493283.2407709,0.07049328324077098,-0.2355704916963034
2022-08-23,1059070545.5733421,0.059070545573342015,-0.24372736467747724
2022-08-24,1064050859.1963409,0.0640508591963409,-0.24017096805768556
2022-08-25,1076890016.334531,0.07689001633453096,-0.23100264282684602
2022-08-26,1077986599.1506042,0.07798659915060435,-0.23021958302065326
2022-08-29,1056054942.8291407,0.056054942829140586,-0.24588077914450723
2022-08-30,1065056060.1110748,0.06505606011107479,-0.23945316323534216
2022-08-31,1074102868.3436785,0.07410286834367841,-0.2329929198342524
2022-09-01,1051759993.4661874,0.051759993466187426,-0.24894776338542868
2022-09-02,1049018536.4260044,0.04901853642600451,-0.2509054129009104
2022-09-05,1046002933.6818032,0.046002933681803304,-0.2530588273679403
2022-09-06,1048150408.3632798,0.04815040836327977,-0.25152533524747966
2022-09-07,1034214668.4090167,0.03421466840901677,-0.26147672028451174
2022-09-08,1036773361.6465206,0.036773361646520675,-0.25964958073672884
2022-09-13,1065969879.124469,0.06596987912446894,-0.23880061339684822
2022-09-14,1049612518.7847108,0.049612518784710735,-0.2504812555058894
2022-09-15,1045774478.9284545,0.04577447892845443,-0.2532219648275639
2022-09-16,1037641489.7092452,0.03764148970924519,-0.2590296583901597
2022-09-19,1026081679.1898072,0.026081679189807083,-0.26728441384710766
2022-09-20,1031655975.1715125,0.03165597517151242,-0.26330385983229476
2022-09-21,1022609166.9389087,0.022609166938908798,-0.2697641032333846
2022-09-22,1014247722.9663509,0.014247722966350906,-0.2757349342556038
2022-09-23,996473943.1558313,-0.0035260568441686235,-0.28842702861431047
2022-09-26,967962789.9379287,-0.032037210062071275,-0.30878658357532063
2022-09-27,969653355.1127082,-0.030346644887291774,-0.3075793663741069
2022-09-28,945665606.0111073,-0.054334393988892726,-0.3247087996345722
2022-09-29,946899261.6791898,-0.05310073832081019,-0.32382785735260533
2022-09-30,941736184.2535118,-0.0582638157464882,-0.32751476394009604
2022-10-04,965586860.5031034,-0.034413139496896616,-0.31048321315540495
2022-10-05,965815315.2564521,-0.034184684743547966,-0.31032007569578135
2022-10-06,976918216.269193,-0.023081783730806937,-0.30239159515808023
2022-10-07,973308631.1662855,-0.02669136883371448,-0.3049691670201312
2022-10-11,956768507.0238484,-0.043231492976151586,-0.316780319096871
2022-10-12,961474674.942829,-0.03852532505717099,-0.31341968742862747
2022-10-13,945985442.6657954,-0.05401455733420457,-0.3244804071910993
2022-10-14,964947187.1937275,-0.03505281280627248,-0.3109399980423505
2022-10-17,969013681.8033321,-0.03098631819666786,-0.30803615126105266
2022-10-18,980162273.766743,-0.01983772623325708,-0.30007504323142675
2022-10-19,975867324.4037896,-0.02413267559621035,-0.3031420274723482
2022-10-20,966866207.1218555,-0.03313379287814455,-0.3095696433815134
2022-10-21,965586860.5031034,-0.034413139496896616,-0.31048321315540495
2022-10-24,975867324.4037896,-0.02413267559621035,-0.3031420274723482
2022-10-25,976095779.1571381,-0.023904220842861923,-0.3029788900127248
2022-10-26,982720967.004247,-0.017279032995753063,-0.29824790368364384
2022-10-27,998804181.6399869,-0.0011958183600131456,-0.28676302652615104
2022-10-28,990625501.4701077,-0.009374498529892361,-0.29260334758067164
2022-10-31,1000768892.5187848,0.0007688925187847584,-0.285360044373389
2022-11-01,1019182345.63868,0.019182345638679932,-0.2722111651277368
2022-11-02,1018359908.5266252,0.018359908526625057,-0.2727984599823813
2022-11-03,1016212433.8451487,0.01621243384514859,-0.2743319521028419
2022-11-04,1023477295.0016334,0.023477295001633314,-0.26914418088681524
2022-11-07,1034808650.767723,0.03480865076772299,-0.26105256288949075
2022-11-08,1045134805.6190786,0.045134805619078566,-0.25367874971450954
2022-11-09,1055872179.0264618,0.0558721790264618,-0.24601128911220604
2022-11-10,1046688297.941849,0.04668829794184903,-0.2525694149890698
2022-11-11,1081596184.253512,0.081596184253512,-0.22764201115860228
2022-11-14,1078169362.953283,0.07816936295328314,-0.23008907305295456
2022-11-15,1079677164.3253837,0.07967716432538374,-0.22901236581943962
2022-11-16,1078991800.065338,0.07899180006533779,-0.22950177819831008
2022-11-17,1065512969.6177719,0.06551296961777187,-0.2391268883160952
2022-11-18,1065969879.124469,0.06596987912446894,-0.23880061339684822
2022-11-21,1054775596.2103887,0.05477559621038863,-0.2467943489183987
2022-11-22,1050069428.291408,0.050069428291408036,-0.25015498058664243
2022-11-23,1054135922.9010127,0.05413592290101277,-0.24725113380534447
2022-11-24,1065284514.8644233,0.06528451486442322,-0.23929002577571867
2022-11-25,1064050859.1963409,0.0640508591963409,-0.24017096805768556
2022-11-28,1051577229.6635087,0.05157722966350864,-0.24907827335312738
2022-11-29,1060761110.7481215,0.060761110748121405,-0.2425201474762635
2022-11-30,1080134073.8320808,0.08013407383208082,-0.22868609090019265
2022-12-01,1079905619.0787325,0.07990561907873239,-0.22884922835981591
2022-12-02,1063137040.1829466,0.06313704018294652,-0.2408235178961795
2022-12-05,1055872179.0264618,0.0558721790264618,-0.24601128911220604
2022-12-06,1045317569.4217576,0.045317569421757575,-0.25354823974681073
2022-12-07,1040839856.2561256,0.04083985625612563,-0.25674573395543077
2022-12-08,1033574995.0996406,0.03357499509964068,-0.2619335051714575
2022-12-09,1041022620.0588042,0.04102262005880419,-0.2566152239877322
2022-12-12,1036590597.8438418,0.03659059784384189,-0.25978009070442765
2022-12-13,1036362143.0904933,0.03636214309049324,-0.259943228164051
2022-12-14,1046871061.7445279,0.04687106174452804,-0.252438905021371
2022-12-15,1031199065.6648153,0.03119906566481534,-0.26363013475154173
2022-12-16,1028229153.8712838,0.028229153871283774,-0.26575092172664694
2022-12-19,1026081679.1898072,0.026081679189807083,-0.26728441384710766
2022-12-20,1019410800.3920287,0.019410800392028582,-0.2720480276681132
2022-12-21,1016806416.2038549,0.016806416203854813,-0.2739077947078209
2022-12-22,1029280045.7366872,0.029280045736687077,-0.26500048941237897
2022-12-23,1011049356.4194707,0.01104935641947069,-0.2780188586903326
2022-12-26,1012511466.8409015,0.01251146684090143,-0.27697477894874234
2022-12-27,1031427520.418164,0.03142752041816399,-0.26346699729191814
2022-12-28,1012100248.2848741,0.012100248284873993,-0.27726842637606464
2022-12-29,992772976.1515844,-0.007227023848415559,-0.2910698554602108
2023-01-02,987884044.4299247,-0.012115955570075276,-0.29456099709615335
2023-01-03,985325351.1924207,-0.014674648807579294,-0.29638813664393626
2023-01-04,999900764.4560602,-9.923554393986844e-05,-0.2859799667199582
2023-01-05,1005657824.2404442,0.0056578242404441426,-0.2818689027374467
2023-01-06,1014476177.7196994,0.014476177719699335,-0.2755717967959803
2023-01-09,1041479529.5655015,0.041479529565501494,-0.2562889490684851
2023-01-10,1041022620.0588042,0.04102262005880419,-0.2566152239877322
2023-01-11,1043170094.740281,0.043170094740280884,-0.25508173186727134
2023-01-12,1049246991.1793532,0.04924699117935316,-0.2507422754412868
2023-01-13,1055460960.4704344,0.05546096047043436,-0.24630493653952823
2023-01-16,1063365494.9362953,0.06336549493629517,-0.2406603804365559
2023-01-17,1051988448.2195361,0.051988448219536076,-0.24878462592580508
2023-01-18,1047099516.4978764,0.04709951649787647,-0.25227576756174763
2023-01-19,1052216902.9728848,0.05221690297288473,-0.2486214884661816
2023-01-20,1060167128.3894151,0.06016712838941518,-0.2429443048712846
2023-01-25,1074559777.8503757,0.07455977785037571,-0.23266664491500544
2023-01-26,1091054211.0421429,0.09105421104214284,-0.22088812033019034
2023-01-27,1100238092.126756,0.10023809212675605,-0.21432999445332634
2023-01-30,1085662678.8631165,0.08566267886311651,-0.22473816437730443
2023-01-31,1075153760.209082,0.07515376020908193,-0.23224248751998444
2023-02-01,1082921221.8229337,0.0829212218229336,-0.22669581389278604
2023-02-02,1093795668.082326,0.09379566808232598,-0.2189304708147085
2023-02-03,1095760378.9611237,0.09576037896112366,-0.2175274886619466
2023-02-06,1081824639.0068605,0.08182463900686043,-0.2274788736989788
2023-02-07,1087170480.235217,0.08717048023521712,-0.2236614571437895
2023-02-08,1099872564.521398,0.09987256452139803,-0.21459101438872408
2023-02-09,1097496635.086573,0.09749663508657291,-0.21628764396880817
2023-02-10,1092105102.9075465,0.09210510290754659,-0.22013768801592226
2023-02-13,1087398934.9885657,0.08739893498856577,-0.223498319684166
2023-02-14,1090642992.4861155,0.0906429924861154,-0.22118176775751264
2023-02-15,1076250343.025155,0.0762503430251551,-0.2314594277137917
2023-02-16,1094252577.5890229,0.09425257758902283,-0.21860419589546176
2023-02-17,1086942025.4818687,0.08694202548186869,-0.22382459460341275
2023-02-20,1088267063.0512903,0.08826706305129028,-0.22287839733759673
2023-02-21,1089957628.22607,0.0899576282260699,-0.22167118013638287
2023-02-22,1072640757.9222476,0.07264075792224767,-0.23403699957584256
2023-02-23,1079448709.5720353,0.07944870957203531,-0.2291755032790629
2023-02-24,1074331323.097027,0.07433132309702706,-0.23282978237462892
2023-02-27,1065969879.124469,0.06596987912446894,-0.23880061339684822
2023-02-28,1069807918.9807252,0.06980791898072525,-0.23605990407517385
2023-03-02,1075153760.209082,0.07515376020908193,-0.23224248751998444
2023-03-03,1078397817.7066317,0.07839781770663157,-0.22992593559333108
2023-03-06,1091054211.0421429,0.09105421104214284,-0.22088812033019034
2023-03-07,1092562012.4142437,0.09256201241424367,-0.2198114130966753
2023-03-08,1077758144.397256,0.07775814439725592,-0.23038272048027664
2023-03-09,1073234740.280954,0.07323474028095411,-0.23361284218082157
2023-03-10,1062086148.3175433,0.06208614831754322,-0.24157395021044736
2023-03-13,1067660444.2992483,0.06766044429924833,-0.2375933961956347
2023-03-14,1042164893.8255471,0.042164893825547,-0.25579953668961475
2023-03-15,1053541940.5423063,0.05354194054230632,-0.24767529120036558
2023-03-16,1055232505.717086,0.055232505717085933,-0.24646807399915172
2023-03-17,1060395583.1427636,0.06039558314276361,-0.24278116741166123
2023-03-20,1056054942.8291407,0.056054942829140586,-0.24588077914450723
2023-03-21,1058842090.8199934,0.058842090819993365,-0.24389050213710084
2023-03-22,1071498484.1555046,0.07149848415550464,-0.2348526868739601
2023-03-23,1074102868.3436785,0.07410286834367841,-0.2329929198342524
2023-03-24,1070264828.4874225,0.07026482848742255,-0.23573362915592677
2023-03-27,1068345808.5592941,0.06834580855929406,-0.23710398381676423
2023-03-28,1076021888.2718065,0.07602188827180645,-0.23162256517341517
2023-03-29,1079448709.5720353,0.07944870957203531,-0.2291755032790629
2023-03-30,1089317954.916694,0.08931795491669403,-0.22212796502332866
2023-03-31,1096628507.0238483,0.0966285070238484,-0.21690756631537744
2023-04-03,1095577615.158445,0.09557761515844487,-0.2176579986296454
2023-04-04,1102202803.0055537,0.10220280300555373,-0.21292701230056443
2023-04-05,1108462463.2473047,0.10846246324730457,-0.2084570459068812
2023-04-06,1092790467.167592,0.0927904671675921,-0.21964827563705192
2023-04-07,1103025240.1176085,0.10302524011760861,-0.21233971744591995
2023-04-10,1112300503.103561,0.11230050310356088,-0.20571633658520672
2023-04-11,1129206154.8513556,0.12920615485135545,-0.19364416457306943
2023-04-12,1131582084.286181,0.131582084286181,-0.1919475349929851
2023-04-13,1133089885.6582816,0.13308988565828161,-0.19087082775947017
2023-04-14,1138024508.3306108,0.13802450833061086,-0.18734705863160317
2023-04-17,1139303854.9493628,0.13930385494936282,-0.18643348885771172
2023-04-18,1141040111.074812,0.14104011107481185,-0.1851936441645733
2023-04-19,1139715073.5053902,0.13971507350539025,-0.18613984143038942
2023-04-20,1133912322.7703364,0.1339123227703365,-0.1902835329048257
2023-04-21,1126236243.0578244,0.12623624305782433,-0.19576495154817442
2023-04-24,1120433492.32277,0.12043349232277012,-0.19990864302261102
2023-04-25,1106086533.8124795,0.10608653381247946,-0.2101536754869654
2023-04-26,1100101019.2747467,0.10010101927474668,-0.2144278769291006
2023-04-27,1108188317.5432866,0.1081883175432865,-0.20865281085842924
2023-04-28,1108827990.8526626,0.10882799085266259,-0.20819602597148357
2023-05-02,1119748128.0627246,0.11974812806272461,-0.20039805540148137
2023-05-03,1109924573.6687355,0.10992457366873554,-0.20741296616529104
2023-05-04,1110792701.73146,0.11079270173146005,-0.20679304381872188
2023-05-08,1116275615.811826,0.11627561581182588,-0.20287774478775833
2023-05-09,1113168631.1662855,0.11316863116628562,-0.20509641423863745
2023-05-10,1109467664.1620383,0.10946766416203824,-0.207739241084538
2023-05-11,1107274498.5298922,0.10727449852989213,-0.20930536069692318
2023-05-12,1100283783.0774255,0.10028378307742547,-0.21429736696140178
2023-05-15,1102705403.4629204,0.10270540346292045,-0.2125681098893929
2023-05-16,1102065730.1535447,0.10206573015354459,-0.21302489477633846
2023-05-17,1107731408.0365891,0.1077314080365892,-0.20897908577767643
2023-05-18,1117098052.923881,0.11709805292388098,-0.20229044993311374
2023-05-19,1127424207.7752368,0.12742420777523678,-0.19491663675813242
2023-05-22,1133958013.7210062,0.13395801372100613,-0.19025090541290102
2023-05-23,1138115890.2319503,0.13811589023195037,-0.1872818036477537
2023-05-24,1138801254.491996,0.1388012544919961,-0.18679239126888325
2023-05-25,1135283051.2904277,0.13528305129042772,-0.189304708147085
2023-05-26,1135100287.4877489,0.13510028748774894,-0.1894352181147837
2023-05-30,1145791969.9444623,0.1457919699444623,-0.18180038500440499
2023-05-31,1146477334.204508,0.14647733420450804,-0.18131097262553453
2023-06-01,1140765965.3707938,0.14076596537079378,-0.18538940911612134
2023-06-02,1153239594.9036262,0.15323959490362626,-0.17648210382067941
2023-06-05,1160458765.1094413,0.16045876510944135,-0.17132696009657744
2023-06-07,1158494054.2306435,0.15849405423064344,-0.17272994224933935
2023-06-08,1155615524.3384514,0.15561552433845138,-0.1747854742405952
2023-06-09,1170053864.7500815,0.17005386475008155,-0.16447518679239137
2023-06-12,1164845096.373734,0.164845096373734,-0.16819472087180665
2023-06-13,1168317608.6246324,0.1683176086246323,-0.1657150314855298
2023-06-14,1160001855.602744,0.16000185560274405,-0.1716532350158244
2023-06-15,1157580235.2172492,0.15758023521724907,-0.1733824920878333
2023-06-16,1165302005.8804312,0.1653020058804311,-0.16786844595255968
2023-06-19,1158037144.7239463,0.15803714472394637,-0.17305621716858632
2023-06-20,1155843979.0918,0.15584397909180003,-0.17462233678097172
2023-06-21,1144923841.8817377,0.1449238418817378,-0.18242030735097414
2023-06-22,1149492936.9487095,0.14949293694870947,-0.17915755815850443
2023-06-23,1141634093.4335184,0.14163409343351852,-0.18476948676955207
2023-06-26,1144055713.819013,0.14405571381901305,-0.1830402296975434
2023-06-27,1145152296.6350865,0.14515229663508644,-0.18225716989135055
2023-06-28,1138572799.7386475,0.13857279973864745,-0.18695552872850674
2023-06-29,1136151179.3531525,0.13615117935315246,-0.18868478580051562
2023-06-30,1142319457.6935642,0.14231945769356424,-0.18428007439068161
2023-07-03,1156529343.3518457,0.15652934335184576,-0.17413292440210126
2023-07-04,1155615524.3384514,0.15561552433845138,-0.1747854742405952
2023-07-05,1145335060.4377654,0.14533506043776545,-0.18212665992365173
2023-07-06,1138344344.9852989,0.1383443449852988,-0.18711866618813022
2023-07-07,1126099170.205815,0.12609917020581518,-0.19586283402394866
2023-07-10,1123677549.8203201,0.1236775498203202,-0.19759209109595754
2023-07-11,1137704671.6759229,0.13770467167592293,-0.1875754510750759
2023-07-12,1143187585.7562885,0.14318758575628854,-0.18366015204411257
2023-07-13,1150178301.2087553,0.1501783012087552,-0.17866814577963397
2023-07-14,1165895988.2391374,0.16589598823913732,-0.16744428855753868
2023-07-17,1164616641.6203854,0.16461664162038536,-0.16835785833143013
2023-07-18,1160687219.8627899,0.16068721986278978,-0.17116382263695396
2023-07-19,1158722508.983992,0.1587225089839921,-0.17256680478971587
2023-07-20,1158037144.7239463,0.15803714472394637,-0.17305621716858632
2023-07-21,1159773400.8493958,0.15977340084939584,-0.1718163724754478
2023-07-24,1168317608.6246324,0.1683176086246323,-0.1657150314855298
2023-07-25,1174668650.7677228,0.17466865076772287,-0.1611798101079971
2023-07-26,1154336177.7196994,0.15433617771969943,-0.17569904401448666
2023-07-27,1157580235.2172492,0.15758023521724907,-0.1733824920878333
2023-07-28,1161509656.9748447,0.16150965697484465,-0.17057652778230947
2023-07-31,1171607357.072852,0.1716073570728518,-0.16336585206695176
2023-08-01,1188467317.8699772,0.18846731786997717,-0.15132630754673881
2023-08-02,1164159732.1136882,0.16415973211368828,-0.1686841332506771
2023-08-03,1161144129.369487,0.16114412936948708,-0.17083754771770698
2023-08-04,1160001855.602744,0.16000185560274405,-0.1716532350158244
2023-08-07,1151046429.2714798,0.15104642927147993,-0.1780482234330648
2023-08-08,1146248879.4511597,0.1462488794511596,-0.1814741100851578
2023-08-09,1160915674.6161385,0.16091567461613843,-0.17100068517733047
2023-08-10,1158722508.983992,0.1587225089839921,-0.17256680478971587
2023-08-11,1151457647.8275073,0.15145764782750715,-0.17775457600574252
2023-08-14,1142730676.2495916,0.14273067624959168,-0.18398642696335943
2023-08-16,1124134459.3270173,0.12413445932701728,-0.19726581617671057
2023-08-17,1123083567.461614,0.12308356746161397,-0.19801624849097854
2023-08-18,1116275615.811826,0.11627561581182588,-0.20287774478775833
2023-08-21,1114767814.4397254,0.1147678144397255,-0.20395445202127327
2023-08-22,1120433492.32277,0.12043349232277012,-0.19990864302261102
2023-08-23,1114310904.9330285,0.11431090493302842,-0.20428072694052002
2023-08-24,1129388918.6540346,0.12938891865403468,-0.1935136546053705
2023-08-25,1122626657.9549167,0.12262665795491667,-0.1983425234102255
2023-08-28,1130942410.976805,0.13094241097680492,-0.1924043198799309
2023-08-29,1135100287.4877489,0.13510028748774894,-0.1894352181147837
2023-08-30,1140537510.6174452,0.14053751061744513,-0.18555254657574483
2023-08-31,1138572799.7386475,0.13857279973864745,-0.18695552872850674
2023-09-01,1142319457.6935642,0.14231945769356424,-0.18428007439068161
2023-09-04,1148442045.083306,0.14844204508330616,-0.1799079904727724
2023-09-05,1147299771.3165631,0.14729977131656313,-0.18072367777088982
2023-09-06,1138801254.491996,0.1388012544919961,-0.18679239126888325
2023-09-07,1132221757.595557,0.13222175759555688,-0.19149075010603944
2023-09-08,1134186468.4743547,0.13418646847435478,-0.19008776795327753
2023-09-11,1137476216.9225743,0.13747621692257428,-0.18773858853469938
2023-09-12,1130485501.4701076,0.13048550147010762,-0.19273059479917798
2023-09-13,1128977700.0980072,0.12897770009800724,-0.1938073020326928
2023-09-14,1146477334.204508,0.14647733420450804,-0.18131097262553453
2023-09-15,1156072433.8451486,0.15607243384514846,-0.17445919932134824
2023-09-18,1147756680.8232603,0.1477566808232602,-0.18039740285164285
2023-09-19,1140309055.8640964,0.14030905586409648,-0.18571568403536842
2023-09-20,1140126292.0614178,0.1401262920614179,-0.185846194003067
2023-09-21,1121118856.5828161,0.12111885658281607,-0.19941923064374034
2023-09-22,1118468781.4439726,0.11846878144397266,-0.2013116251753727
2023-09-25,1111660829.7941847,0.11166082979418479,-0.2061731214721526
2023-09-26,1100283783.0774255,0.10028378307742547,-0.21429736696140178
2023-09-27,1102065730.1535447,0.10206573015354459,-0.21302489477633846
2023-10-04,1074879614.5050638,0.07487961450506386,-0.2324382524715325
2023-10-05,1073828722.6396604,0.07382872263966034,-0.23318868478580046
2023-10-06,1076250343.025155,0.0762503430251551,-0.2314594277137917
2023-10-10,1074057177.3930087,0.07405717739300877,-0.23302554732617708
2023-10-11,1095486233.2571054,0.09548623325710537,-0.21772325361349487
2023-10-12,1106634825.220516,0.10663482522051604,-0.2097621455838692
2023-10-13,1097679398.8892517,0.0976793988892517,-0.21615713400110947
2023-10-16,1089135191.114015,0.08913519111401502,-0.22225847499102735
2023-10-17,1099415655.014701,0.09941565501470095,-0.21491728930797105
2023-10-18,1099415655.014701,0.09941565501470095,-0.21491728930797105
2023-10-19,1079951310.029402,0.07995131002940203,-0.22881660086789135
2023-10-20,1062040457.3668736,0.06204045736687358,-0.24160657770237204
2023-10-23,1054364377.6543614,0.05436437765436142,-0.24708799634572087
2023-10-24,1065284514.8644233,0.06528451486442322,-0.23929002577571867
2023-10-25,1056740307.0891867,0.05674030708918676,-0.24539136676563666
2023-10-26,1027909317.2165958,0.02790931721659584,-0.2659793141701199
2023-10-27,1030330937.602091,0.030330937602091046,-0.2642500570981108
2023-10-30,1033574995.0996406,0.03357499509964068,-0.2619335051714575
2023-10-31,1019136654.6880103,0.01913665468801029,-0.2722437926196615
2023-11-01,1028320535.7726232,0.02832053577262328,-0.2656856667427976
2023-11-02,1047784880.7579223,0.0477848807579222,-0.25178635518287706
2023-11-03,1056100633.7798105,0.05610063377981045,-0.24584815165258245
2023-11-06,1117326507.6772296,0.11732650767722963,-0.20212731247349025
2023-11-07,1091556811.49951,0.09155681149951,-0.22052921791901847
2023-11-08,1081047892.8454754,0.08104789284547542,-0.22803354106169849
2023-11-09,1082372930.4148972,0.08237293041489724,-0.22708734379588236
2023-11-10,1076478797.7785037,0.07647879777850375,-0.2312962902541682
2023-11-13,1074285632.1463573,0.0742856321463572,-0.2328624098665536
2023-11-14,1087170480.235217,0.08717048023521712,-0.2236614571437895
2023-11-15,1109056445.606011,0.10905644560601102,-0.2080328885118603
2023-11-16,1108599536.0993137,0.10859953609931372,-0.20835916343110727
2023-11-17,1100740692.5841227,0.10074069258412255,-0.2139710920421548
2023-11-20,1113625540.6729827,0.1136255406729827,-0.20477013931939048
2023-11-21,1120433492.32277,0.12043349232277012,-0.19990864302261102
2023-11-22,1121941293.694871,0.12194129369487094,-0.19883193578909597
2023-11-23,1121118856.5828161,0.12111885658281607,-0.19941923064374034
2023-11-24,1114950578.2424045,0.11495057824240451,-0.20382394205357435
2023-11-27,1115361796.7984316,0.11536179679843173,-0.20353029462625227
2023-11-28,1126327624.9591637,0.1263276249591636,-0.19569969656432518
2023-11-29,1123266331.2642927,0.12326633126429276,-0.19788573852327973
2023-11-30,1134643377.981052,0.13464337798105186,-0.18976149303403056
2023-12-01,1118468781.4439726,0.11846878144397266,-0.2013116251753727
2023-12-04,1124819823.587063,0.124819823587063,-0.19677640379784012
2023-12-05,1115818706.305129,0.11581870630512903,-0.20320401970700508
2023-12-06,1115818706.305129,0.11581870630512903,-0.20320401970700508
2023-12-07,1113397085.9196339,0.11339708591963382,-0.20493327677901418
2023-12-08,1126099170.205815,0.12609917020581518,-0.19586283402394866
2023-12-11,1128977700.0980072,0.12897770009800724,-0.1938073020326928
2023-12-12,1131582084.286181,0.131582084286181,-0.1919475349929851
2023-12-13,1123266331.2642927,0.12326633126429276,-0.19788573852327973
2023-12-14,1133958013.7210062,0.13395801372100613,-0.19025090541290102
2023-12-15,1145791969.9444623,0.1457919699444623,-0.18180038500440499
2023-12-18,1148213590.3299575,0.1482135903299575,-0.18007112793239588
2023-12-19,1148853263.6393335,0.14885326363933338,-0.1796143430454502
2023-12-20,1169459882.3913753,0.16945988239137533,-0.16489934418741237
2023-12-21,1161966566.481542,0.16196656648154217,-0.1702502528630624
2023-12-22,1158037144.7239463,0.15803714472394637,-0.17305621716858632
2023-12-26,1163108840.2482848,0.16310884024828476,-0.16943456556494507
2023-12-27,1174028977.458347,0.174028977458347,-0.16163659499494265
2023-12-28,1193264867.6902971,0.19326486769029705,-0.14790042089464595
2024-01-02,1202677203.5282588,0.2026772035282589,-0.14117915755815846
2024-01-03,1174668650.7677228,0.17466865076772287,-0.1611798101079971
2024-01-04,1166581352.4991832,0.16658135249918327,-0.16695487617866822
2024-01-05,1160915674.6161385,0.16091567461613843,-0.17100068517733047
2024-01-08,1156300888.598497,0.1563008885984969,-0.17429606186172497
2024-01-09,1152143012.0875533,0.15214301208755332,-0.17726516362687195
2024-01-10,1143598804.3123162,0.1435988043123162,-0.18336650461679016
2024-01-11,1144284168.572362,0.14428416857236193,-0.1828770922379197
2024-01-12,1137704671.6759229,0.13770467167592293,-0.1875754510750759
2024-01-15,1138115890.2319503,0.13811589023195037,-0.1872818036477537
2024-01-16,1126099170.205815,0.12609917020581518,-0.19586283402394866
2024-01-17,1099644109.7680497,0.09964410976804983,-0.21475415184834734
2024-01-18,1101380365.893499,0.10138036589349886,-0.21351430715520892
2024-01-19,1115133342.045083,0.11513334204508308,-0.20369343208587576
2024-01-22,1111889284.5475335,0.11188928454753344,-0.2060099840125289
2024-01-23,1116047161.0584774,0.11604716105847745,-0.20304088224738182
2024-01-24,1114082450.1796796,0.11408245017967955,-0.20444386440014373
2024-01-25,1112346194.0542305,0.11234619405423052,-0.20568370909328215
2024-01-26,1116275615.811826,0.11627561581182588,-0.20287774478775833
2024-01-29,1128292335.8379614,0.1282923358379615,-0.19429671441156326
2024-01-30,1124819823.587063,0.124819823587063,-0.19677640379784012
2024-01-31,1124591368.8337142,0.12459136883371436,-0.1969395412574637
2024-02-01,1143827259.0656648,0.14382725906566485,-0.18320336715716667
2024-02-02,1176176452.1398237,0.1761764521398237,-0.16010310287448204
2024-02-05,1168317608.6246324,0.1683176086246323,-0.1657150314855298
2024-02-06,1161326893.1721659,0.16132689317216586,-0.17070703775000828
2024-02-07,1176404906.893172,0.17640490689317212,-0.15993996541485866
2024-02-08,1180151564.8480887,0.1801515648480887,-0.15726451107703365
2024-02-13,1191300156.8114996,0.1913001568114996,-0.14930340304740775
2024-02-14,1180334328.6507676,0.18033432865076748,-0.15713400110933484
2024-02-15,1177318725.9065664,0.17731872590656628,-0.15928741557636472
2024-02-16,1193264867.6902971,0.19326486769029705,-0.14790042089464595
2024-02-19,1205692806.27246,0.2056928062724599,-0.13902574309112858
2024-02-20,1197239980.3985624,0.1972399803985625,-0.14506182909719745
2024-02-21,1193676086.2463248,0.1936760862463247,-0.14760677346732354
2024-02-22,1199798673.6360667,0.19979867363606663,-0.14323468954941432
2024-02-23,1200255583.1427639,0.20025558314276393,-0.14290841463016735
2024-02-26,1194132995.7530217,0.1941329957530218,-0.1472804985480768
2024-02-27,1181659366.2201896,0.18165936622018952,-0.1561878038435185
2024-02-28,1196097706.6318197,0.1960977066318197,-0.14587751639531465
2024-02-29,1195458033.3224435,0.19545803332244338,-0.14633430128226055
2024-03-04,1205098823.9137535,0.20509882391375345,-0.1394499004861498
2024-03-05,1195869251.878471,0.19586925187847082,-0.14604065385493836
2024-03-06,1192625194.3809211,0.19262519438092118,-0.14835720578159173
2024-03-07,1193676086.2463248,0.1936760862463247,-0.14760677346732354
2024-03-08,1209713609.9313948,0.20971360993139476,-0.13615452380175552
2024-03-11,1199387455.080039,0.19938745508003897,-0.14352833697673673
2024-03-12,1208799790.9180007,0.2087997909180006,-0.13680707364024924
2024-03-13,1214054250.245018,0.214054250245018,-0.1330549120689093
2024-03-14,1225659751.7151256,0.22565975171512553,-0.12476752912003675
2024-03-15,1205921261.0258086,0.20592126102580854,-0.1388626056315051
2024-03-18,1212272303.1688988,0.2122723031688989,-0.13432738425397261
2024-03-19,1201397856.9095068,0.20139785690950673,-0.14209272733204992
2024-03-20,1215790506.3704672,0.21579050637046726,-0.13181506737577087
2024-03-21,1242245566.8082325,0.24224556680823262,-0.11292374955137208
2024-03-22,1242474021.5615811,0.24247402156158104,-0.11276061209174859
2024-03-25,1238316145.050637,0.23831614505063703,-0.1157297138568959
2024-03-26,1244210277.6870303,0.2442102776870303,-0.11152076739861017
2024-03-27,1246403443.3191764,0.2464034433191764,-0.10995464778622488
2024-03-28,1246631898.0725253,0.24663189807252528,-0.10979151032660128
2024-03-29,1246174988.565828,0.24617498856582798,-0.11011778524584825
2024-04-01,1247774171.8392682,0.2477741718392683,-0.10897582302848385
2024-04-02,1249281973.2113686,0.24928197321136847,-0.10789911579496902
2024-04-03,1229132263.966024,0.22913226396602382,-0.1222878397337599
2024-04-04,1244895641.947076,0.24489564194707603,-0.11103135501973971
2024-04-05,1230000392.0287488,0.23000039202874878,-0.12166791738719052
2024-04-08,1233929813.7863443,0.23392981378634436,-0.1188619530816667
2024-04-09,1226756334.531199,0.22675633453119892,-0.12398446931384388
2024-04-11,1229132263.966024,0.22913226396602382,-0.1222878397337599
2024-04-12,1217983672.0026135,0.2179836720026136,-0.13024894776338547
2024-04-15,1209896373.7340736,0.20989637373407355,-0.1360240138340567
2024-04-16,1183624077.098987,0.1836240770989872,-0.1547848216907568
2024-04-17,1175125560.27442,0.17512556027441994,-0.16085353518875012
2024-04-18,1197239980.3985624,0.1972399803985625,-0.14506182909719745
2024-04-19,1178598072.5253184,0.17859807252531845,-0.15837384580247327
2024-04-22,1192396739.6275725,0.19239673962757253,-0.1485203432412152
2024-04-23,1191071702.0581508,0.19107170205815072,-0.14946654050703134
2024-04-24,1214922378.3077426,0.21492237830774252,-0.13243498972234002
2024-04-25,1195640797.1251225,0.1956407971251226,-0.14620379131456163
2024-04-26,1207748899.052597,0.20774889905259708,-0.13755750595451743
2024-04-29,1222050166.6122181,0.2220501666122181,-0.12734510098208762
2024-04-30,1223832113.688337,0.223832113688337,-0.1260726287970244
2024-05-02,1217115543.939889,0.21711554393988886,-0.13086887010995463
2024-05-03,1216430179.6798432,0.21643017967984313,-0.13135828248882508
2024-05-07,1241925730.1535444,0.24192573015354446,-0.11315214199484502
2024-05-08,1247317262.332571,0.247317262332571,-0.10930209794773083
2024-05-09,1232330630.5129044,0.23233063051290448,-0.12000391529903087
2024-05-10,1237676471.741261,0.23767647174126094,-0.11618649874384157
2024-05-13,1237448016.9879124,0.2374480169879125,-0.11634963620346506
2024-05-14,1239275655.0147011,0.23927565501470105,-0.11504453652647717
2024-05-16,1250652701.7314603,0.25065270173146037,-0.106920291037228
2024-05-17,1237676471.741261,0.23767647174126094,-0.11618649874384157
2024-05-20,1246403443.3191764,0.2464034433191764,-0.10995464778622488
2024-05-21,1238590290.7546551,0.2385902907546551,-0.11553394890534785
2024-05-22,1237904926.4946094,0.23790492649460937,-0.11602336128421831
2024-05-23,1237265253.1852336,0.2372652531852335,-0.11648014617116387
2024-05-24,1221593257.105521,0.22159325710552102,-0.1276713759013346
2024-05-27,1237676471.741261,0.23767647174126094,-0.11618649874384157
2024-05-28,1237904926.4946094,0.23790492649460937,-0.11602336128421831
2024-05-29,1215790506.3704672,0.21579050637046726,-0.13181506737577087
2024-05-30,1198108108.461287,0.198108108461287,-0.14444190675062818
2024-05-31,1199250382.22803,0.19925038222803004,-0.14362621945251075
2024-06-03,1219354400.5227048,0.21935440052270483,-0.12927012300564467
2024-06-04,1209942064.6847434,0.2099420646847434,-0.13599138634213204
2024-06-05,1222278621.3655667,0.22227862136556675,-0.12718196352246414
2024-06-07,1235254851.355766,0.23525485135576596,-0.11791575581585045
2024-06-10,1224517477.9483826,0.22451747794838273,-0.12558321641815418
2024-06-11,1228766736.3606663,0.22876673636066625,-0.1225488596691574
2024-06-12,1236808343.6785364,0.23680834367853643,-0.11680642109041084
2024-06-13,1250881156.4848087,0.2508811564848086,-0.10675715357760462
2024-06-14,1252891558.3142762,0.2528915583142761,-0.10532154393291804
2024-06-17,1246403443.3191764,0.2464034433191764,-0.10995464778622488
2024-06-18,1255358869.650441,0.25535886965044097,-0.10355965936898437
2024-06-19,1268563554.3939888,0.2685635543939888,-0.09413031420274731
2024-06-20,1272127448.5462265,0.2721274485462264,-0.09158536983262111
2024-06-21,1264771205.4884024,0.2647712054884024,-0.09683839603249711
2024-06-24,1255130414.8970923,0.2551304148970923,-0.10372279682860785
2024-06-25,1259379673.309376,0.25937967330937606,-0.10068844007961109
2024-06-26,1267421280.6272457,0.2674212806272456,-0.09494600150086485
2024-06-27,1264314295.9817052,0.2643142959817051,-0.09716467095174408
2024-06-28,1271030865.7301533,0.2710308657301532,-0.09236842963881386
2024-07-01,1273909395.6223454,0.2739093956223455,-0.09031289764755801
2024-07-02,1263400476.9683108,0.2634004769683109,-0.09781722079023802
2024-07-03,1271898993.792878,0.27189899379287796,-0.0917485072922446
2024-07-04,1283321731.460307,0.2833217314603069,-0.08359163431107064
2024-07-05,1300090310.3560927,0.3000903103560928,-0.07161734477470727
2024-07-08,1300318765.1094413,0.3003187651094412,-0.07145420731508378
2024-07-09,1304568023.5217247,0.30456802352172474,-0.06841985056608713
2024-07-10,1304111114.0150278,0.30411111401502766,-0.06874612548533399
2024-07-11,1313066540.3462918,0.3130665403462918,-0.06235113706809381
2024-07-12,1297166089.5132308,0.29716608951323087,-0.0737055042578878
2024-07-15,1300958438.4188173,0.3009584384188173,-0.070997422428138
2024-07-16,1304111114.0150278,0.30411111401502766,-0.06874612548533399
2024-07-17,1294470323.4237177,0.2944703234237178,-0.07563052628144473
2024-07-18,1285971806.5991504,0.28597180659915034,-0.08169923977943827
2024-07-19,1272355903.2995753,0.27235590329957526,-0.09142223237299751
2024-07-22,1258694309.0493302,0.25869430904933033,-0.10117785245848154
2024-07-23,1261846984.6455407,0.2618469846455407,-0.09892655551567753
2024-07-24,1256912361.973211,0.256912361973211,-0.10245032464354487
2024-07-25,1234569487.0957203,0.23456948709572023,-0.11840516819472091
2024-07-26,1246403443.3191764,0.2464034433191764,-0.10995464778622488
2024-07-29,1259379673.309376,0.25937967330937606,-0.10068844007961109
2024-07-30,1244849950.9964063,0.24484995099640638,-0.11106398251166438
2024-07-31,1262075439.398889,0.2620754393988891,-0.09876341805605415
2024-08-01,1264542750.7350538,0.26454275073505373,-0.0970015334921206
2024-08-02,1218029362.953283,0.218029362953283,-0.1302163202714609
2024-08-05,1114265213.9823587,0.11426521398235878,-0.2043133544324448
2024-08-06,1149812773.6033974,0.1498127736033974,-0.1789291657150317
2024-08-07,1169048663.835348,0.1690486638353479,-0.16519299161473466
2024-08-08,1165484769.68311,0.1654847696831101,-0.16773793598486098
2024-08-09,1179557582.4893825,0.17955758248938247,-0.15768866847205465
2024-08-12,1190934629.2061417,0.1909346292061418,-0.14956442298280537
2024-08-13,1193858850.0490034,0.19385885004900327,-0.14747626349962495
2024-08-14,1203271185.886965,0.20327118588696513,-0.14075500016313747
2024-08-16,1226299425.0245018,0.22629942502450184,-0.12431074423309085
2024-08-19,1216247415.8771644,0.21624741587716434,-0.1314887924565239
2024-08-20,1226070970.2711532,0.2260709702711532,-0.12447388169271434
2024-08-21,1229634864.4233909,0.22963486442339076,-0.12192893732258814
2024-08-22,1231188356.7461612,0.23118835674616123,-0.12081960259714852
2024-08-23,1231645266.2528586,0.23164526625285853,-0.12049332767790133
2024-08-26,1230091773.9300883,0.23009177393008828,-0.12160266240334106
2024-08-27,1223832113.688337,0.223832113688337,-0.1260726287970244
2024-08-28,1224517477.9483826,0.22451747794838273,-0.12558321641815418
2024-08-29,1214191323.0970273,0.21419132309702738,-0.13295702959313505
2024-08-30,1219811310.029402,0.2198113100294019,-0.1289438480863977
2024-09-02,1221364802.3521724,0.22136480235217237,-0.12783451336095808
2024-09-03,1212866285.527605,0.21286628552760511,-0.13390322685895162
2024-09-04,1175765233.583796,0.17576523358379603,-0.16039675030180445
2024-09-05,1175308324.0770988,0.17530832407709895,-0.16072302522105142
2024-09-06,1161875184.5802026,0.16187518458020267,-0.17031550784691185
2024-09-09,1157854380.9212675,0.15785438092126758,-0.17318672713628513
2024-09-10,1152280084.9395623,0.15228008493956224,-0.17716728115109792
2024-09-11,1145563515.191114,0.14556351519111388,-0.18196352246402825
2024-09-12,1170830610.9114666,0.17083061091146656,-0.16392051942967167
2024-09-13,1175765233.583796,0.17576523358379603,-0.16039675030180445
2024-09-19,1177547180.659915,0.17754718065991493,-0.15912427811674124
2024-09-20,1183806840.9016662,0.1838068409016662,-0.15465431172305788
2024-09-23,1185817242.7311335,0.18581724273113354,-0.1532187020783714
2024-09-24,1199890055.537406,0.1998900555374059,-0.14316943456556508
2024-09-25,1184492205.1617117,0.18449220516171172,-0.15416489934418753
2024-09-26,1217572453.446586,0.21757245344658593,-0.13054259519070788
2024-09-27,1211998157.4648807,0.2119981574648806,-0.13452314920552066
2024-09-30,1192533812.4795816,0.19253381247958168,-0.1484224607654412
2024-10-02,1174851414.5704017,0.17485141457040165,-0.1610493001402984
2024-10-04,1176861816.3998692,0.1768618163998692,-0.1596136904956117
2024-10-07,1192762267.2329304,0.19276226723293033,-0.14825932330581748
2024-10-08,1187827644.560601,0.18782764456060108,-0.1517830924336847
2024-10-10,1188056099.3139496,0.1880560993139495,-0.15161995497406122
2024-10-11,1186913825.5472069,0.18691382554720692,-0.15243564227217854
2024-10-14,1198108108.461287,0.198108108461287,-0.14444190675062818
2024-10-15,1202585821.6269193,0.20258582162691918,-0.14124441254200792
2024-10-16,1194772669.0623977,0.19477266906239765,-0.146823713661131
2024-10-17,1193630395.295655,0.19363039529565507,-0.14763940095924832
2024-10-18,1187599189.8072526,0.18759918980725265,-0.15194622989330808
2024-10-21,1192762267.2329304,0.19276226723293033,-0.14825932330581748
2024-10-22,1176633361.6465206,0.17663336164652055,-0.15977682795523518
2024-10-23,1190294955.8967657,0.1902949558967657,-0.15002120786975115
2024-10-24,1182253348.5788958,0.18225334857889575,-0.1557636464484975
2024-10-25,1183806840.9016662,0.1838068409016662,-0.15465431172305788
2024-10-28,1196554616.1385167,0.19655461613851677,-0.1455512414760679
2024-10-29,1197651198.95459,0.19765119895459016,-0.14476818166987504
2024-10-30,1188284554.0672984,0.18828455406729838,-0.15145681751443762
2024-10-31,1174166050.3103561,0.17416605031035615,-0.16153871251916863
2024-11-01,1163245913.100294,0.16324591310029413,-0.16933668308917094
2024-11-04,1183349931.3949687,0.1833499313949687,-0.15498058664230496
2024-11-05,1180014491.9960797,0.18001449199607977,-0.15736239355280768
2024-11-06,1172841012.7409341,0.1728410127409341,-0.16248490978498498
2024-11-07,1173297922.2476315,0.17329792224763163,-0.1621586348657379
2024-11-08,1170145246.651421,0.17014524665142106,-0.1644099318085419
2024-11-11,1159225109.441359,0.15922510944135904,-0.17220790237854422
2024-11-12,1135968415.5504737,0.13596841555047368,-0.18881529576821432
2024-11-13,1106863279.9738646,0.10686327997386447,-0.2095990081242457
2024-11-14,1109102136.556681,0.10910213655668088,-0.2080002610199353
2024-11-15,1107320189.4805617,0.10732018948056177,-0.20927273320499873
2024-11-18,1129251845.8020256,0.12925184580202553,-0.19361153708114454
2024-11-19,1131901920.9408689,0.13190192094086894,-0.1917191425495124
2024-11-20,1136836543.6131983,0.1368365436131982,-0.18819537342164516
2024-11-21,1136151179.3531525,0.13615117935315246,-0.18868478580051562
2024-11-22,1144878150.9310682,0.14487815093106815,-0.1824529348428987
2024-11-25,1159407873.2440379,0.15940787324403782,-0.1720773924108454
2024-11-26,1151594720.6795163,0.1515947206795163,-0.1776566935299685
2024-11-27,1146020424.6978111,0.14602042469781118,-0.18163724754478128
2024-11-28,1147117007.5138843,0.14711700751388435,-0.18085418773858863
2024-11-29,1127652662.5285852,0.1276526625285852,-0.19475349929850916
2024-12-02,1126784534.4658606,0.1267845344658607,-0.19537342164507832
2024-12-03,1144466932.3750408,0.1444669323750407,-0.182746582270221
2024-12-04,1129251845.8020256,0.12925184580202553,-0.19361153708114454
2024-12-05,1119382600.4573667,0.1193826004573666,-0.200659075336879
2024-12-06,1112894485.4622672,0.1128944854622671,-0.20529217919018572
2024-12-09,1082053093.760209,0.08205309376020908,-0.2273157362393553
2024-12-10,1108005553.7406075,0.1080055537406075,-0.20878332082612827
2024-12-11,1118057562.8879452,0.11805756288794522,-0.201605272602695
2024-12-12,1137064998.3665469,0.13706499836654684,-0.18803223596202168
2024-12-13,1139532309.7027113,0.13953230970271124,-0.18627035139808823
2024-12-16,1139075400.1960144,0.1390754001960144,-0.18659662631733498
2024-12-17,1127012989.2192094,0.12701298921920934,-0.19521028418545472
2024-12-18,1137978817.379941,0.137978817379941,-0.18737968612352784
2024-12-19,1115818706.305129,0.11581870630512903,-0.20320401970700508
2024-12-20,1099735491.669389,0.09973549166938911,-0.2146888968644981
2024-12-23,1116732525.3185234,0.1167325253185234,-0.20255146986851114
2024-12-24,1116504070.5651748,0.11650407056517476,-0.20271460732813462
2024-12-26,1111797902.646194,0.11179790264619394,-0.20607523899637836
2024-12-27,1104852878.144397,0.10485287814439692,-0.2110346177689323
2024-12-30,1104624423.3910484,0.1046244233910485,-0.21119775522855577
2025-01-02,1103299385.8216267,0.10329938582162668,-0.212143952494372
2025-01-03,1123220640.313623,0.1232206403136229,-0.19791836601520452
2025-01-06,1143096203.8549495,0.14309620385494948,-0.1837254070279617
2025-01-07,1145791969.9444623,0.1457919699444623,-0.18180038500440499
2025-01-08,1159864782.7507348,0.1598647827507349,-0.17175111749159866
2025-01-09,1160093237.5040836,0.16009323750408355,-0.17158798003197495
2025-01-10,1157169016.6612217,0.15716901666122185,-0.1736761395151556
2025-01-13,1143553113.3616464,0.14355311336164633,-0.18339913210871495
2025-01-14,1146248879.4511597,0.1462488794511596,-0.1814741100851578
2025-01-15,1147117007.5138843,0.14711700751388435,-0.18085418773858863
2025-01-16,1159636327.9973865,0.15963632799738647,-0.17191425495122192
2025-01-17,1159407873.2440379,0.15940787324403782,-0.1720773924108454
2025-01-20,1158311290.4279644,0.15831129042796444,-0.17286045221703827
2025-01-21,1157397471.4145703,0.15739747141457028,-0.1735130020555321
2025-01-22,1169916791.8980725,0.1699167918980724,-0.1645730692681654
2025-01-23,1156072433.8451486,0.15607243384514846,-0.17445919932134824
2025-01-24,1167038262.0058804,0.16703826200588034,-0.16662860125942125
2025-01-31,1157625926.167919,0.15762592616791893,-0.17334986459590862
2025-02-03,1128794936.2953281,0.12879493629532823,-0.19393781200039173
2025-02-04,1141542711.532179,0.141542711532179,-0.18483474175340142
2025-02-05,1152280084.9395623,0.15228008493956224,-0.17716728115109792
2025-02-06,1164799405.4230642,0.16479940542306415,-0.16822734836373143
2025-02-07,1159636327.9973865,0.15963632799738647,-0.17191425495122192
2025-02-10,1157854380.9212675,0.15785438092126758,-0.17318672713628513
2025-02-11,1168591754.3286507,0.1685917543286508,-0.16551926653398163
2025-02-12,1171059065.6648154,0.17105906566481544,-0.16375738197004797
2025-02-13,1185588787.9777849,0.18558878797778489,-0.1533818395379949
2025-02-14,1190523410.6501143,0.19052341065011436,-0.14985807041012766
2025-02-17,1198565017.9679842,0.1985650179679841,-0.1441156318313812
2025-02-18,1207931662.8552759,0.20793166285527587,-0.13742699598681862
2025-02-19,1226070970.2711532,0.2260709702711532,-0.12447388169271434
2025-02-20,1218029362.953283,0.218029362953283,-0.1302163202714609
2025-02-21,1219354400.5227048,0.21935440052270483,-0.12927012300564467
2025-02-24,1213551649.787651,0.21355164978765107,-0.13341381448008094
2025-02-25,1209759300.8820646,0.20975930088206463,-0.13612189630983074
2025-02-26,1213780104.5409997,0.21378010454099972,-0.13325067702045745
2025-02-27,1210855883.6981378,0.2108558836981378,-0.1353388365036381
2025-02-28,1171059065.6648154,0.17105906566481544,-0.16375738197004797
2025-03-04,1167495171.5125773,0.1674951715125772,-0.1663023263401745
2025-03-05,1181111074.8121529,0.18111107481215294,-0.15657933374661492
2025-03-06,1187827644.560601,0.18782764456060108,-0.1517830924336847
2025-03-07,1183349931.3949687,0.1833499313949687,-0.15498058664230496
2025-03-10,1188513008.8206468,0.1885130088206468,-0.15129368005481425
2025-03-11,1172841012.7409341,0.1728410127409341,-0.16248490978498498
2025-03-12,1188284554.0672984,0.18828455406729838,-0.15145681751443762
2025-03-13,1185360333.2244363,0.18536033322443624,-0.15354497699761838
2025-03-14,1184263750.4083633,0.1842637504083633,-0.1543280368038109
2025-03-17,1203910859.1963408,0.20391085919634078,-0.1402982152761919
2025-03-18,1206149715.7791572,0.2061497157791572,-0.1386994681718816
2025-03-19,1215105142.1104214,0.2151051421104213,-0.13230447975464132
2025-03-20,1218029362.953283,0.218029362953283,-0.1302163202714609
2025-03-21,1222050166.6122181,0.2220501666122181,-0.12734510098208762
2025-03-24,1216887089.1865401,0.2168870891865402,-0.13103200756957833
2025-03-25,1208845481.8686702,0.20884548186867025,-0.13677444614832468
2025-03-26,1223603658.9349885,0.22360365893498857,-0.1262357662566479
2025-03-27,1209759300.8820646,0.20975930088206463,-0.13612189630983074
2025-03-28,1189381136.8833714,0.18938113688337133,-0.1506737577082451
2025-03-31,1158539745.1813133,0.1585397451813133,-0.17269731475741468
2025-04-01,1173069467.494283,0.17306946749428298,-0.16232177232536138
2025-04-02,1166124442.992486,0.16612444299248597,-0.1672811510979152
2025-04-03,1156986252.8585427,0.15698625285854262,-0.1738066494828545
2025-04-04,1147802371.7739298,0.14780237177392985,-0.1803647753597183
2025-04-07,1086987716.4325383,0.08698771643253833,-0.2237919671114882
2025-04-08,1088769663.508657,0.088769663508657,-0.2225194949264252
2025-04-09,1072457994.1195688,0.07245799411956888,-0.23416750954354137
2025-04-10,1136379634.106501,0.1363796341065011,-0.18852164834089213
2025-04-11,1131262247.6314929,0.13126224763149286,-0.19217592743645806
2025-04-14,1139303854.9493628,0.13930385494936282,-0.18643348885771172
2025-04-15,1152280084.9395623,0.15228008493956224,-0.17716728115109792
2025-04-16,1139303854.9493628,0.13930385494936282,-0.18643348885771172
2025-04-17,1150269683.1100948,0.1502696831100947,-0.1786028907957845
2025-04-18,1153833577.2623324,0.1538335772623325,-0.17605794642565842
2025-04-21,1157169016.6612217,0.15716901666122185,-0.1736761395151556
2025-04-22,1155158614.8317542,0.1551586148317543,-0.17511174915984218
2025-04-23,1173526377.00098,0.17352637700097984,-0.16199549740611452
2025-04-24,1171927193.72754,0.17192719372753995,-0.1631374596234788
2025-04-25,1183121476.6416204,0.18312147664162048,-0.15514372410192834
2025-04-28,1182481803.3322442,0.18248180333224417,-0.15560050898887423
2025-04-29,1190477719.6994445,0.1904777196994445,-0.14989069790205234
2025-04-30,1192076902.9728847,0.1920769029728846,-0.14874873568468794
2025-05-02,1190934629.2061417,0.1909346292061418,-0.14956442298280537
2025-05-07,1197331362.299902,0.197331362299902,-0.144996574113348
2025-05-08,1197559817.0532506,0.19755981705325065,-0.1448334366537245
2025-05-09,1197102907.5465534,0.19710290754655335,-0.14515971157297147
2025-05-12,1211267102.2541652,0.21126710225416523,-0.1350451890763158
2025-05-13,1211952466.514211,0.21195246651421096,-0.13455577669744534
2025-05-14,1226802025.4818685,0.22680202548186856,-0.12395184182191932
2025-05-15,1219719928.1280625,0.2197199281280624,-0.12900910307024716
2025-05-16,1222004475.6615484,0.22200447566154846,-0.1273777284740123
2025-05-19,1211038647.5008168,0.2110386475008168,-0.13520832653593917
2025-05-20,1209667918.9807253,0.20966791898072534,-0.1361871512936801
2025-05-21,1219491473.3747141,0.2194914733747142,-0.12917224052987053
2025-05-22,1203956550.1470108,0.20395655014701086,-0.140265587784267
2025-05-23,1205555733.420451,0.20555573342045097,-0.1391236255669026
2025-05-26,1228401208.7553086,0.22840120875530867,-0.12280987960455492
2025-05-27,1225659751.7151256,0.22565975171512553,-0.12476752912003675
2025-05-28,1240966220.1894805,0.24096622018948044,-0.11383731932526353
2025-05-29,1267010062.0712185,0.2670100620712186,-0.09523964892818693
2025-05-30,1256729598.1705325,0.2567295981705324,-0.10258083461124345
2025-06-02,1257643417.1839266,0.2576434171839266,-0.10192828477274973
2025-06-04,1293739268.2130022,0.2937392682130022,-0.07615256615223998
2025-06-05,1307903462.9206142,0.3079034629206143,-0.06603804365558419
2025-06-09,1328692845.4753346,0.3286928454753346,-0.05119253482984776
2025-06-10,1338287945.1159751,0.33828794511597504,-0.044340761525661576
2025-06-11,1354736687.3570728,0.35473668735707276,-0.03259486443277104
2025-06-12,1359991146.68409,0.35999114668408994,-0.028842702861431202
2025-06-13,1352223685.0702384,0.35222368507023827,-0.034389376488629386
2025-06-16,1372099248.6115649,0.37209924861156485,-0.020196417501386676
2025-06-17,1375297615.158445,0.37529761515844484,-0.017912493066657986
2025-06-18,1385121169.5524337,0.3851211695524337,-0.01089758230284843
2025-06-19,1386720352.8258739,0.3867203528258738,-0.00975562008548403
2025-06-20,1407509735.3805945,0.40750973538059454,0.0
2025-06-23,1404311368.8337142,0.4043113688337143,-0.002272358383379469
2025-06-24,1445661679.1898072,0.44566167918980715,0.0
2025-06-25,1448631590.9833386,0.4486315909833385,0.0
2025-06-26,1432411303.4955895,0.4324113034955894,-0.011196972086421675
2025-06-27,1426699934.6618752,0.42669993466187517,-0.015139567891499617
2025-06-30,1432868213.0022867,0.43286821300228673,-0.010881564422015488
2025-07-01,1443148676.9029727,0.44314867690297266,-0.003784891972874904
2025-07-02,1434695851.0290751,0.43469585102907504,-0.00961993376439052
2025-07-03,1455485233.583796,0.455485233583796,0.0
2025-07-04,1426014570.4018292,0.4260145704018292,-0.02024799874431027
2025-07-07,1430355210.7154522,0.43035521071545224,-0.017265735363365398
2025-07-08,1450687683.763476,0.4506876837634759,-0.0032961858420970103
2025-07-09,1462110421.4309046,0.46211042143090464,0.0
2025-07-10,1483128258.738974,0.483128258738974,0.0
2025-07-11,1482899803.9856255,0.4828998039856256,-0.00015403573629080292
2025-07-14,1492951813.132963,0.4929518131329629,0.0
2025-07-15,1500719274.7468147,0.5007192747468148,0.0
2025-07-16,1487925808.5592942,0.4879258085592941,-0.008524889633125365
2025-07-17,1490895720.3528259,0.4908957203528259,-0.006545897396864064
2025-07-18,1489068082.3260372,0.48906808232603716,-0.007763738773024831
2025-07-21,1497292453.446586,0.4972924534465859,-0.0022834525803014927
2025-07-22,1480386801.698791,0.4803868016987911,-0.013548485309788472
2025-07-23,1485184351.5191114,0.48518435151911143,-0.010351651697366404
2025-07-24,1489296537.0793858,0.4892965370793858,-0.0076115086010047905
2025-07-25,1492266448.8729172,0.49226644887291715,-0.0056325163647436005
2025-07-28,1494322541.6530545,0.49432254165305456,-0.004262444816562683
2025-07-29,1506887553.0872262,0.5068875530872261,0.0
2025-07-30,1516939562.2345638,0.5169395622345638,0.0
2025-07-31,1511228193.400849,0.5112281934008491,-0.0037650602409640133
2025-08-01,1455713688.3371446,0.45571368833714465,-0.04036144578313261
2025-08-04,1470106337.798105,0.47010633779810496,-0.030873493975903665
2025-08-05,1490895720.3528259,0.4908957203528259,-0.017168674698795128
2025-08-06,1494322541.6530545,0.49432254165305456,-0.014909638554216897
2025-08-07,1502546912.7736034,0.5025469127736035,-0.009487951807228834
2025-08-08,1495693270.1731458,0.4956932701731458,-0.014006024096385739
2025-08-11,1497520908.1999345,0.49752090819993455,-0.012801204819277157
2025-08-12,1489753446.586083,0.4897534465860829,-0.017921686746987908
2025-08-13,1502090003.2669063,0.5020900032669062,-0.009789156626506035
2025-08-14,1503917641.293695,0.503917641293695,-0.008584337349397453
2025-08-18,1483585168.2456713,0.4835851682456713,-0.0219879518072289
2025-08-19,1471933975.8248935,0.4719339758248935,-0.029668674698795416
2025-08-20,1465537242.7311337,0.4655372427311337,-0.033885542168674565
2025-08-21,1470106337.798105,0.47010633779810496,-0.030873493975903665
2025-08-22,1478559163.6720026,0.4785591636720026,-0.025301204819277112
2025-08-25,1495464815.4197974,0.49546481541979737,-0.014156626506024117
2025-08-26,1486555080.039203,0.4865550800392029,-0.02003012048192765
2025-08-27,1487697353.8059456,0.4876973538059457,-0.01927710843373498
2025-08-28,1494094086.8997061,0.49409408689970613,-0.015060240963855276
2025-08-29,1488154263.312643,0.488154263312643,-0.01897590361445778
2025-09-01,1470334792.5514538,0.47033479255145383,-0.030722891566264954
2025-09-02,1481529075.4655342,0.48152907546553414,-0.02334337349397586
2025-09-03,1485869715.779157,0.48586971577915694,-0.02048192771084345
2025-09-04,1492951813.132963,0.4929518131329629,-0.01581325301204828
2025-09-05,1498434727.2133286,0.4984347272133287,-0.012198795180723088
2025-09-08,1504603005.5537405,0.5046030055537405,-0.008132530120481984
2025-09-09,1521280202.5481868,0.5212802025481869,0.0
2025-09-10,1549151682.4567132,0.5491516824567133,0.0
2025-09-11,1560345965.3707936,0.5603459653707936,0.0
2025-09-12,1585932897.7458346,0.5859328977458347,0.0
2025-09-15,1590501992.8128064,0.5905019928128064,0.0
2025-09-16,1610149101.6007838,0.6101491016007838,0.0
2025-09-17,1593700359.3596861,0.5937003593596861,-0.010215664018161208
2025-09-18,1614489741.9144068,0.6144897419144069,0.0
2025-09-19,1608093008.8206468,0.6080930088206467,-0.003962077260506458
2025-09-22,1620429565.50147,0.62042956550147,0.0
2025-09-23,1631623848.4155502,0.6316238484155503,0.0
2025-09-24,1620201110.7481213,0.6202011107481213,-0.007000840100812145
2025-09-25,1621571839.268213,0.621571839268213,-0.006160739288714523
2025-09-26,1581363802.678863,0.581363802678863,-0.03080369644357317
2025-09-29,1604437732.7670696,0.6044377327670696,-0.01666199943993263
2025-09-30,1601467820.9735382,0.6014678209735382,-0.01848221786614368
2025-10-01,1616774289.447893,0.6167742894478929,-0.009101092131055588
2025-10-02,1655383142.7638025,0.6553831427638026,0.0
2025-10-10,1682340803.658935,0.6823408036589351,0.0
2025-10-13,1676857889.5785692,0.6768578895785691,-0.0032590983161325804
2025-10-14,1666577425.677883,0.6665774256778829,-0.009369907658881127
2025-10-15,1711583012.087553,0.711583012087553,0.0
2025-10-16,1754989415.223783,0.754989415223783,0.0
2025-10-17,1752476412.9369485,0.7524764129369486,-0.001431918771153451
2025-10-20,1782403985.6256125,0.7824039856256124,0.0
2025-10-21,1788800718.7193725,0.7888007187193724,0.0
2025-10-22,1816672198.6278992,0.8166721986278991,0.0
2025-10-23,1799538092.126756,0.7995380921267559,-0.009431589537223228
2025-10-24,1844086769.0297287,0.8440867690297287,0.0
2025-10-27,1890006174.4527931,0.8900061744527932,0.0
2025-10-28,1874242796.4717412,0.8742427964717412,-0.008340384382932386
2025-10-29,1909653283.240771,0.9096532832407711,0.0
2025-10-30,1912623195.0343025,0.9126231950343024,0.0
2025-10-31,1920847566.1548512,0.9208475661548512,0.0
2025-11-03,1970879157.13819,0.9708791571381901,0.0
2025-11-04,1929985756.2887943,0.9299857562887943,-0.020748811869711448
2025-11-05,1871044429.9248612,0.8710444299248612,-0.050654920598122155
2025-11-06,1884523260.3724272,0.8845232603724271,-0.043815926741625155
2025-11-07,1845685952.3031688,0.8456859523031688,-0.06352150226034547
2025-11-10,1906911826.200588,0.906911826200588,-0.032456242030833415
2025-11-11,1917877654.3613198,0.9178776543613199,-0.02689231482554766
2025-11-12,1941180039.2028747,0.9411800392028746,-0.015068969514315578
2025-11-13,1953745050.6370466,0.9537450506370466,-0.008693636258258919
2025-11-14,1879268801.0454102,0.8792688010454102,-0.046481975194157754
2025-11-17,1913537014.0476968,0.9135370140476968,-0.029094702677639916
2025-11-18,1849341228.356746,0.8493412283567459,-0.061666859858583556
2025-11-19,1841116857.2361972,0.8411168572361973,-0.06583980526254785
2025-11-20,1876527344.005227,0.876527344005227,-0.04787295699547922
2025-11-21,1805249460.9604702,0.8052494609604701,-0.08403848382983659
2025-11-24,1805249460.9604702,0.8052494609604701,-0.08403848382983659
2025-11-25,1804107187.1937273,0.8041071871937273,-0.08461805958038726
2025-11-26,1854138778.1770663,0.8541387781770664,-0.05923264170627096
2025-11-27,1867160699.1179352,0.8671606991179353,-0.05262547814999419
2025-11-28,1844772133.2897744,0.8447721332897744,-0.06398516286078593
2025-12-01,1839517673.962757,0.839517673962757,-0.06665121131331864
2025-12-02,1871272884.6782095,0.8712728846782096,-0.05053900544801215
2025-12-03,1894118360.0130675,0.8941183600130675,-0.03894749043700019
2025-12-04,1890006174.4527931,0.8900061744527932,-0.04103396313898222
2025-12-05,1919705292.3881085,0.9197052923881084,-0.025964993624666644
2025-12-08,1946434498.5298922,0.9464344985298923,-0.012402921061782757
2025-12-09,1942550767.722966,0.9425507677229659,-0.0143734786136549
2025-12-10,1940037765.436132,0.940037765436132,-0.01564854526486603
2025-12-11,1927472754.00196,0.92747275400196,-0.02202387852092269
2025-12-12,1953059686.3770008,0.9530596863770009,-0.009041381708589369
2025-12-15,1921761385.1682456,0.9217613851682456,-0.024921757273675627
2025-12-16,1878583436.7853642,0.8785834367853642,-0.046829720644488204
2025-12-17,1905312642.9271479,0.9053126429271479,-0.03326764808160432
2025-12-18,1875156615.4851356,0.8751566154851356,-0.04856844789614001
2025-12-19,1887721626.9193072,0.8877216269193073,-0.04219311464008346
2025-12-22,1921989839.921594,0.921989839921594,-0.024805842123565625
2025-12-23,1927472754.00196,0.92747275400196,-0.02202387852092269
2025-12-24,1924959751.7151256,0.9249597517151256,-0.023298945172134045
2025-12-26,1938210127.409343,0.9382101274093431,-0.016575866465747158
2025-12-29,1978646618.7520416,0.9786466187520415,0.0
2025-12-30,1981616530.5455732,0.9816165305455733,0.0
2026-01-02,2026393662.2018945,1.0263936622018943,0.0
2026-01-05,2091731721.659588,1.0917317216595883,0.0
2026-01-06,2123258477.6216922,1.1232584776216923,0.0
2026-01-07,2139478765.109441,1.1394787651094411,0.0
2026-01-08,2140392584.1228356,1.1403925841228357,0.0
2026-01-09,2155470597.8438416,1.1554705978438418,0.0
2026-01-12,2173518523.3583794,1.1735185233583794,0.0
2026-01-13,2206872917.347272,1.206872917347272,0.0
2026-01-14,2218752564.521398,1.218752564521398,0.0
2026-01-15,2252792322.770336,1.2527923227703361,0.0
2026-01-16,2274952433.8451486,1.2749524338451486,0.0
2026-01-19,2306707644.5606008,1.3067076445606007,0.0
2026-01-20,2297797909.1800065,1.2977979091800065,-0.0038625334257699206
2026-01-21,2304651551.7804637,1.3046515517804638,-0.0008913538674852894
2026-01-22,2322471022.541653,1.3224710225416532,0.0
2026-01-23,2345773407.383208,1.345773407383208,0.0
2026-01-26,2323841751.061744,1.3238417510617442,-0.009349435138293782
2026-01-27,2387123717.7393007,1.3871237177393008,0.0
2026-01-28,2429159392.3554397,1.4291593923554395,0.0
2026-01-29,2456345508.00392,1.45634550800392,0.0
2026-01-30,2459543874.5508003,1.4595438745508003,0.0
2026-02-02,2330466938.908853,1.3304669389088533,-0.05248002972320276
2026-02-03,2486273080.692584,1.486273080692584,0.0
2026-02-04,2526481117.281934,1.526481117281934,0.0
2026-02-05,2430073211.3688335,1.4300732113688337,-0.03815896554842213
2026-02-06,2393291996.0797124,1.3932919960797125,-0.05271724387376797
2026-02-09,2489242992.4861155,1.4892429924861155,-0.014739126503300448
2026-02-10,2494954361.31983,1.49495436131983,-0.012478524278867864
2026-02-11,2513230741.587716,1.5132307415877162,-0.005244597160683595
2026-02-12,2589306174.452793,1.5893061744527932,0.0
2026-02-13,2591362267.23293,1.5913622672329302,0.0
2026-02-19,2669493792.8781443,1.6694937928781441,0.0
2026-02-20,2724094478.9284544,1.7240944789284542,0.0
2026-02-23,2746939954.2633123,1.7469399542633122,0.0
2026-02-24,2804510552.107154,1.8045105521071538,0.0
2026-02-25,2865736426.0045733,1.8657364260045735,0.0
2026-02-26,2972653250.571708,1.972653250571708,0.0
2026-02-27,2951635413.2636395,1.9516354132636393,-0.007070396557024128
2026-03-03,2735745671.349232,1.7357456713492323,-0.07969566553950191
2026-03-04,2396490362.6265926,1.3964903626265928,-0.19382108822625255
2026-03-05,2646648317.5432863,1.6466483175432862,-0.10966799877036582
2026-03-06,2637053217.902646,1.637053217902646,-0.11289578850292026
2026-03-09,2469595883.6981378,1.4695958836981378,-0.16922840454964638
2026-03-10,2608496373.7340736,1.6084963737340736,-0.12250230556409458
2026-03-11,2645506043.7765436,1.6455060437765434,-0.11005225945281272
2026-03-12,2626544299.248611,1.6265442992486108,-0.1164309867814326
2026-03-13,2583823260.372427,1.583823260372427,-0.1308023363049493
2026-03-16,2616263835.347925,1.616263835347925,-0.11988933292345527
2026-03-17,2656243417.183927,1.6562434171839269,-0.10644020903781104
2026-03-18,2789432538.3861485,1.7894325383861482,-0.06163541346449419
2026-03-19,2718840019.601437,1.718840019601437,-0.08538272363971722
2026-03-20,2724779843.1885004,1.7247798431885002,-0.08338456809099282
2026-03-23,2555037961.450506,1.5550379614505063,-0.14048570550261297
2026-03-24,2622660568.441685,1.622660568441685,-0.11773747310175231
2026-03-25,2660812512.2508984,1.6608125122508985,-0.10490316630802321
2026-03-26,2579254165.3054557,1.5792541653054557,-0.13233937903473703
2026-03-27,2560977785.037569,1.560977785037569,-0.13848754995388868
2026-03-30,2490156811.49951,1.4901568114995096,-0.16231171226560093
2026-03-31,2387809081.9993467,1.3878090819993467,-0.19674146941284953
2026-04-01,2590448448.219536,1.590448448219536,-0.1285736243467568
2026-04-02,2484445442.6657953,1.4844454426657951,-0.16423301567783577
2026-04-03,2544757497.54982,1.5447574975498197,-0.14394405164463575
2026-04-06,2564861515.844495,1.5648615158444947,-0.13718106363356908
2026-04-07,2592732995.7530217,1.5927329957530216,-0.12780510298186287
2026-04-08,2777781345.9653707,1.7777813459653706,-0.06555487242545333
2026-04-09,2725922116.955243,1.725922116955243,-0.08300030740854591
2026-04-10,2765216334.531199,1.7652163345311989,-0.06978173993237002
2026-04-13,2738715583.1427636,1.7387155831427634,-0.07869658776513977
2026-04-14,2830782848.742241,1.830782848742241,-0.047725176759913834
2026-04-15,2880585984.9722314,1.8805859849722313,-0.030971411005225824
2026-04-16,2934729761.5158443,1.9347297615158445,-0.012757454657239431
2026-04-17,2931074485.4622674,1.9310744854622675,-0.013987088841069584
2026-04-20,2940212675.59621,1.94021267559621,-0.010913003381494035
2026-04-21,3018344201.2414246,2.0183442012414248,0.0
2026-04-22,3029310029.4021564,2.0293100294021564,0.0
2026-04-23,3044616497.8765106,2.0446164978765107,0.0
2026-04-24,3056267690.297288,2.056267690297288,0.0
2026-04-27,3116122835.674616,2.116122835674616,0.0
2026-04-28,3138282946.749428,2.138282946749428,0.0
2026-04-29,3137369127.7360344,2.1373691277360343,-0.00029118439251629713
2026-04-30,3098303364.9134264,2.0983033649134266,-0.012739317172599574
2026-05-04,3247484318.8500485,2.2474843188500486,0.0
2026-05-06,3467943155.8314276,2.4679431558314278,0.0
2026-05-07,3506780463.900686,2.506780463900686,0.0
2026-05-08,3524828389.4152236,2.5248283894152235,0.0
2026-05-11,3668983338.7781773,2.6689833387781774,0.0
2026-05-12,3597477000.980072,2.597477000980072,-0.01948941469489418
2026-05-13,3689315811.8262005,2.6893158118262006,0.0
2026-05-14,3728381574.648807,2.728381574648807,0.0
2026-05-15,3534423489.055864,2.5344234890558637,-0.052022058823529393
2026-05-18,3534880398.5625606,2.5348803985625605,-0.05189950980392166
2026-05-19,3426364390.7219863,2.4263643907219863,-0.08100490196078414
2026-05-20,3396208363.2799735,2.3962083632799733,-0.08909313725490198
2026-05-21,3659159784.384188,2.659159784384188,-0.018566176470588114
2026-05-22,3678349983.6654687,2.6783499836654685,-0.01341911764705872
2026-05-26,3792348905.5864096,2.7923489055864095,0.0
2026-05-27,3878704802.3521724,2.878704802352172,0.0
2026-05-28,3838039856.256125,2.838039856256125,-0.010484155966545061
2026-05-29,3969858248.938255,2.969858248938255,0.0
2026-06-01,4033597125.122509,3.033597125122509,0.0
2026-06-02,4140057040.1829467,3.1400570401829464,0.0
