date,portfolio_value,cumulative_return,drawdown
2015-08-24,999000000.0,-0.0010000000000000009,0.0
2015-08-25,1010161646.5207448,0.010161646520744805,0.0
2015-08-26,1032746030.7089186,0.03274603070891846,0.0
2015-08-27,1042993858.2162691,0.04299385821626922,0.0
2015-08-28,1058594054.2306436,0.058594054230643566,0.0
2015-08-31,1056831688.9905261,0.05683168899052604,-0.0016648168701441923
2015-09-01,1046322770.3364915,0.04632277033649146,-0.011592058206930544
2015-09-02,1045735315.2564522,0.045735315256452136,-0.012146997163645312
2015-09-03,1046583861.4831755,0.046583861483175504,-0.011345418670612895
2015-09-04,1028633845.1486443,0.02863384514864431,-0.028301886792452824
2015-09-07,1028242208.428618,0.02824220842861802,-0.02867184609692952
2015-09-08,1025500751.3884351,0.025500751388435106,-0.031261561228264956
2015-09-09,1053568049.6569749,0.053568049656974814,-0.004747811074115149
2015-09-10,1067993335.5112709,0.06799333551127096,0.0
2015-09-11,1061792420.7775236,0.06179242077752356,-0.005806136169172582
2015-09-14,1053829140.803659,0.05382914080365886,-0.013262437354846668
2015-09-15,1055526233.2571056,0.055526233257105595,-0.01167338956117836
2015-09-16,1077327344.0052269,0.0773273440052269,0.0
2015-09-17,1077588435.1519113,0.07758843515191116,0.0
2015-09-18,1089011172.81934,0.0890111728193399,0.0
2015-09-21,1072627703.3649135,0.07262770336491342,-0.015044353871973004
2015-09-22,1080003528.258739,0.08000352825873902,-0.008271397746343667
2015-09-23,1063163149.297615,0.06316314929761502,-0.02373531527211703
2015-09-24,1061988239.1375368,0.061988239137536816,-0.024814193239031335
2015-09-25,1060748056.1907874,0.06074805619078738,-0.02595300887077423
2015-09-30,1070277883.0447567,0.07027788304475657,-0.017202109805801835
2015-10-01,1080917347.2721334,0.0809173472721334,-0.007432270438743616
2015-10-02,1074716432.538386,0.074716432538386,-0.013126348597458648
2015-10-05,1079872982.685397,0.079872982685397,-0.00839127307600085
2015-10-06,1086400261.3524992,0.08640026135249923,-0.002397506593142973
2015-10-07,1092666448.8729174,0.09266644887291742,0.0
2015-10-08,1098279908.5266254,0.09827990852662549,0.0
2015-10-12,1103305913.1002939,0.1033059131002938,0.0
2015-10-13,1102065730.1535447,0.10206573015354459,-0.0011240608176061873
2015-10-14,1095342633.1264293,0.09534263312642932,-0.007217653670945845
2015-10-15,1108723554.393989,0.10872355439398906,0.0
2015-10-16,1107026461.9405425,0.10702646194054255,-0.0015306723183798887
2015-10-19,1105982097.353806,0.10598209735380593,-0.0024726245143059655
2015-10-20,1113096831.1009474,0.11309683110094748,0.0
2015-10-21,1115120287.487749,0.11512028748774905,0.0
2015-10-22,1104546096.0470433,0.10454609604704324,-0.009482556778272144
2015-10-23,1111465011.434172,0.11146501143417198,-0.0032779208616248168
2015-10-26,1113553740.6076446,0.11355374060764456,-0.0014048232264106675
2015-10-27,1114467559.621039,0.11446755962103894,-0.0005853430110044355
2015-10-28,1114141195.6876838,0.11414119568768388,-0.0008780145165065978
2015-10-29,1110877556.3541327,0.11087755635413266,-0.0038047295715288865
2015-10-30,1111465011.434172,0.11146501143417198,-0.0032779208616248168
2015-11-02,1110551192.4207776,0.1105511924207776,-0.00409740107703116
2015-11-03,1117470107.807906,0.1174701078079059,0.0
2015-11-04,1118579745.1813133,0.11857974518131331,0.0
2015-11-05,1118906109.1146684,0.11890610911466837,0.0
2015-11-06,1113814831.7543285,0.11381483175432838,-0.004550227511375682
2015-11-09,1105721006.2071218,0.10572100620712188,-0.011783922529459812
2015-11-10,1087966808.2326038,0.08796680823260372,-0.027651382569128358
2015-11-11,1087966808.2326038,0.08796680823260372,-0.027651382569128358
2015-11-12,1089337536.7526953,0.0893375367526954,-0.026426321316065704
2015-11-13,1077914799.085266,0.07791479908526622,-0.03663516509158804
2015-11-16,1059834237.177393,0.059834237177393,-0.05279430638198579
2015-11-17,1072954067.2982687,0.0729540672982687,-0.041068720102671596
2015-11-18,1071909702.7115321,0.07190970271153208,-0.04200210010500527
2015-11-19,1084115713.8190134,0.0841157138190134,-0.031093221327733067
2015-11-20,1082940803.6589348,0.08294080365893475,-0.03214327383035831
2015-11-23,1091556811.49951,0.09155681149951,-0.024442888811107122
2015-11-24,1102065730.1535447,0.10206573015354459,-0.015050752537626777
2015-11-25,1096974452.7932048,0.09697445279320482,-0.01960098004900246
2015-11-26,1106308461.287161,0.1063084612871612,-0.011258896278147135
2015-11-27,1105721006.2071218,0.10572100620712188,-0.011783922529459812
2015-11-30,1090642992.4861155,0.0906429924861154,-0.025259596313149113
2015-12-01,1103893368.1803331,0.10389336818033312,-0.01341733753354335
2015-12-02,1097300816.7265599,0.09730081672655988,-0.019309298798273256
2015-12-03,1085878079.059131,0.08587807905913092,-0.02951814257379537
2015-12-04,1077914799.085266,0.07791479908526622,-0.03663516509158804
2015-12-07,1073541522.3783077,0.0735415223783078,-0.04054369385135925
2015-12-08,1063946422.7376674,0.06394642273766737,-0.04911912262279772
2015-12-09,1063946422.7376674,0.06394642273766737,-0.04911912262279772
2015-12-10,1065839333.551127,0.06583933355112692,-0.04742737136856856
2015-12-11,1062575694.217576,0.06257569421757592,-0.05034418387586037
2015-12-14,1049325318.5233583,0.04932531852335842,-0.062186442655466134
2015-12-15,1053568049.6569749,0.053568049656974814,-0.05839458639598638
2015-12-16,1075891342.6984646,0.07589134269846465,-0.03844358884610888
2015-12-17,1077588435.1519113,0.07758843515191116,-0.03692684634231702
2015-12-18,1080590983.3387783,0.08059098333877834,-0.03424337883560835
2015-12-21,1081700620.7121856,0.08170062071218553,-0.03325166258312906
2015-12-22,1087444625.9392354,0.08744462593923541,-0.028118072570295194
2015-12-23,1090904083.6327999,0.09090408363279989,-0.02502625131256553
2015-12-24,1086530806.9258413,0.08653080692584125,-0.028934780072336852
2015-12-28,1072040248.2848742,0.0720402482848741,-0.04188542760471359
2015-12-29,1087640444.2992487,0.08764044429924867,-0.02794306381985756
2015-12-30,1084964260.0457368,0.08496426004573676,-0.030334850075837028
2016-01-04,1060095328.324077,0.060095328324077046,-0.05256096138140243
2016-01-05,1068580790.59131,0.06858079059131006,-0.04497724886244314
2016-01-06,1063163149.297615,0.06316314929761502,-0.049819157624547916
2016-01-07,1052980594.5769356,0.05298059457693571,-0.05891961264729895
2016-01-08,1061792420.7775236,0.06179242077752356,-0.05104421887761057
2016-01-11,1049912773.6033976,0.04991277360339752,-0.06166141640415346
2016-01-12,1047562953.2832408,0.047562953283240894,-0.06376152140940372
2016-01-13,1059050963.7373408,0.05905096373734087,-0.053494341383735766
2016-01-14,1051414047.6968311,0.051414047696831,-0.06031968265079912
2016-01-15,1041231492.9761516,0.041231492976151696,-0.06942013767355026
2016-01-18,1039991310.0294023,0.03999131002940226,-0.07052852642632124
2016-01-19,1042406403.1362299,0.0424064031362299,-0.06837008517092524
2016-01-20,1022759294.3482523,0.02275929434825219,-0.08592929646482317
2016-01-21,1019560927.801372,0.019560927801371975,-0.08878777272196947
2016-01-22,1038881672.6559949,0.03888167265599485,-0.07152024267880042
2016-01-25,1046061679.1898072,0.04606167918980719,-0.06510325516275817
2016-01-26,1036140215.6158118,0.03614021561581193,-0.07397036518492583
2016-01-27,1049716955.2433845,0.049716955243384486,-0.06183642515459109
2016-01-28,1051675138.8435152,0.05167513884351527,-0.06008633765021587
2016-01-29,1055983142.7638028,0.055983142763802674,-0.05623614514059028
2016-02-01,1060748056.1907874,0.06074805619078738,-0.05197759887994391
2016-02-02,1056505325.0571709,0.05650532505717076,-0.05576945513942355
2016-02-03,1046322770.3364915,0.04632277033649146,-0.06486991016217458
2016-02-04,1059834237.177393,0.059834237177393,-0.05279430638198579
2016-02-05,1061792420.7775236,0.06179242077752356,-0.05104421887761057
2016-02-11,1030722574.322117,0.03072257432211689,-0.07881227394703061
2016-02-12,1015122378.3077426,0.015122378307742546,-0.09275463773188652
2016-02-15,1030461483.1754329,0.030461483175432846,-0.07904561894761397
2016-02-16,1041231492.9761516,0.041231492976151696,-0.06942013767355026
2016-02-17,1042406403.1362299,0.0424064031362299,-0.06837008517092524
2016-02-18,1052001502.7768703,0.05200150277687032,-0.05979465639948667
2016-02-19,1056831688.9905261,0.05683168899052604,-0.05547777388869435
2016-02-22,1059834237.177393,0.059834237177393,-0.05279430638198579
2016-02-23,1057158052.923881,0.0571580529238811,-0.055186092637965256
2016-02-24,1056505325.0571709,0.05650532505717076,-0.05576945513942355
2016-02-25,1058006599.1506044,0.058006599150604465,-0.05442772138606933
2016-02-26,1060095328.324077,0.060095328324077046,-0.05256096138140243
2016-02-29,1062902058.150931,0.06290205815093097,-0.05005250262513128
2016-03-02,1077588435.1519113,0.07758843515191116,-0.03692684634231702
2016-03-03,1081700620.7121856,0.08170062071218553,-0.03325166258312906
2016-03-04,1082940803.6589348,0.08294080365893475,-0.03214327383035831
2016-03-07,1084964260.0457368,0.08496426004573676,-0.030334850075837028
2016-03-08,1077914799.085266,0.07791479908526622,-0.03663516509158804
2016-03-09,1080590983.3387783,0.08059098333877834,-0.03424337883560835
2016-03-10,1092666448.8729174,0.09266644887291742,-0.02345117255862783
2016-03-11,1089924991.8327346,0.0899249918327345,-0.025901295064753027
2016-03-14,1090904083.6327999,0.09090408363279989,-0.02502625131256553
2016-03-15,1091230447.5661547,0.09123044756615473,-0.024734570061836547
2016-03-16,1090904083.6327999,0.09090408363279989,-0.02502625131256553
2016-03-17,1101086638.3534791,0.1010866383534792,-0.015925796289814498
2016-03-18,1102392094.0868998,0.10239209408689987,-0.014759071286897574
2016-03-21,1098279908.5266254,0.09827990852662549,-0.018434255046085535
2016-03-22,1103567004.246978,0.10356700424697807,-0.013709018784272553
2016-03-23,1103044821.95361,0.10304482195360998,-0.014175708785439278
2016-03-24,1100890819.9934661,0.10089081999346616,-0.01610080504025202
2016-03-25,1095864815.4197974,0.09586481541979741,-0.02059269630148175
2016-03-28,1095016269.193074,0.09501626919307404,-0.02135106755337779
2016-03-29,1103567004.246978,0.10356700424697807,-0.013709018784272553
2016-03-30,1105721006.2071218,0.10572100620712188,-0.011783922529459812
2016-03-31,1102718458.0202549,0.10271845802025492,-0.01446739003616837
2016-04-01,1092862267.2329304,0.09286226723293045,-0.02327616380819042
2016-04-04,1093971904.6063378,0.09397190460633786,-0.02228444755571113
2016-04-05,1089337536.7526953,0.0893375367526954,-0.026426321316065704
2016-04-06,1089924991.8327346,0.0899249918327345,-0.025901295064753027
2016-04-07,1093710813.4596539,0.09371081345965382,-0.02251779255629427
2016-04-08,1092666448.8729174,0.09266644887291742,-0.02345117255862783
2016-04-11,1091556811.49951,0.09155681149951,-0.024442888811107122
2016-04-12,1098018817.3799412,0.09801881737994123,-0.018667600046668897
2016-04-14,1115120287.487749,0.11512028748774905,-0.0033835025084587578
2016-04-15,1114141195.6876838,0.11414119568768388,-0.0042585462606462565
2016-04-18,1113553740.6076446,0.11355374060764456,-0.004783572511958933
2016-04-19,1110877556.3541327,0.11087755635413266,-0.0071753587679384
2016-04-20,1112117739.300882,0.11211773930088209,-0.006066970015167317
2016-04-21,1119297745.8346946,0.11929774583469466,0.0
2016-04-22,1116229924.8611565,0.11622992486115646,-0.002740844413342769
2016-04-25,1115642469.7811172,0.11564246978111714,-0.0032656869605786065
2016-04-26,1116882652.7278666,0.11688265272786658,-0.0021576860275251963
2016-04-27,1113814831.7543285,0.11381483175432838,-0.004898530440867965
2016-04-28,1108331917.6739626,0.10833191767396255,-0.009797060881735709
2016-04-29,1105655733.4204507,0.10565573342045065,-0.012188010263587845
2016-05-02,1095538451.4864423,0.09553845148644236,-0.021226965243760332
2016-05-03,1100956092.7801373,0.1009560927801374,-0.016386750641474213
2016-05-04,1093449722.3129694,0.09344972231296955,-0.023093072078376742
2016-05-09,1090120810.1927474,0.09012081019274731,-0.02606717984604634
2016-05-10,1097627180.6599152,0.09762718065991516,-0.01936085840914381
2016-05-11,1098345181.3132963,0.09834518131329628,-0.018719384184744614
2016-05-12,1094167722.9663508,0.0941677229663509,-0.022451597853977323
2016-05-13,1089533355.112708,0.08953335511270799,-0.02659202239328229
2016-05-16,1089794446.2593925,0.08979444625939248,-0.026358759038954904
2016-05-17,1089533355.112708,0.08953335511270799,-0.02659202239328229
2016-05-18,1082614439.72558,0.08261443972557991,-0.032773501282948425
2016-05-19,1077588435.1519113,0.07758843515191116,-0.0372638208537438
2016-05-20,1078436981.3786345,0.07843698137863453,-0.03650571495218102
2016-05-23,1082875530.872264,0.08287553087226396,-0.032540237928621485
2016-05-24,1075042796.4717414,0.0750427964717415,-0.039538138558432356
2016-05-25,1085943351.845802,0.08594335184580215,-0.029799393515278827
2016-05-26,1083724077.0989873,0.08372407709898733,-0.031782132027058596
2016-05-27,1088750081.672656,0.08875008167265608,-0.02729181245626311
2016-05-30,1090120810.1927474,0.09012081019274731,-0.02606717984604634
2016-05-31,1098345181.3132963,0.09834518131329628,-0.018719384184744614
2016-06-01,1099454818.6867037,0.0994548186867037,-0.017728014928854785
2016-06-02,1099781182.6200588,0.09978118262005875,-0.017436435735946
2016-06-03,1097627180.6599152,0.09762718065991516,-0.01936085840914381
2016-06-07,1109833191.7673965,0.10983319176739648,-0.008455796594354914
2016-06-08,1121451747.7948384,0.12145174779483847,0.0
2016-06-09,1117796471.741261,0.11779647174126096,-0.0032594144694721994
2016-06-10,1115642469.7811172,0.11564246978111714,-0.005180140853268345
2016-06-13,1095342633.1264293,0.09534263312642932,-0.023281531924800758
2016-06-14,1088162626.5926168,0.08816262659261676,-0.029683953204120983
2016-06-15,1089794446.2593925,0.08979444625939248,-0.028228857458820755
2016-06-16,1079611891.5387127,0.07961189153871273,-0.0373086549094932
2016-06-17,1082418621.3655667,0.08241862136556666,-0.034805890227577185
2016-06-20,1097627180.6599152,0.09762718065991516,-0.02124439788138055
2016-06-21,1096452270.4998367,0.09645227049983673,-0.02229206681799667
2016-06-22,1101413002.2868345,0.10141300228683447,-0.01786857575228451
2016-06-23,1100042273.7667427,0.1000422737667428,-0.019090856178336835
2016-06-24,1067340607.6445607,0.06734060764456062,-0.048250974914149425
2016-06-27,1065447696.831101,0.06544769683110085,-0.049938885978697556
2016-06-28,1072562430.5782423,0.07256243057824241,-0.04359466852918947
2016-06-29,1080329892.192094,0.08032989219209408,-0.03666841278156119
2016-06-30,1088423717.7393007,0.0884237177393008,-0.02945113788487308
2016-07-01,1098932636.3933353,0.09893263639333538,-0.020080321285140812
2016-07-04,1101739366.2201893,0.10173936622018931,-0.017577556603224798
2016-07-05,1102522639.6602418,0.10252263966024189,-0.016879110645480533
2016-07-06,1081765893.4988565,0.08176589349885655,-0.035387928525697165
2016-07-07,1093710813.4596539,0.09371081345965382,-0.024736627670100653
2016-07-08,1087575171.5125775,0.08757517151257743,-0.030207787672429043
2016-07-11,1097953544.59327,0.09795354459326999,-0.020953378732320838
2016-07-12,1103175367.526952,0.103175367526952,-0.016297072347360553
2016-07-13,1109506827.834041,0.1095068278340412,-0.010651300855596513
2016-07-14,1112313557.660895,0.11231355766089512,-0.008148536173680387
2016-07-15,1116295197.6478276,0.1162951976478277,-0.0045981025551481425
2016-07-18,1114467559.621039,0.11446755962103894,-0.006227809789884242
2016-07-19,1116947925.5145378,0.11694792551453781,-0.004016064257028162
2016-07-20,1114467559.621039,0.11446755962103894,-0.006227809789884242
2016-07-21,1113096831.1009474,0.11309683110094748,-0.007450090215936345
2016-07-22,1113096831.1009474,0.11309683110094748,-0.007450090215936345
2016-07-25,1112835739.9542632,0.11283573995426321,-0.00768290553518447
2016-07-26,1119101927.4746816,0.11910192747468162,-0.002095337873232017
2016-07-27,1121125383.861483,0.1211253838614832,-0.0002910191490601566
2016-07-28,1115838288.1411304,0.1158382881411304,-0.00500552936383214
2016-07-29,1118383926.8213003,0.11838392682130028,-0.0027355800011641396
2016-08-01,1123083567.461614,0.12308356746161397,0.0
2016-08-02,1118645017.9679844,0.11864501796798455,-0.003952109729164155
2016-08-03,1106439006.8605032,0.10643900686050323,-0.014820411484365859
2016-08-04,1106765370.7938583,0.10676537079385828,-0.014529815180750916
2016-08-05,1115316105.8477623,0.1153161058477623,-0.006916192026037327
2016-08-08,1121647566.1548512,0.12164756615485128,-0.001278623735906259
2016-08-09,1130002482.8487422,0.13000248284874227,0.0
2016-08-10,1131373211.3688338,0.13137321136883373,0.0
2016-08-11,1129088663.835348,0.1290886638353479,-0.0020192696013385802
2016-08-12,1133266122.1822934,0.1332661221822935,0.0
2016-08-16,1134636850.702385,0.13463685070238496,0.0
2016-08-17,1130002482.8487422,0.13000248284874227,-0.004084450325030242
2016-08-18,1136072852.0091474,0.13607285200914743,0.0
2016-08-19,1138618490.6893172,0.1386184906893173,0.0
2016-08-22,1128305390.3952956,0.12830539039529554,-0.009057555606512335
2016-08-23,1135811760.8624632,0.13581176086246316,-0.002465030956202763
2016-08-24,1131830120.875531,0.13183012087553103,-0.005961935335932034
2016-08-25,1130916301.8621366,0.13091630186213665,-0.006764503554230639
2016-08-26,1128566481.5419798,0.1285664815419798,-0.008828250401284099
2016-08-29,1124454295.9817052,0.12445429598170521,-0.01243980738362771
2016-08-30,1130589937.9287815,0.1305899379287816,-0.007051135060765823
2016-08-31,1125759751.7151258,0.12575975171512588,-0.01129328135748675
2016-09-01,1125041751.0617445,0.12504175106174453,-0.01192387067186429
2016-09-02,1127522116.9552433,0.1275221169552434,-0.009745471222196822
2016-09-05,1136921398.2358706,0.13692139823587057,-0.0014904838339830917
2016-09-06,1142143221.1695523,0.14214322116955236,0.0
2016-09-07,1142143221.1695523,0.14214322116955236,0.0
2016-09-08,1143057040.182947,0.14305704018294696,0.0
2016-09-09,1128109572.0352826,0.1281095720352825,-0.013076747373229947
2016-09-12,1104154459.3270173,0.10415445932701739,-0.03403380539058942
2016-09-13,1106765370.7938583,0.10676537079385828,-0.03174965737779811
2016-09-19,1116295197.6478276,0.1162951976478277,-0.023412517131110144
2016-09-20,1118906109.1146684,0.11890610911466837,-0.021128369118319057
2016-09-21,1124780659.9150605,0.12478065991506049,-0.015989036089538722
2016-09-22,1136072852.0091474,0.13607285200914743,-0.0061100959342166306
2016-09-23,1135224305.7824242,0.13522430578242428,-0.006852444038373706
2016-09-26,1133266122.1822934,0.1332661221822935,-0.008565555047967188
2016-09-27,1142143221.1695523,0.14214322116955236,-0.0007994518044771581
2016-09-28,1136921398.2358706,0.13692139823587057,-0.005367747830059555
2016-09-29,1145145769.3564196,0.14514576935641954,0.0
2016-09-30,1132743939.888925,0.13274393988892497,-0.010829913360693277
2016-10-04,1136660307.0891864,0.13666030708918653,-0.007409940720474406
2016-10-05,1131830120.875531,0.13183012087553103,-0.011627906976744207
2016-10-06,1141294674.9428291,0.1412946749428292,-0.0033629730962153603
2016-10-07,1136660307.0891864,0.13666030708918653,-0.007409940720474406
2016-10-10,1134375759.5557008,0.1343757595557007,-0.009404924760601951
2016-10-11,1123083567.461614,0.12308356746161397,-0.0192658458732331
2016-10-12,1126673570.7285202,0.12667357072852026,-0.01613087095303245
2016-10-13,1118383926.8213003,0.11838392682130028,-0.023369813041495657
2016-10-14,1120864292.7147992,0.12086429271479915,-0.021203830369357024
2016-10-17,1123279385.821627,0.12327938582162701,-0.019094847241222124
2016-10-18,1126347206.795165,0.12634720679516498,-0.01641586867305067
2016-10-19,1130589937.9287815,0.1305899379287816,-0.012710898312813468
2016-10-20,1128566481.5419798,0.1285664815419798,-0.014477884176926636
2016-10-21,1125041751.0617445,0.12504175106174453,-0.017555859553123776
2016-10-24,1129676118.9153872,0.12967611891538722,-0.01350889192886462
2016-10-25,1125759751.7151258,0.12575975171512588,-0.01692886456908349
2016-10-26,1111726102.5808558,0.1117261025808558,-0.02918376652986787
2016-10-27,1121125383.861483,0.1211253838614832,-0.020975832193342647
2016-10-28,1114793923.554394,0.114793923554394,-0.02650478796169642
2016-10-31,1111726102.5808558,0.1117261025808558,-0.02918376652986787
2016-11-01,1107157007.5138843,0.10715700751388435,-0.033173734610123184
2016-11-02,1092796994.4462593,0.09279699444625922,-0.0457136342909259
2016-11-03,1099193727.5400198,0.09919372754001965,-0.04012767897856817
2016-11-04,1097300816.7265599,0.09730081672655988,-0.041780665754674096
2016-11-07,1104350277.6870306,0.10435027768703065,-0.03562471500227993
2016-11-08,1108658281.607318,0.10865828160731783,-0.031862745098039214
2016-11-09,1081765893.4988565,0.08176589349885655,-0.05534655722754234
2016-11-10,1108331917.6739626,0.10833191767396255,-0.032147742818057656
2016-11-11,1098606272.4599805,0.09860627245998055,-0.04064067487460099
2016-11-14,1094820450.8330612,0.09482045083306123,-0.04394664842681251
2016-11-15,1086400261.3524992,0.08640026135249923,-0.05129958960328318
2016-11-16,1096452270.4998367,0.09645227049983673,-0.0425216598267214
2016-11-17,1097300816.7265599,0.09730081672655988,-0.041780665754674096
2016-11-18,1092796994.4462593,0.09279699444625922,-0.0457136342909259
2016-11-21,1090120810.1927474,0.09012081019274731,-0.0480506155950754
2016-11-22,1097300816.7265599,0.09730081672655988,-0.041780665754674096
2016-11-23,1101413002.2868345,0.10141300228683447,-0.038189694482444136
2016-11-24,1091752629.859523,0.09175262985952304,-0.04662562699498407
2016-11-25,1094167722.9663508,0.0941677229663509,-0.04451664386684917
2016-11-28,1096974452.7932048,0.09697445279320482,-0.042065663474692316
2016-11-29,1094820450.8330612,0.09482045083306123,-0.04394664842681251
2016-11-30,1096713361.6465206,0.09671336164652056,-0.042293661650707026
2016-12-01,1099454818.6867037,0.0994548186867037,-0.03989968080255368
2016-12-02,1091165174.7794838,0.09116517477948372,-0.047138622891017
2016-12-05,1088423717.7393007,0.0884237177393008,-0.049532603739170344
2016-12-06,1100042273.7667427,0.1000422737667428,-0.039386684906520975
2016-12-07,1101151911.1401503,0.10115191114015021,-0.038417692658458735
2016-12-08,1114793923.554394,0.114793923554394,-0.02650478796169642
2016-12-09,1117796471.741261,0.11779647174126096,-0.023882808937528588
2016-12-12,1118645017.9679844,0.11864501796798455,-0.02314181486548106
2016-12-13,1125759751.7151258,0.12575975171512588,-0.01692886456908349
2016-12-14,1126673570.7285202,0.12667357072852026,-0.01613087095303245
2016-12-15,1127195753.0218883,0.12719575302188835,-0.015674874601003252
2016-12-16,1126020842.8618097,0.1260208428618097,-0.016700866393069003
2016-12-19,1128109572.0352826,0.1281095720352825,-0.014876880984952212
2016-12-20,1129349754.9820318,0.12934975498203172,-0.013793889648883062
2016-12-21,1126020842.8618097,0.1260208428618097,-0.016700866393069003
2016-12-22,1127195753.0218883,0.12719575302188835,-0.015674874601003252
2016-12-23,1127522116.9552433,0.1275221169552434,-0.015389876880985032
2016-12-26,1128762299.9019928,0.12876229990199284,-0.01430688554491577
2016-12-27,1132743939.888925,0.13274393988892497,-0.010829913360693277
2016-12-28,1140446128.7161057,0.14044612871610562,-0.00410396716826289
2016-12-29,1139662855.2760537,0.1396628552760537,-0.004787961696306464
2017-01-02,1142469585.1029077,0.14246958510290764,-0.002336981304149499
2017-01-03,1150432865.0767722,0.15043286507677212,0.0
2017-01-04,1148213590.3299575,0.1482135903299575,-0.0019290780141844044
2017-01-05,1146908134.596537,0.14690813459653707,-0.0030638297872339626
2017-01-06,1152913230.970271,0.1529132309702712,0.0
2017-01-09,1151281411.3034956,0.1512814113034957,-0.00141538809941677
2017-01-10,1150237046.7167594,0.15023704671675953,-0.0023212364830433874
2017-01-11,1167142698.464554,0.1671426984645541,0.0
2017-01-12,1166816334.531199,0.16681633453119904,-0.00027962641910406205
2017-01-13,1167534335.18458,0.16753433518458016,0.0
2017-01-16,1162377785.0375695,0.1623777850375696,-0.004416615419019165
2017-01-17,1161072329.304149,0.16107232930414894,-0.005534745904847038
2017-01-18,1163813786.344332,0.16381378634433208,-0.0031866718846087494
2017-01-19,1165771969.9444625,0.16577196994446264,-0.0015094761558673842
2017-01-20,1161072329.304149,0.16107232930414894,-0.005534745904847038
2017-01-23,1161072329.304149,0.16107232930414894,-0.005534745904847038
2017-01-24,1160419601.4374387,0.16041960143743883,-0.006093811147760864
2017-01-25,1161790329.9575303,0.1617903299575303,-0.004919774137641775
2017-01-26,1170602156.1581182,0.17060215615811836,0.0
2017-01-31,1164531786.9977133,0.16453178699771343,-0.0051856808297088275
2017-02-01,1167534335.18458,0.16753433518458016,-0.002620720419315381
2017-02-02,1164792878.1443973,0.16479287814439725,-0.0049626407940225326
2017-02-03,1164335968.6377,0.16433596863770017,-0.005352960856473743
2017-02-06,1166816334.531199,0.16681633453119904,-0.0032340805174528864
2017-02-07,1166359425.0245018,0.16635942502450174,-0.003624400579904097
2017-02-08,1161529238.810846,0.16152923881084602,-0.007750641240102607
2017-02-09,1161790329.9575303,0.1617903299575303,-0.007527601204416201
2017-02-10,1167403789.6112382,0.16740378961123814,-0.002732240437158362
2017-02-13,1166816334.531199,0.16681633453119904,-0.0032340805174528864
2017-02-14,1166816334.531199,0.16681633453119904,-0.0032340805174528864
2017-02-15,1172103430.2515519,0.17210343025155184,0.0
2017-02-16,1171254884.0248287,0.1712548840248287,-0.000723951662304323
2017-02-17,1167534335.18458,0.16753433518458016,-0.0038982012585623282
2017-02-20,1172625612.54492,0.17262561254491993,0.0
2017-02-21,1183069258.4122834,0.1830692584122835,0.0
2017-02-22,1184309441.359033,0.18430944135903315,0.0
2017-02-23,1185875988.2391374,0.18587598823913742,0.0
2017-02-24,1177977981.0519438,0.17797798105194373,-0.006660061646851512
2017-02-27,1174583796.1450508,0.1745837961450507,-0.009522236900043834
2017-02-28,1176737798.1051946,0.17673779810519452,-0.007705856450902382
2017-03-02,1183069258.4122834,0.1830692584122835,-0.0023667987670630275
2017-03-03,1170406337.7981052,0.17040633779810532,-0.013044914134742291
2017-03-06,1171515975.1715126,0.1715159751715125,-0.012109202994275536
2017-03-07,1177977981.0519438,0.17797798105194373,-0.006660061646851512
2017-03-08,1178761254.491996,0.1787612544919961,-0.0059995596653456
2017-03-09,1176476706.9585102,0.17647670695851025,-0.00792602377807139
2017-03-10,1177325253.1852336,0.17732525318523362,-0.007210479964773087
2017-03-13,1191619993.4661875,0.19161999346618752,0.0
2017-03-14,1197755635.4132638,0.1977556354132639,0.0
2017-03-15,1198343090.4933028,0.1983430904933028,0.0
2017-03-16,1207742371.77393,0.20774237177393018,0.0
2017-03-17,1214465468.8010454,0.21446546880104544,0.0
2017-03-20,1209047827.5073504,0.2090478275073504,-0.004460926582822822
2017-03-21,1224778569.095067,0.224778569095067,0.0
2017-03-22,1219426200.5880432,0.21942620058804319,-0.004370070347473831
2017-03-23,1222689839.9215944,0.2226898399215944,-0.0017053933063312376
2017-03-24,1217533289.7745836,0.21753328977458364,-0.0059155830313365465
2017-03-27,1212833649.1342697,0.21283364913426972,-0.009752717970582081
2017-03-28,1215314015.0277686,0.2153140150277686,-0.007727563419313688
2017-03-29,1217533289.7745836,0.21753328977458364,-0.0059155830313365465
2017-03-30,1215640378.9611237,0.21564037896112365,-0.007461095715199484
2017-03-31,1217533289.7745836,0.21753328977458364,-0.0059155830313365465
2017-04-03,1219165109.441359,0.21916510944135914,-0.004583244510765305
2017-04-04,1213551649.787651,0.21355164978765107,-0.00916648902153061
2017-04-05,1215836197.321137,0.2158361973211369,-0.0073012150927307395
2017-04-06,1206175824.8938255,0.20617582489382547,-0.01518865913451295
2017-04-07,1207481280.627246,0.2074812806272459,-0.014122788318056023
2017-04-10,1200888729.1734726,0.20088872917347267,-0.01950543594116405
2017-04-11,1196450179.6798432,0.19645017967984324,-0.02312939671711789
2017-04-12,1197429271.4799085,0.1974292714799084,-0.022329993604775167
2017-04-13,1206763279.9738646,0.20676327997386457,-0.014709017267107383
2017-04-14,1202194184.9068933,0.20219418490689334,-0.018439565124706903
2017-04-17,1203173276.7069585,0.2031732767069585,-0.01764016201236418
2017-04-18,1210549101.600784,0.2105491016007841,-0.011617991899381841
2017-04-19,1204152368.5070238,0.2041523685070239,-0.016840758900021346
2017-04-20,1209047827.5073504,0.2090478275073504,-0.012843743338307512
2017-04-21,1217729108.1345966,0.21772910813459667,-0.005755702408868024
2017-04-24,1223016203.8549495,0.22301620385494947,-0.0014389256022169228
2017-04-25,1235222214.9624305,0.23522221496243056,0.0
2017-04-26,1242206403.13623,0.2422064031362301,0.0
2017-04-27,1243903495.5896766,0.2439034955896766,0.0
2017-04-28,1241357856.9095068,0.24135785690950673,-0.002046492102639408
2017-05-02,1248929500.1633453,0.24892950016334536,0.0
2017-05-04,1260939692.9108133,0.2609396929108134,0.0
2017-05-08,1285025351.1924207,0.2850253511924208,0.0
2017-05-10,1279281345.9653707,0.2792813459653707,-0.004469954792502784
2017-05-11,1288745900.032669,0.2887459000326691,0.0
2017-05-12,1289006991.1793532,0.28900699117935313,0.0
2017-05-15,1293314995.0996406,0.29331499509964054,0.0
2017-05-16,1290638810.8461287,0.29063881084612864,-0.002069243968910839
2017-05-17,1292466448.8729172,0.2924664488729172,-0.0006561017462400898
2017-05-18,1291356811.4995098,0.29135681149950976,-0.0015140809528616517
2017-05-19,1289659719.0460634,0.28965971904606347,-0.002826284445341609
2017-05-22,1298406272.4599805,0.2984062724599805,0.0
2017-05-23,1303171185.886965,0.303171185886965,0.0
2017-05-24,1307675008.1672657,0.3076750081672657,0.0
2017-05-25,1322622476.3149297,0.3226224763149297,0.0
2017-05-26,1329019209.40869,0.3290192094086899,0.0
2017-05-29,1328431754.3286507,0.3284317543286508,-0.00044202151171357507
2017-05-30,1323993204.8350213,0.32399320483502136,-0.0037817396002161052
2017-05-31,1325625024.501797,0.32562502450179687,-0.0025539020676782487
2017-06-01,1324254295.9817054,0.3242542959817054,-0.003585285595010035
2017-06-02,1337113034.9558969,0.33711303495589684,0.0
2017-06-05,1337374126.1025808,0.3373741261025809,0.0
2017-06-07,1332674485.4622674,0.3326744854622674,-0.0035140807262431517
2017-06-08,1334306305.1290429,0.3343063051290429,-0.0022939138074087317
2017-06-09,1344815223.7830775,0.3448152237830775,0.0
2017-06-12,1331564848.0888598,0.3315648480888598,-0.00985293403873233
2017-06-13,1340833583.796145,0.3408335837961449,-0.002960733873707766
2017-06-14,1338026853.969291,0.338026853969291,-0.0050478085715673915
2017-06-15,1333523031.6889904,0.33352303168899033,-0.008396835412318726
2017-06-16,1329541391.702058,0.329541391702058,-0.011357569286026381
2017-06-19,1337113034.9558969,0.33711303495589684,-0.005727321263893526
2017-06-20,1335611760.8624632,0.33561176086246314,-0.0068436635441441185
2017-06-21,1328170663.1819668,0.32817066318196675,-0.01237683832451586
2017-06-22,1336590852.6625288,0.33659085266252875,-0.006115614230937205
2017-06-23,1336590852.6625288,0.33659085266252875,-0.006115614230937205
2017-06-26,1348862136.556681,0.34886213655668086,0.0
2017-06-27,1349841228.3567462,0.34984122835674625,0.0
2017-06-28,1345337406.0764456,0.3453374060764456,-0.003336557059961387
2017-06-29,1348666318.1966677,0.3486663181966676,-0.0008704061895552506
2017-06-30,1350755047.3701406,0.3507550473701406,0.0
2017-07-03,1349514864.4233909,0.34951486442339097,-0.0009181405238235518
2017-07-04,1344815223.7830775,0.3448152237830775,-0.0043974098772591175
2017-07-05,1348405227.0499835,0.34840522704998356,-0.0017396346767181159
2017-07-06,1347099771.3165634,0.34709977131656333,-0.002706098386005551
2017-07-07,1344227768.7030382,0.3442277687030382,-0.004832318546438619
2017-07-10,1343379222.4763148,0.3433792224763148,-0.005460519957475762
2017-07-11,1348209408.6899707,0.34820940868997075,-0.001884604233110987
2017-07-12,1348209408.6899707,0.34820940868997075,-0.001884604233110987
2017-07-13,1360937602.09082,0.36093760209082015,0.0
2017-07-14,1360284874.22411,0.3602848742241098,-0.00047961630695436686
2017-07-17,1365637242.7311335,0.3656372427311334,0.0
2017-07-18,1365898333.8778179,0.3658983338778179,0.0
2017-07-19,1366942698.464554,0.3669426984645541,0.0
2017-07-20,1375950343.0251553,0.3759503430251554,0.0
2017-07-21,1378300163.3453119,0.3783001633453118,0.0
2017-07-24,1379018163.9986932,0.37901816399869315,0.0
2017-07-25,1375428160.731787,0.37542816073178686,-0.002603303829223247
2017-07-26,1372882522.0516171,0.3728825220516172,-0.004449282908126961
2017-07-27,1376211434.1718392,0.3762114341718392,-0.0020353102664836253
2017-07-28,1355976870.3038223,0.3559768703038222,-0.016708477303923885
2017-07-31,1355128324.0770988,0.3551283240770988,-0.017323803663558568
2017-08-01,1366746880.104541,0.36674688010454104,-0.008898565816254034
2017-08-02,1371185429.5981705,0.37118542959817047,-0.005679935627396215
2017-08-03,1346120679.5164979,0.34612067951649794,-0.023855729635064105
2017-08-04,1348862136.556681,0.34886213655668086,-0.02186775216547543
2017-08-07,1351734139.1702058,0.3517341391702058,-0.019785109102096854
2017-08-08,1348209408.6899707,0.34820940868997075,-0.02234108013442504
2017-08-09,1338353217.9026463,0.3383532179026463,-0.02948833246556526
2017-08-10,1330455210.7154524,0.33045521071545236,-0.035215600889856646
2017-08-11,1310220646.8474355,0.31022064684743555,-0.049888767927296795
2017-08-14,1318053381.2479582,0.31805338124795823,-0.04420883229990058
2017-08-16,1325102842.2084286,0.32510284220842856,-0.039096890235243986
2017-08-17,1333523031.6889904,0.33352303168899033,-0.03299095943579322
2017-08-18,1331760666.4488728,0.3317606664488728,-0.034268944951957314
2017-08-21,1329541391.702058,0.329541391702058,-0.03587826004638617
2017-08-22,1333000849.3956223,0.33300084939562224,-0.03336962181095282
2017-08-23,1334306305.1290429,0.3343063051290429,-0.03242296587305338
2017-08-24,1337113034.9558969,0.33711303495589684,-0.030387655606569752
2017-08-25,1338679581.8360014,0.33867958183600133,-0.02925166848109051
2017-08-28,1336851943.8092127,0.3368519438092128,-0.030576986794149663
2017-08-29,1329345573.342045,0.3293455733420452,-0.03602025843707102
2017-08-30,1333718850.0490036,0.3337188500490036,-0.03284896104510815
2017-08-31,1332674485.4622674,0.3326744854622674,-0.03360628579542757
2017-09-01,1326212479.581836,0.32621247958183597,-0.038292232688029504
2017-09-04,1314071741.2610257,0.31407174126102566,-0.04709613291049375
2017-09-05,1312962103.8876183,0.31296210388761825,-0.04790079045770823
2017-09-06,1309567918.9807253,0.3095679189807252,-0.05036209589624652
2017-09-07,1319554655.3413918,0.3195546553413917,-0.04312017797131629
2017-09-08,1317531198.95459,0.31753119895459014,-0.04458749467506029
2017-09-11,1329345573.342045,0.3293455733420452,-0.03602025843707102
2017-09-12,1332413394.315583,0.3324133943155829,-0.03379561698300759
2017-09-13,1334045213.9823587,0.33404521398235865,-0.03261229706063329
2017-09-14,1335807579.2224762,0.33580757922247617,-0.031334311544469196
2017-09-15,1343575040.836328,0.34357504083632806,-0.02570170871396793
2017-09-18,1361916693.8908854,0.3619166938908853,-0.012401192786481774
2017-09-19,1360023783.0774255,0.36002378307742555,-0.013773843896435989
2017-09-20,1356303234.2371774,0.35630323423717747,-0.016471813319449025
2017-09-21,1360284874.22411,0.3602848742241098,-0.013584512708855856
2017-09-22,1343379222.4763148,0.3433792224763148,-0.02584370710465289
2017-09-25,1343052858.54296,0.34305285854295997,-0.02608037108912753
2017-09-26,1336590852.6625288,0.33659085266252875,-0.030766317981729463
2017-09-27,1333718850.0490036,0.3337188500490036,-0.03284896104510815
2017-09-28,1338679581.8360014,0.33867958183600133,-0.02925166848109051
2017-09-29,1350755047.3701406,0.3507550473701406,-0.020495101055521325
2017-10-10,1370663247.3048024,0.3706632473048024,-0.006058598002555926
2017-10-11,1384435805.292388,0.38443580529238797,0.0
2017-10-12,1393443449.8529892,0.3934434498529893,0.0
2017-10-13,1392268539.692911,0.39226853969291087,-0.0008431703204045959
2017-10-16,1399579091.8000653,0.39957909180006523,0.0
2017-10-17,1400362365.2401175,0.4003623652401176,0.0
2017-10-18,1400362365.2401175,0.4003623652401176,0.0
2017-10-19,1398208363.2799737,0.3982083632799738,-0.001538174699356798
2017-10-20,1403430186.2136557,0.4034301862136558,0.0
2017-10-23,1406759098.3338778,0.4067590983338778,0.0
2017-10-24,1403756550.1470108,0.40375655014701084,-0.0021343726800296947
2017-10-25,1408325645.2139823,0.4083256452139823,0.0
2017-10-26,1397359817.0532506,0.39735981705325063,-0.007786429365962189
2017-10-27,1406302188.8271806,0.4063021888271807,-0.00143678160919547
2017-10-30,1408913100.2940216,0.4089131002940216,0.0
2017-10-31,1426014570.4018295,0.42601457040182944,0.0
2017-11-01,1439460764.4560602,0.4394607644560602,0.0
2017-11-02,1435609670.0424697,0.43560967004246964,-0.002675372965129541
2017-11-03,1440896765.7628226,0.44089676576282266,0.0
2017-11-06,1440048219.5360994,0.4400482195360995,-0.0005889014722536556
2017-11-07,1436197125.122509,0.43619712512250897,-0.0032616081540204345
2017-11-08,1437567853.6426005,0.43756785364260065,-0.0023103057757644097
2017-11-09,1435870761.189154,0.4358707611891539,-0.003488108720271832
2017-11-10,1431954393.9888926,0.43195439398889257,-0.006206115515288824
2017-11-13,1429735119.2420776,0.4297351192420775,-0.007746319365798504
2017-11-14,1422620385.4949362,0.4226203854949362,-0.012684031710079369
2017-11-15,1421445475.3348577,0.42144547533485777,-0.013499433748584533
2017-11-16,1428560209.0819993,0.4285602090819993,-0.008561721404303557
2017-11-17,1430387847.108788,0.4303878471087881,-0.007293318233295598
2017-11-20,1428233845.1486442,0.42823384514864427,-0.008788221970554955
2017-11-21,1427646390.068605,0.42764639006860494,-0.009195922989807537
2017-11-22,1428886573.0153544,0.4288865730153544,-0.00833522083805216
2017-11-23,1427320026.13525,0.4273200261352501,-0.009422423556058823
2017-11-24,1432541849.0689316,0.43254184906893167,-0.005798414496036353
2017-11-27,1416484743.5478601,0.41648474354786025,-0.01694224235560593
2017-11-28,1417463835.3479254,0.4174638353479254,-0.016262740656851737
2017-11-29,1414722378.3077424,0.4147223783077423,-0.018165345413363676
2017-11-30,1396772361.9732113,0.3967723619732113,-0.030622876557191425
2017-12-01,1398469454.426658,0.3984694544266578,-0.029445073612684114
2017-12-04,1408325645.2139823,0.4083256452139823,-0.02260475651189131
2017-12-05,1414722378.3077424,0.4147223783077423,-0.018165345413363676
2017-12-06,1397947272.1332898,0.39794727213328973,-0.02980747451868626
2017-12-07,1389461809.866057,0.38946180986605694,-0.03569648924122304
2017-12-08,1389788173.799412,0.389788173799412,-0.03546998867497164
2017-12-11,1394226723.2930415,0.3942267232930414,-0.0323895809739525
2017-12-12,1385871806.5991507,0.38587180659915066,-0.038187995469988634
2017-12-13,1399252727.8667102,0.3992527278667102,-0.02890147225368067
2017-12-14,1408064554.0672982,0.40806455406729825,-0.022785956964892495
2017-12-15,1398208363.2799737,0.3982083632799738,-0.0296262740656853
2017-12-18,1397359817.0532506,0.39735981705325063,-0.030215175537938843
2017-12-19,1398208363.2799737,0.3982083632799738,-0.0296262740656853
2017-12-20,1395597451.813133,0.3955974518131331,-0.03143827859569648
2017-12-21,1372295066.971578,0.3722950669715779,-0.04761041902604757
2017-12-22,1378822345.63868,0.3788223456386799,-0.043080407701019396
2017-12-26,1372882522.0516171,0.3728825220516172,-0.047202718006794986
2017-12-27,1392529630.839595,0.39252963083959513,-0.0335673839184597
2017-12-28,1409631100.947403,0.40963110094740296,-0.0216987542468855
2018-01-02,1417594380.9212675,0.41759438092126744,-0.01617214043035109
2018-01-03,1422294021.5615811,0.42229402156158113,-0.012910532276330766
2018-01-04,1411393466.1875203,0.41139346618752026,-0.020475651189128086
2018-01-05,1428233845.1486442,0.42823384514864427,-0.008788221970554955
2018-01-08,1436197125.122509,0.43619712512250897,-0.0032616081540204345
2018-01-09,1430126755.962104,0.43012675596210403,-0.007474518686296561
2018-01-10,1429735119.2420776,0.4297351192420775,-0.007746319365798504
2018-01-11,1427058934.9885657,0.4270589349885656,-0.009603624009060119
2018-01-12,1428886573.0153544,0.4288865730153544,-0.00833522083805216
2018-01-15,1432215485.1355767,0.4322154851355766,-0.006024915062287639
2018-01-16,1442267494.2829142,0.4422674942829141,0.0
2018-01-17,1438677491.016008,0.43867749101600784,-0.0024891383055757332
2018-01-18,1439199673.309376,0.4391996733093759,-0.0021270818247647316
2018-01-19,1440635674.6161387,0.4406356746161386,-0.001131426502534283
2018-01-22,1430975302.1888273,0.4309753021888272,-0.00782947139753798
2018-01-23,1446771316.5632148,0.4467713165632148,0.0
2018-01-24,1449773864.7500815,0.4497738647500815,0.0
2018-01-25,1460609147.3374715,0.4606091473374714,0.0
2018-01-26,1467919699.4446259,0.46791969944462575,0.0
2018-01-29,1483846259.3923554,0.48384625939235537,0.0
2018-01-30,1467658608.297942,0.4676586082979419,-0.010909250868781029
2018-01-31,1467332244.3645866,0.46733224436458665,-0.011129195442748485
2018-02-01,1468441881.737994,0.46844188173799406,-0.010381383891259532
2018-02-02,1444356223.4563868,0.4443562234563867,-0.02661329345005059
2018-02-05,1426014570.4018295,0.42601457040182944,-0.03897417850701623
2018-02-06,1403430186.2136557,0.4034301862136558,-0.05419434302555748
2018-02-07,1371707611.8915386,0.37170761189153856,-0.07557295561518507
2018-02-08,1376211434.1718392,0.3762114341718392,-0.07253772049443541
2018-02-09,1349514864.4233909,0.34951486442339097,-0.09052918664496556
2018-02-12,1368705063.7046719,0.3687050637046718,-0.07759644569568458
2018-02-13,1372295066.971578,0.3722950669715779,-0.07517705538204378
2018-02-14,1382934531.1989546,0.3829345311989545,-0.06800686227070774
2018-02-19,1395336360.6664488,0.39533636066644884,-0.05964896845994816
2018-02-20,1381041620.385495,0.38104162038549494,-0.06928254079971852
2018-02-21,1388874354.7860177,0.3888743547860176,-0.06400387102450178
2018-02-22,1381955439.3988893,0.3819554393988893,-0.06866669599260988
2018-02-23,1395597451.813133,0.3955974518131331,-0.059473012800774216
2018-02-26,1403756550.1470108,0.40375655014701084,-0.05397439845159013
2018-02-27,1403756550.1470108,0.40375655014701084,-0.05397439845159013
2018-02-28,1387699444.6259391,0.3876994446259392,-0.06479567149078436
2018-03-02,1371185429.5981705,0.37118542959817047,-0.07592486693353273
2018-03-05,1357412871.6105847,0.35741287161058466,-0.08520652795495542
2018-03-06,1377973799.4119568,0.37797379941195675,-0.07135001979501177
2018-03-07,1372882522.0516171,0.3728825220516172,-0.07478115514890249
2018-03-08,1390832538.3861485,0.3908325383861484,-0.0626842035806976
2018-03-09,1404670369.1604052,0.4046703691604052,-0.0533585536444815
2018-03-12,1418899836.6546881,0.4188998366546881,-0.043768970219504655
2018-03-13,1422032930.414897,0.42203293041489687,-0.041657502309418115
2018-03-14,1420466383.5347924,0.4204663835347924,-0.04271323626446144
2018-03-15,1421249656.974845,0.42124965697484495,-0.04218536928693961
2018-03-16,1423795295.6550148,0.42379529565501484,-0.04046980160999425
2018-03-19,1413678013.7210062,0.4136780137210061,-0.04728808340298252
2018-03-20,1420140019.6014376,0.42014001960143754,-0.042933180838428675
2018-03-21,1419552564.5213983,0.4195525645213982,-0.043329081071569964
2018-03-22,1426014570.4018295,0.42601457040182944,-0.03897417850701623
2018-03-23,1379018163.9986932,0.37901816399869315,-0.0706461971583161
2018-03-26,1392529630.839595,0.39252963083959513,-0.06154049179606724
2018-03-27,1397620908.1999345,0.39762090819993445,-0.05810935644217674
2018-03-28,1381955439.3988893,0.3819554393988893,-0.06866669599260988
2018-03-29,1394226723.2930415,0.3942267232930414,-0.06039678001143711
2018-03-30,1399579091.8000653,0.39957909180006523,-0.056789688998372445
2018-04-02,1396511270.826527,0.39651127082652704,-0.05885716799366569
2018-04-03,1393704540.9996731,0.3937045409996731,-0.060748691329785
2018-04-04,1378300163.3453119,0.3783001633453118,-0.07113007522104442
2018-04-05,1393704540.9996731,0.3937045409996731,-0.060748691329785
2018-04-06,1386655080.039203,0.386655080039203,-0.0654994941274798
2018-04-09,1395597451.813133,0.3955974518131331,-0.059473012800774216
2018-04-10,1402451094.4135904,0.4024510944135904,-0.054854176747459626
2018-04-11,1398208363.2799737,0.3982083632799738,-0.05771345620903545
2018-04-12,1396511270.826527,0.39651127082652704,-0.05885716799366569
2018-04-13,1401863639.3335512,0.40186363933355107,-0.055250076980600915
2018-04-16,1405257824.2404444,0.4052578242404443,-0.05296265341134021
2018-04-17,1403430186.2136557,0.4034301862136558,-0.05419434302555748
2018-04-18,1414004377.6543615,0.4140043776543614,-0.04706813882901495
2018-04-19,1417463835.3479254,0.4174638353479254,-0.044736726344961175
2018-04-20,1415832015.68115,0.4158320156811499,-0.0458364492147979
2018-04-23,1414918196.6677556,0.41491819666775553,-0.04645229402190654
2018-04-24,1409957464.8807578,0.4099574648807578,-0.049795451546210456
2018-04-25,1400362365.2401175,0.4003623652401176,-0.05626182202085084
2018-04-26,1416158379.614505,0.41615837961450497,-0.04561650464083056
2018-04-27,1425557660.8951323,0.42555766089513236,-0.039282100910570494
2018-04-30,1438416399.8693237,0.4384163998693238,-0.030616284696256546
2018-05-02,1424121659.5883696,0.42412165958836967,-0.040249857036027015
2018-05-03,1417137471.4145703,0.41713747141457036,-0.04495667091892852
2018-05-04,1408782554.7206795,0.4087825547206796,-0.05058725201249281
2018-05-08,1399905455.7334204,0.3999054557334203,-0.0565697444244051
2018-05-09,1398469454.426658,0.3984694544266578,-0.05753750054986151
2018-05-10,1406954916.6938908,0.40695491669389083,-0.05181894162671008
2018-05-11,1416811107.4812155,0.4168111074812155,-0.045176615492895644
2018-05-14,1417594380.9212675,0.41759438092126744,-0.04464874851537415
2018-05-15,1407281280.627246,0.4072812806272459,-0.051598997052742734
2018-05-16,1407281280.627246,0.4072812806272459,-0.051598997052742734
2018-05-17,1400754001.9601438,0.4007540019601439,-0.05599788853208987
2018-05-18,1406432734.4005227,0.40643273440052274,-0.052170852945057855
2018-05-21,1410153283.240771,0.41015328324077105,-0.049663484801829916
2018-05-23,1413939104.8676903,0.41393910486769037,-0.047112127743808574
2018-05-24,1410740738.3208103,0.4107407383208104,-0.04926758456868863
2018-05-25,1406628552.7605357,0.4066285527605358,-0.052038886200677426
2018-05-28,1418116563.2146356,0.41811656321463553,-0.044296837197026484
2018-05-29,1401341457.040183,0.401341457040183,-0.05560198829894858
2018-05-30,1377647435.4786017,0.3776474354786017,-0.07156996436897911
2018-05-31,1385675988.2391376,0.3856759882391376,-0.06615932784938183
2018-06-01,1394748905.5864098,0.39474890558640974,-0.060044868693089226
2018-06-04,1399905455.7334204,0.3999054557334203,-0.0565697444244051
2018-06-05,1403038549.4936297,0.4030385494936297,-0.05445827651431834
2018-06-07,1410740738.3208103,0.4107407383208104,-0.04926758456868863
2018-06-08,1402516367.2002614,0.4025163672002614,-0.054810187832666224
2018-06-11,1413025285.854296,0.413025285854296,-0.04772797255091721
2018-06-12,1409826919.3074157,0.40982691930741577,-0.04988342937579737
2018-06-14,1387373080.692584,0.38737308069258414,-0.0650156160647517
2018-06-15,1375689251.8784711,0.37568925187847113,-0.07288963181278318
2018-06-18,1359762691.9307415,0.3597626919307415,-0.08362292702239038
2018-06-19,1339462855.2760537,0.3394628552760537,-0.0973034795231601
2018-06-20,1352517412.610258,0.35251741261025815,-0.08850569656446572
2018-06-21,1337700490.035936,0.33770049003593616,-0.09849118022258385
2018-06-22,1348339954.2633126,0.34833995426331255,-0.09132098711124803
2018-06-25,1349384318.850049,0.34938431885004895,-0.09061716447455237
2018-06-26,1345402678.8631167,0.3454026788631168,-0.09330048827695414
2018-06-27,1340246128.716106,0.34024612871610604,-0.09677561254563849
2018-06-28,1322883567.461614,0.32288356746161395,-0.10847666388070198
2018-06-29,1333653577.2623327,0.3336535772623326,-0.10121849293977914
2018-07-02,1302649003.593597,0.3026490035935969,-0.1221132274666783
2018-07-03,1303497549.8203201,0.30349754982032007,-0.12154137157436329
2018-07-04,1298602090.8199933,0.29860209081999334,-0.1248405401838738
2018-07-05,1294359359.686377,0.29435935968637694,-0.1276998196454493
2018-07-06,1303497549.8203201,0.30349754982032007,-0.12154137157436329
2018-07-09,1310612283.5674617,0.3106122835674616,-0.11674657986187476
2018-07-10,1315181378.634433,0.3151813786344331,-0.11366735582633192
2018-07-11,1306108461.287161,0.3061084612871612,-0.1197818149826243
2018-07-12,1310351192.4207776,0.3103511924207776,-0.1169225355210487
2018-07-13,1324319568.7683764,0.3243195687683764,-0.10750890775524569
2018-07-16,1319228291.4080365,0.31922829140803644,-0.11094004310913663
2018-07-17,1314071741.2610257,0.31407174126102566,-0.11441516737782087
2018-07-18,1311852466.514211,0.31185246651421084,-0.11591079048079889
2018-07-19,1305521006.2071218,0.30552100620712186,-0.12017771521576559
2018-07-20,1312178830.4475663,0.31217883044756634,-0.11569084590683143
2018-07-23,1296774452.793205,0.296774452793205,-0.12607222979809074
2018-07-24,1307479189.8072524,0.3074791898072524,-0.11885804777196152
2018-07-25,1302649003.593597,0.3026490035935969,-0.1221132274666783
2018-07-26,1308654099.967331,0.30865409996733084,-0.11806624730567894
2018-07-27,1314659196.341065,0.314659196341065,-0.11401926714467958
2018-07-30,1313549558.9676576,0.31354955896765757,-0.11476707869616865
2018-07-31,1312896831.1009476,0.3128968311009477,-0.11520696784410311
2018-08-01,1322035021.2348905,0.32203502123489036,-0.10904851977301722
2018-08-02,1300429728.846782,0.3004297288467819,-0.12360885056965654
2018-08-03,1310938647.5008168,0.3109386475008169,-0.11652663528790741
2018-08-06,1310612283.5674617,0.3106122835674616,-0.11674657986187476
2018-08-07,1317792290.1012743,0.3177922901012742,-0.11190779923459282
2018-08-08,1318575563.5413263,0.3185755635413263,-0.11137993225707132
2018-08-09,1320599019.9281282,0.32059901992812834,-0.11001627589847351
2018-08-10,1308393008.820647,0.308393008820647,-0.11824220296485277
2018-08-13,1285743351.845802,0.28574335184580213,-0.13350635639818764
2018-08-14,1294881541.9797451,0.29488154197974525,-0.12734790832710163
2018-08-16,1284503168.8990526,0.2845031688990527,-0.13434214577926362
2018-08-17,1287309898.7259066,0.2873098987259066,-0.13245062244314432
2018-08-20,1288354263.312643,0.288354263312643,-0.13174679980644866
2018-08-21,1300103364.913427,0.30010336491342704,-0.12382879514362377
2018-08-22,1301213002.2868345,0.30121300228683445,-0.12308098359213471
2018-08-23,1307805553.7406077,0.3078055537406077,-0.11863810319799406
2018-08-24,1312178830.4475663,0.31217883044756634,-0.11569084590683143
2018-08-27,1316943743.8745508,0.3169437438745508,-0.11247965512690805
2018-08-28,1316356288.7945116,0.3163562887945115,-0.11287555536004934
2018-08-29,1321773930.0882065,0.32177393008820654,-0.10922447543219105
2018-08-30,1319554655.3413918,0.3195546553413917,-0.11072009853516906
2018-08-31,1330651029.0754654,0.3306510290754654,-0.10324198302027898
2018-09-03,1321186475.0081673,0.3211864750081672,-0.10962037566533234
2018-09-04,1323209931.394969,0.323209931394969,-0.10825671930673464
2018-09-05,1312309376.0209084,0.31230937602090836,-0.1156028680772444
2018-09-06,1309763737.3407383,0.30976373734073825,-0.11731843575418999
2018-09-07,1306369552.433845,0.306369552433845,-0.11960585932345058
2018-09-10,1311199738.647501,0.31119973864750095,-0.11635067962873347
2018-09-11,1307218098.6605685,0.3072180986605684,-0.11903400343113535
2018-09-12,1305259915.0604377,0.3052599150604376,-0.12035367087493953
2018-09-13,1306108461.287161,0.3061084612871612,-0.1197818149826243
2018-09-14,1325559751.7151258,0.32555975171512586,-0.1066731183741697
2018-09-17,1319228291.4080365,0.31922829140803644,-0.11094004310913663
2018-09-18,1322883567.461614,0.32288356746161395,-0.10847666388070198
2018-09-19,1322687749.101601,0.3226877491016009,-0.10860863062508241
2018-09-20,1331173211.3688338,0.3311732113688337,-0.1028900717019311
2018-09-21,1339919764.7827508,0.33991976478275077,-0.09699555711960584
2018-09-27,1352256321.463574,0.3522563214635739,-0.08868165222363966
2018-09-28,1345402678.8631167,0.3454026788631168,-0.09330048827695414
2018-10-01,1342334857.8895786,0.3423348578895786,-0.09536796727224739
2018-10-02,1324907023.8484156,0.3249070238484155,-0.1071130075221044
2018-10-04,1305847370.140477,0.3058473701404769,-0.11995777064179824
2018-10-05,1301800457.3668737,0.3018004573668738,-0.12268508335899342
2018-10-08,1293576086.2463245,0.2935760862463246,-0.12822768662297113
2018-10-10,1280717347.2721334,0.2807173472721334,-0.13689350283728496
2018-10-11,1225366024.1751063,0.22536602417510632,-0.17419610258214924
2018-10-12,1241423129.6961777,0.24142312969617774,-0.16337482954295512
2018-10-15,1231305847.7621691,0.23130584776216923,-0.1701931113359434
2018-10-16,1228499117.9353151,0.22849911793531508,-0.1720846346720627
2018-10-17,1244621496.2430577,0.24462149624305773,-0.16121937271807507
2018-10-18,1232219666.7755635,0.23221966677556338,-0.16957726652883476
2018-10-19,1234765305.4557335,0.2347653054557335,-0.16786169885188928
2018-10-22,1241096765.7628226,0.24109676576282268,-0.16359477411692247
2018-10-23,1205457824.2404444,0.20545782424044434,-0.1876127215941582
2018-10-24,1200823456.3868017,0.20082345638680166,-0.19073593454449478
2018-10-25,1184701078.0790591,0.18470107807905922,-0.2016011964984824
2018-10-26,1165184514.8644235,0.16518451486442354,-0.2147538820217304
2018-10-29,1146190133.9431558,0.14619013394315572,-0.22755465622663096
2018-10-30,1157873962.757269,0.15787396275726895,-0.21968064047859936
2018-10-31,1166098333.8778176,0.1660983338778177,-0.214138037214622
2018-11-01,1162704148.9709246,0.16270414897092467,-0.21642546078388236
2018-11-02,1201998366.54688,0.20199836654688008,-0.1899441340782123
2018-11-05,1192272721.332898,0.19227272133289786,-0.1964984823824395
2018-11-06,1195732179.0264618,0.1957321790264619,-0.19416706989838572
2018-11-07,1190901992.8128064,0.1909019928128064,-0.1974222495931025
2018-11-08,1199387455.0800393,0.1993874550800392,-0.1917036906699512
2018-11-09,1197494544.2665796,0.19749454426657964,-0.19297936919896186
2018-11-12,1194818360.0130677,0.19481836001306774,-0.19478291470549414
2018-11-13,1189139627.5726886,0.18913962757268865,-0.19860995029252637
2018-11-14,1186920352.8258739,0.18692035282587383,-0.2001055733955044
2018-11-15,1197690362.6265926,0.19769036262659267,-0.19284740245458143
2018-11-16,1199713819.0133944,0.19971381901339424,-0.19148374609598373
2018-11-19,1206371643.2538385,0.2063716432538385,-0.18699687678704968
2018-11-20,1191946357.3995426,0.19194635739954258,-0.19671842695640707
2018-11-21,1191619993.4661875,0.19161999346618752,-0.1969383715303744
2018-11-22,1188029990.1992812,0.18802999019928124,-0.19935776184401532
2018-11-23,1178108526.6252859,0.17810852662528576,-0.20604407689262305
2018-11-26,1195471087.879778,0.19547108787977785,-0.19434302555755945
2018-11-27,1202585821.6269193,0.20258582162691918,-0.18954823384507102
2018-11-28,1209765828.1607318,0.20976582816073175,-0.1847094532177891
2018-11-29,1210222737.667429,0.21022273766742905,-0.18440153081423483
2018-11-30,1203956550.1470108,0.20395655014701086,-0.18862446663440813
2018-12-03,1220274746.8147664,0.22027474681476633,-0.17762723793604007
2018-12-04,1209961646.520745,0.209961646520745,-0.18457748647340855
2018-12-05,1206632734.4005227,0.20663273440052277,-0.18682092112787574
2018-12-06,1187768899.0525973,0.1877688990525972,-0.19953371750318916
2018-12-07,1191619993.4661875,0.19161999346618752,-0.1969383715303744
2018-12-10,1178108526.6252859,0.17810852662528576,-0.20604407689262305
2018-12-11,1180588892.5187848,0.18058889251878485,-0.2043724981304711
2018-12-12,1196580725.2531853,0.19658072525318526,-0.1935952140060705
2018-12-13,1205131460.307089,0.20513146030708906,-0.18783266616812566
2018-12-14,1187768899.0525973,0.1877688990525972,-0.19953371750318916
2018-12-17,1189139627.5726886,0.18913962757268865,-0.19860995029252637
2018-12-18,1183787259.0656648,0.18378725906566484,-0.20221704130559104
2018-12-19,1194361450.5063705,0.19436145050637044,-0.1950908371090485
2018-12-20,1182612348.9055865,0.18261234890558642,-0.2030088417718734
2018-12-21,1183460895.13231,0.18346089513231,-0.20243698587955816
2018-12-24,1179936164.6520746,0.17993616465207452,-0.20481238727840578
2018-12-26,1164858150.9310682,0.16485815093106826,-0.21497382659569797
2018-12-27,1183787259.0656648,0.18378725906566484,-0.20221704130559104
2018-12-28,1191619993.4661875,0.19161999346618752,-0.1969383715303744
2019-01-02,1170602156.1581182,0.17060215615811836,-0.21110280209387233
2019-01-03,1164335968.6377,0.16433596863770017,-0.21532573791404563
2019-01-04,1170145246.6514213,0.17014524665142128,-0.21141072449742648
2019-01-07,1188552172.4926493,0.18855217249264933,-0.19900585052566766
2019-01-08,1182090166.6122181,0.1820901666122181,-0.20336075309022128
2019-01-09,1203760731.7869978,0.20376073178699783,-0.18875643337878845
2019-01-10,1204805096.373734,0.204805096373734,-0.188052610742093
2019-01-11,1210810192.7474682,0.21081019274746815,-0.18400563058109354
2019-01-14,1203238549.4936297,0.20323854949362974,-0.18910834469713622
2019-01-15,1224648023.521725,0.22464802352172497,-0.17467998064487744
2019-01-16,1228825481.8686705,0.22882548186867036,-0.17186469009809524
2019-01-17,1225366024.1751063,0.22536602417510632,-0.17419610258214924
2019-01-18,1239660764.4560602,0.23966076445606022,-0.16456253024237888
2019-01-21,1238485854.2959816,0.23848585429598157,-0.16535433070866146
2019-01-22,1232219666.7755635,0.23221966677556338,-0.16957726652883476
2019-01-23,1241423129.6961777,0.24142312969617774,-0.16337482954295512
2019-01-24,1250496047.0434499,0.25049604704344985,-0.15726037038666252
2019-01-25,1268772427.311336,0.2687724273113361,-0.1449434742444905
2019-01-28,1269620973.5380595,0.26962097353805947,-0.14437161835217527
2019-01-29,1277845344.6586084,0.27784534465860844,-0.13882901508819767
2019-01-30,1282218621.3655667,0.28221862136556664,-0.13588175779703515
2019-01-31,1281304802.3521726,0.2813048023521727,-0.13649760260414368
2019-02-01,1282610258.085593,0.2826102580855929,-0.1356178243082743
2019-02-07,1282414439.72558,0.2824144397255799,-0.1357497910526546
2019-02-08,1266226788.6311662,0.2662267886311662,-0.14665904192143586
2019-02-11,1269882064.6847434,0.2698820646847433,-0.14419566269300144
2019-02-12,1276996798.431885,0.27699679843188507,-0.1394008709805129
2019-02-13,1282610258.085593,0.2826102580855929,-0.1356178243082743
2019-02-14,1293249722.3129697,0.29324972231296975,-0.12844763119693836
2019-02-15,1276148252.2051618,0.2761482522051617,-0.13997272687282802
2019-02-18,1288354263.312643,0.288354263312643,-0.13174679980644866
2019-02-19,1283850441.0323424,0.28385044103234236,-0.1347820349271983
2019-02-20,1299254818.6867037,0.29925481868670367,-0.124400651035939
2019-02-21,1297231362.299902,0.2972313622999019,-0.1257643073945366
2019-02-22,1297231362.299902,0.2972313622999019,-0.1257643073945366
2019-02-25,1300429728.846782,0.3004297288467819,-0.12360885056965654
2019-02-26,1294359359.686377,0.29435935968637694,-0.1276998196454493
2019-02-27,1299254818.6867037,0.29925481868670367,-0.124400651035939
2019-02-28,1276409343.3518457,0.27640934335184575,-0.1397967712136542
2019-03-04,1273537340.7383208,0.2735373407383208,-0.1417322834645669
2019-03-05,1270143155.8314276,0.27014315583142756,-0.1440197070338275
2019-03-06,1269033518.4580202,0.26903351845802015,-0.14476751858531656
2019-03-07,1258394054.2306435,0.25839405423064354,-0.1519377116966525
2019-03-08,1247689317.216596,0.24768931721659593,-0.15915189372278182
2019-03-11,1247101862.1365566,0.2471018621365566,-0.1595477939559231
2019-03-12,1254804050.9637375,0.2548040509637375,-0.1543571020102933
2019-03-13,1249060045.7366874,0.24906004573668739,-0.15822812651211893
2019-03-14,1257088598.4972231,0.2570885984972231,-0.15281748999252187
2019-03-15,1268446063.3779812,0.26844606337798127,-0.14516341881845762
2019-03-18,1268119699.4446259,0.26811969944462577,-0.1453833633924252
2019-03-19,1266226788.6311662,0.2662267886311662,-0.14665904192143586
2019-03-20,1268446063.3779812,0.26844606337798127,-0.14516341881845762
2019-03-21,1273276249.5916367,0.27327624959163677,-0.14190823912374084
2019-03-22,1271318065.991506,0.2713180659915062,-0.14322790656754492
2019-03-25,1249647500.8167267,0.2496475008167267,-0.15783222627897764
2019-03-26,1249647500.8167267,0.2496475008167267,-0.15783222627897764
2019-03-27,1251344593.270173,0.251344593270173,-0.1566885144943475
2019-03-28,1244295132.3097029,0.2442951323097029,-0.1614393172920423
2019-03-29,1246775498.2032015,0.24677549820320155,-0.15976773852989046
2019-04-01,1265900424.6978111,0.26590042469781117,-0.1468789864954032
2019-04-02,1270730610.9114668,0.2707306109114669,-0.1436238068006862
2019-04-03,1283524077.0989873,0.2835240770989873,-0.13500197950116566
2019-04-04,1284829532.8324077,0.28482953283240775,-0.13412220120529628
2019-04-05,1286069715.7791572,0.2860697157791572,-0.1332864118242203
2019-04-08,1287048807.5792224,0.28704880757922235,-0.13262657810231826
2019-04-09,1289529173.4727213,0.28952917347272145,-0.1309549993401663
2019-04-10,1294685723.619732,0.294685723619732,-0.12747987507148217
2019-04-11,1294098268.5396929,0.2940982685396929,-0.12787577530462324
2019-04-12,1299581182.620059,0.29958118262005895,-0.12418070646197144
2019-04-15,1308131917.6739628,0.30813191767396275,-0.11841815862402671
2019-04-16,1309241555.0473702,0.30924155504737016,-0.11767034707253765
2019-04-17,1306891734.7272131,0.3068917347272131,-0.1192539480051028
2019-04-18,1288354263.312643,0.288354263312643,-0.13174679980644866
2019-04-19,1290181901.3394318,0.2901819013394318,-0.1305151101922314
2019-04-22,1293249722.3129697,0.29324972231296975,-0.12844763119693836
2019-04-23,1292988631.1662855,0.2929886311662855,-0.1286235868561123
2019-04-24,1281631166.2855277,0.28163116628552776,-0.13627765803017633
2019-04-25,1278824436.4586737,0.2788244364586736,-0.13816918136629563
2019-04-26,1267597517.1512578,0.2675975171512577,-0.14573527471077286
2019-04-29,1292009539.3662202,0.2920095393662203,-0.12928342057801434
2019-04-30,1286526625.2858543,0.28652662528585426,-0.13297848942066592
2019-05-02,1289724991.8327343,0.28972499183273426,-0.13082303259578587
2019-05-03,1282218621.3655667,0.28221862136556664,-0.13588175779703515
2019-05-07,1269425155.1780465,0.26942515517804644,-0.1445035850965556
2019-05-08,1263876968.3110094,0.2638769683110094,-0.1482426428540008
2019-05-09,1227128389.4152238,0.22712838941522384,-0.17300840188272548
2019-05-10,1229739300.8820648,0.22973930088206473,-0.1712488452909866
2019-05-13,1213160013.067625,0.213160013067625,-0.1824220296485285
2019-05-14,1215183469.4544265,0.21518346945442657,-0.18105837328993102
2019-05-15,1220731656.3214636,0.22073165632146363,-0.1773193155324858
2019-05-16,1207220189.480562,0.20722018948056187,-0.18642502089473445
2019-05-17,1197168180.3332245,0.19716818033322459,-0.1931993137729292
2019-05-20,1196515452.466514,0.19651545246651403,-0.193639202920864
2019-05-21,1202977458.3469453,0.20297745834694525,-0.18928430035631028
2019-05-22,1201802548.186867,0.20180254818686705,-0.19007610082259274
2019-05-23,1202324730.480235,0.20232473048023514,-0.18972418950424497
2019-05-24,1193643449.8529892,0.1936434498529891,-0.19557471517177671
2019-05-27,1193317085.919634,0.19331708591963404,-0.19579465974574406
2019-05-28,1196189088.5331593,0.1961890885331592,-0.19385914749483124
2019-05-29,1178239072.198628,0.178239072198628,-0.20595609906303614
2019-05-30,1189857628.22607,0.18985762822607,-0.19812607222979806
2019-05-31,1193055994.77295,0.19305599477295,-0.195970615404918
2019-06-03,1204935641.947076,0.20493564194707603,-0.1879646329125061
2019-06-04,1206763279.9738646,0.20676327997386457,-0.18673294329828893
2019-06-05,1205914733.7471414,0.20591473374714142,-0.18730479919060405
2019-06-07,1207807644.5606012,0.2078076445606012,-0.18602912066159316
2019-06-10,1221645475.334858,0.221645475334858,-0.17670347072537718
2019-06-11,1231110029.402156,0.2311100294021562,-0.17032507808032382
2019-06-12,1227454753.348579,0.2274547533485789,-0.17278845730875814
2019-06-13,1224582750.7350538,0.22458275073505374,-0.17472396955967107
2019-06-14,1219752564.5213983,0.21975256452139824,-0.17797914925438785
2019-06-17,1219165109.441359,0.21916510944135914,-0.17837504948752914
2019-06-18,1221645475.334858,0.221645475334858,-0.17670347072537718
2019-06-19,1236919307.415877,0.23691930741587708,-0.16641006466370478
2019-06-20,1244034041.1630187,0.24403404116301863,-0.16161527295121625
2019-06-21,1239660764.4560602,0.23966076445606022,-0.16456253024237888
2019-06-24,1238224763.1492977,0.23822476314929775,-0.1655302863678353
2019-06-25,1234634759.8823915,0.23463475988239146,-0.1679496766814762
2019-06-26,1237572035.2825875,0.23757203528258763,-0.16597017551576998
2019-06-27,1247819862.789938,0.24781986278993795,-0.1590639158931949
2019-06-28,1247558771.6432538,0.2475587716432539,-0.15923987155236885
2019-07-01,1246253315.9098334,0.24625331590983346,-0.16011964984823823
2019-07-02,1239334400.522705,0.23933440052270516,-0.16478247481634622
2019-07-03,1224256386.801699,0.2242563868016989,-0.1749439141336382
2019-07-04,1231436393.3355112,0.23143639333551125,-0.17010513350635648
2019-07-05,1232676576.282261,0.2326765762822609,-0.16926934412528027
2019-07-08,1206502188.8271806,0.20650218882718052,-0.18690889895746277
2019-07-09,1197951453.7732766,0.1979514537732765,-0.1926714467954077
2019-07-10,1204935641.947076,0.20493564194707603,-0.1879646329125061
2019-07-11,1218447108.7879777,0.2184471087879778,-0.17885892755025745
2019-07-12,1221384384.1881738,0.22138438418817374,-0.17687942638455112
2019-07-15,1216032015.68115,0.21603201568114994,-0.1804865173976158
2019-07-16,1221384384.1881738,0.22138438418817374,-0.17687942638455112
2019-07-17,1211332375.0408363,0.21133237504083624,-0.18365371926274576
2019-07-18,1208786736.3606665,0.20878673636066658,-0.18536928693969112
2019-07-19,1223930022.8683436,0.22393002286834363,-0.17516385870760576
2019-07-22,1224843841.881738,0.224843841881738,-0.17454801390049712
2019-07-23,1228890754.6553414,0.22889075465534137,-0.17182070118330184
2019-07-24,1217794380.9212675,0.21779438092126746,-0.17929881669819214
2019-07-25,1214269650.4410324,0.2142696504410324,-0.18167421809703954
2019-07-26,1209439464.2273767,0.2094394642273767,-0.18492939779175643
2019-07-29,1188617445.2793205,0.18861744527932056,-0.19896186161087404
2019-07-30,1193643449.8529892,0.1936434498529891,-0.19557471517177671
2019-07-31,1181437438.745508,0.181437438745508,-0.20380064223815597
2019-08-01,1181437438.745508,0.181437438745508,-0.20380064223815597
2019-08-02,1167403789.6112382,0.16740378961123814,-0.21325825891875239
2019-08-05,1140380855.9294348,0.14038085592943483,-0.2314696696432499
2019-08-06,1122757203.5282586,0.12275720352825847,-0.24334667663748744
2019-08-07,1118188108.4612873,0.11818810846128724,-0.24642590067303038
2019-08-08,1121451747.7948384,0.12145174779483847,-0.2442264549333567
2019-08-09,1135681215.2891212,0.13568121528912114,-0.23463687150837997
2019-08-12,1138226853.969291,0.13822685396929102,-0.2329213038314345
2019-08-13,1125107023.8484156,0.12510702384841554,-0.24176307570492228
2019-08-14,1135028487.422411,0.13502848742241103,-0.23507676065631466
2019-08-16,1127522116.9552433,0.1275221169552434,-0.24013548585756395
2019-08-19,1136529761.5158443,0.13652976151584428,-0.23406501561606485
2019-08-20,1148148317.5432863,0.14814831754328628,-0.22623498878282688
2019-08-21,1149323227.7033648,0.14932322770336492,-0.2254431883165443
2019-08-22,1140380855.9294348,0.14038085592943483,-0.2314696696432499
2019-08-23,1140903038.2228029,0.14090303822280292,-0.23111775832490222
2019-08-26,1121451747.7948384,0.12145174779483847,-0.2442264549333567
2019-08-27,1126281934.008494,0.12628193400849397,-0.24097127523863993
2019-08-28,1135354851.355766,0.13535485135576608,-0.23485681608234732
2019-08-29,1129806664.4887292,0.12980666448872924,-0.2385958738397923
2019-08-30,1152260503.103561,0.15226050310356087,-0.22346368715083798
2019-09-02,1149584318.850049,0.14958431885004897,-0.22526723265737036
2019-09-03,1149062136.556681,0.14906213655668088,-0.22561914397571803
2019-09-04,1162116693.8908854,0.16211669389088534,-0.21682136101702365
2019-09-05,1172625612.54492,0.17262561254491993,-0.20973914573527475
2019-09-06,1175889251.8784711,0.17588925187847115,-0.20753969999560107
2019-09-09,1181959621.038876,0.18195962103887608,-0.2034487309198083
2019-09-10,1187768899.0525973,0.1877688990525972,-0.19953371750318916
2019-09-11,1198538908.8533158,0.19853890885331582,-0.1922755465622663
2019-09-16,1205914733.7471414,0.20591473374714142,-0.18730479919060405
2019-09-17,1206959098.3338778,0.20695909833387782,-0.1866009765539084
2019-09-18,1209439464.2273767,0.2094394642273767,-0.18492939779175643
2019-09-19,1217794380.9212675,0.21779438092126746,-0.17929881669819214
2019-09-20,1221384384.1881738,0.22138438418817374,-0.17687942638455112
2019-09-23,1224582750.7350538,0.22458275073505374,-0.17472396955967107
2019-09-24,1227454753.348579,0.2274547533485789,-0.17278845730875814
2019-09-25,1210744919.960797,0.21074491996079714,-0.18404961949588705
2019-09-26,1214596014.3743875,0.21459601437438747,-0.1814542735230722
2019-09-27,1199387455.0800393,0.1993874550800392,-0.1917036906699512
2019-09-30,1210157464.8807578,0.21015746488075782,-0.18444551972902834
2019-10-01,1213682195.3609931,0.2136821953609931,-0.18207011833018083
2019-10-02,1190445083.3061092,0.1904450833061091,-0.19773017199665677
2019-10-04,1184896896.4390721,0.18489689643907203,-0.20146922975410197
2019-10-07,1185680169.8791246,0.1856801698791246,-0.20094136277658015
2019-10-08,1198538908.8533158,0.19853890885331582,-0.1922755465622663
2019-10-10,1190706174.4527931,0.19070617445279314,-0.19755421633748305
2019-10-11,1198865272.7866712,0.1988652727866711,-0.19205560198829885
2019-10-14,1212833649.1342697,0.21283364913426972,-0.18264197422249606
2019-10-15,1212637830.774257,0.2126378307742569,-0.18277394096687627
2019-10-16,1220731656.3214636,0.22073165632146363,-0.1773193155324858
2019-10-17,1216293106.827834,0.21629310682783398,-0.18031056173844207
2019-10-18,1208460372.4273112,0.20846037242731108,-0.1855892315136587
2019-10-21,1210744919.960797,0.21074491996079714,-0.18404961949588705
2019-10-22,1223603658.9349885,0.22360365893498857,-0.1753838032815731
2019-10-23,1219426200.5880432,0.21942620058804319,-0.1781990938283552
2019-10-24,1221906566.4815419,0.22190656648154183,-0.17652751506620334
2019-10-25,1224256386.801699,0.2242563868016989,-0.1749439141336382
2019-10-28,1227128389.4152238,0.22712838941522384,-0.17300840188272548
2019-10-29,1224843841.881738,0.224843841881738,-0.17454801390049712
2019-10-30,1218120744.8546226,0.21812074485462252,-0.1790788721242248
2019-10-31,1222428748.7749102,0.22242874877491015,-0.17617560374785546
2019-11-01,1231436393.3355112,0.23143639333551125,-0.17010513350635648
2019-11-04,1247232407.7098987,0.24723240770989863,-0.1594598161263362
2019-11-05,1256240052.2705,0.25624005227049995,-0.153389345884837
2019-11-06,1255652597.1904607,0.25565259719046063,-0.15378524611797828
2019-11-07,1256827507.350539,0.25682750735053905,-0.15299344565169581
2019-11-08,1251605684.4168572,0.25160568441685727,-0.15651255883517357
2019-11-11,1244621496.2430577,0.24462149624305773,-0.16121937271807507
2019-11-12,1254477687.0303822,0.2544776870303822,-0.15457704658426086
2019-11-13,1244360405.0963736,0.24436040509637347,-0.16139532837724901
2019-11-14,1252715321.7902646,0.2527153217902647,-0.1557647472836845
2019-11-15,1267597517.1512578,0.2675975171512577,-0.14573527471077286
2019-11-18,1265508787.9777849,0.2655087879777849,-0.14714291998416407
2019-11-19,1260874420.1241426,0.26087442012414264,-0.15026613293450042
2019-11-20,1246057497.5498202,0.2460574975498202,-0.16025161659261877
2019-11-21,1227128389.4152238,0.22712838941522384,-0.17300840188272548
2019-11-22,1232023848.4155505,0.23202384841555057,-0.1697092332732152
2019-11-25,1245470042.469781,0.24547004246978088,-0.16064751682576006
2019-11-26,1244034041.1630187,0.24403404116301863,-0.16161527295121625
2019-11-27,1248668409.0166614,0.24866840901666132,-0.15849206000087968
2019-11-28,1242532767.069585,0.24253276706958515,-0.16262701799146617
2019-11-29,1225300751.3884351,0.22530075138843508,-0.17424009149694275
2019-12-02,1226214570.4018295,0.22621457040182946,-0.17362424668983412
2019-12-03,1222624567.1349232,0.22262456713492318,-0.17604363700347514
2019-12-04,1213421104.214309,0.21342110421430904,-0.18224607398935477
2019-12-05,1209113100.2940216,0.20911310029402164,-0.18514934236572378
2019-12-06,1221384384.1881738,0.22138438418817374,-0.17687942638455112
2019-12-09,1224256386.801699,0.2242563868016989,-0.1749439141336382
2019-12-10,1230653119.895459,0.2306531198954589,-0.17063300048387808
2019-12-11,1234961123.8157463,0.2349611238157463,-0.16772973210750908
2019-12-12,1253890231.950343,0.2538902319503429,-0.15497294681740215
2019-12-13,1270469519.7647827,0.2704695197647826,-0.14379976245986015
2019-12-16,1271644429.9248612,0.27164442992486126,-0.14300796199357757
2019-12-17,1285286442.3391047,0.2852864423391046,-0.13381427880174213
2019-12-18,1285547533.485789,0.2855475334857891,-0.13363832314256796
2019-12-19,1286200261.3524992,0.2862002613524992,-0.13319843399463327
2019-12-20,1292335903.2995753,0.2923359032995754,-0.129063476004047
2019-12-23,1292662267.2329304,0.29266226723293043,-0.12884353143007965
2019-12-24,1283262985.9523032,0.28326298595230326,-0.1351779351603396
2019-12-26,1288550081.672656,0.28855008167265606,-0.13161483306206834
2019-12-27,1309241555.0473702,0.30924155504737016,-0.11767034707253765
2019-12-30,1308131917.6739628,0.30813191767396275,-0.11841815862402671
2020-01-02,1295207905.9131002,0.2952079059131003,-0.1271279637531343
2020-01-03,1294881541.9797451,0.29488154197974525,-0.12734790832710163
2020-01-06,1282675530.872264,0.28267553087226394,-0.1355738353934809
2020-01-07,1292923358.3796146,0.2929233583796147,-0.1286675757709057
2020-01-08,1279281345.9653707,0.2792813459653707,-0.13786125896274148
2020-01-09,1298145181.3132963,0.29814518131329626,-0.12514846258742796
2020-01-10,1313353740.6076446,0.31335374060764454,-0.11489904544054896
2020-01-13,1324645932.7017314,0.3246459327017315,-0.10728896318127834
2020-01-14,1328170663.1819668,0.32817066318196675,-0.10491356178243072
2020-01-15,1327322116.9552433,0.3273221169552434,-0.10548541767474595
2020-01-16,1335220124.142437,0.33522012414243707,-0.10016275898473592
2020-01-17,1337439398.889252,0.3374393988892519,-0.0986671358817578
2020-01-20,1345663770.0098007,0.34566377000980064,-0.09312453261778031
2020-01-21,1332870303.8222802,0.3328703038222802,-0.10174635991730097
2020-01-22,1349384318.850049,0.34938431885004895,-0.09061716447455237
2020-01-23,1337439398.889252,0.3374393988892519,-0.0986671358817578
2020-01-28,1293249722.3129697,0.29324972231296975,-0.12844763119693836
2020-01-29,1299059000.3266907,0.29905900032669064,-0.12453261778031932
2020-01-30,1278432799.7386475,0.27843279973864754,-0.1384331148550566
2020-01-31,1262963149.2976153,0.2629631492976152,-0.14885848766110932
2020-02-03,1261461875.2041817,0.26146187520418174,-0.14987023270135924
2020-02-04,1283589349.8856583,0.2835893498856583,-0.13495799058637226
2020-02-05,1288550081.672656,0.28855008167265606,-0.13161483306206834
2020-02-06,1322361385.1682456,0.32236138516824564,-0.10882857519904987
2020-02-07,1316552107.1545246,0.31655210715452453,-0.11274358861566891
2020-02-10,1307479189.8072524,0.3074791898072524,-0.11885804777196152
2020-02-11,1320599019.9281282,0.32059901992812834,-0.11001627589847351
2020-02-12,1332282848.7422411,0.3322828487422411,-0.10214226015044203
2020-02-13,1326734661.8752043,0.3267346618752043,-0.10588131790788713
2020-02-14,1333979941.1956875,0.33397994119568764,-0.1009985483658119
2020-02-17,1334893760.2090821,0.33489376020908224,-0.10038270355870316
2020-02-18,1315116105.8477623,0.3151161058477623,-0.1137113447411251
2020-02-19,1313941195.6876838,0.31394119568768386,-0.11450314520740767
2020-02-20,1307218098.6605685,0.3072180986605684,-0.11903400343113535
2020-02-21,1288027899.3792877,0.28802789937928774,-0.13196674438041622
2020-02-24,1239073309.376021,0.2390733093760209,-0.16495843047552017
2020-02-25,1253041685.7236197,0.25304168572361974,-0.15554480270971716
2020-02-26,1236723489.055864,0.23672348905586404,-0.1665420314080852
2020-02-27,1224582750.7350538,0.22458275073505374,-0.17472396955967107
2020-02-28,1184309441.359033,0.18430944135903315,-0.20186512998724315
2020-03-02,1193055994.77295,0.19305599477295,-0.195970615404918
2020-03-03,1197951453.7732766,0.1979514537732765,-0.1926714467954077
2020-03-04,1226214570.4018295,0.22621457040182946,-0.17362424668983412
2020-03-05,1239334400.522705,0.23933440052270516,-0.16478247481634622
2020-03-06,1215770924.5344658,0.2157709245344659,-0.18066247305678973
2020-03-09,1165641424.3711207,0.16564142437112062,-0.21444595961817614
2020-03-10,1170341065.011434,0.1703410650114341,-0.21127875775304628
2020-03-11,1137313034.9558969,0.13731303495589686,-0.23353714863854302
2020-03-12,1094885723.6197321,0.09488572361973224,-0.26212994325429995
2020-03-13,1057288598.497223,0.05728859849722312,-0.28746755817533987
2020-03-16,1024130022.8683437,0.024130022868343648,-0.30981392689042364
2020-03-17,998412544.9199607,-0.0015874550800392129,-0.32714555931905165
2020-03-18,950959229.0101274,-0.049040770989872584,-0.3591255003739058
2020-03-19,871456974.8448219,-0.12854302515517813,-0.41270399859235474
2020-03-20,935163214.6357399,-0.06483678536426007,-0.36977081775392606
2020-03-23,886861352.4991832,-0.11313864750081681,-0.4023226147010954
2020-03-24,961207056.517478,-0.038792943482522046,-0.3522192407513306
2020-03-25,1013816922.574322,0.013816922574321877,-0.31676417542779234
2020-03-26,1000566546.8801045,0.0005665468801046014,-0.32569392513086703
2020-03-27,1024586932.3750409,0.02458693237504095,-0.30950600448686927
2020-03-30,1027328389.4152238,0.027328389415223864,-0.3076584700655435
2020-03-31,1049716955.2433845,0.049716955243384486,-0.29257027229138255
2020-04-01,1008921463.5739954,0.00892146357399537,-0.32006334403730263
2020-04-02,1031440574.9754983,0.03144057497549824,-0.3048871684335547
2020-04-03,1027002025.4818686,0.027002025481868586,-0.3078784146395108
2020-04-06,1070473701.4047697,0.0704737014047696,-0.27858179738705846
2020-04-07,1089337536.7526953,0.0893375367526954,-0.26586900101174493
2020-04-08,1072105521.0715454,0.07210552107154533,-0.2774820745172216
2020-04-09,1097561907.873244,0.09756190787324415,-0.26032639774776756
2020-04-10,1109963737.3407383,0.10996373734073828,-0.25196850393700787
2020-04-13,1091360993.1394968,0.09136099313949675,-0.26450534465314746
2020-04-14,1109506827.834041,0.1095068278340412,-0.25227642634056224
2020-04-16,1109506827.834041,0.1095068278340412,-0.25227642634056224
2020-04-17,1142665403.4629207,0.14266540346292067,-0.22993005762547836
2020-04-20,1134179941.1956878,0.13417994119568788,-0.23564861654862967
2020-04-21,1122104475.6615484,0.12210447566154836,-0.24378656578542213
2020-04-22,1129480300.5553741,0.12948030055537418,-0.23881581841375965
2020-04-23,1142012675.5962102,0.14201267559621034,-0.23036994677341316
2020-04-24,1128174844.8219535,0.12817484482195352,-0.23969559670962926
2020-04-27,1147887226.3966024,0.14788722639660246,-0.2264109444420006
2020-04-28,1154414505.0637047,0.1544145050637047,-0.22201205296265336
2020-04-29,1163030512.9042795,0.1630305129042795,-0.21620551620991524
2020-05-04,1132156484.8088858,0.13215648480888587,-0.23701227290722748
2020-05-06,1151150865.7301536,0.15115086573015346,-0.22421149870232704
2020-05-07,1151477229.6635087,0.15147722966350874,-0.2239915541283597
2020-05-08,1161529238.810846,0.16152923881084602,-0.21721726125016494
2020-05-11,1155654688.0104542,0.15565468801045412,-0.22117626358157738
2020-05-12,1147038680.169879,0.14703868016987887,-0.22698280033431584
2020-05-13,1157678144.3972557,0.1576781443972557,-0.2198126072229799
2020-05-14,1149062136.556681,0.14906213655668088,-0.22561914397571803
2020-05-15,1151477229.6635087,0.15147722966350874,-0.2239915541283597
2020-05-18,1156503234.2371774,0.15650323423717727,-0.22060440768926237
2020-05-19,1179022345.6386802,0.17902234563868014,-0.20542823208551442
2020-05-20,1184439986.9323752,0.18443998693237518,-0.20177715215765613
2020-05-21,1191750539.0395296,0.19175053903952954,-0.19685039370078738
2020-05-22,1175497615.158445,0.17549761515844486,-0.20780363348436204
2020-05-25,1190640901.6661222,0.19064090166612213,-0.19759820525227645
2020-05-26,1211397647.8275073,0.21139764782750725,-0.18360973034795236
2020-05-27,1208134008.4939563,0.20813400849395625,-0.18580917608762582
2020-05-28,1208786736.3606665,0.20878673636066658,-0.18536928693969112
2020-05-29,1212964194.7076118,0.21296419470761174,-0.18255399639290903
2020-06-01,1227781117.281934,0.22778111728193395,-0.1725685127347908
2020-06-02,1242075857.5628881,0.24207585756288807,-0.16293494039502032
2020-06-03,1281239529.5655015,0.28123952956550147,-0.1365415915189372
2020-06-04,1280325710.552107,0.2803257105521071,-0.13715743632604582
2020-06-05,1298471545.2466514,0.2984715452466513,-0.12492851801346061
2020-06-08,1303171185.886965,0.303171185886965,-0.12176131614833063
2020-06-09,1302061548.5135577,0.3020615485135576,-0.12250912769981959
2020-06-10,1306434825.2205162,0.30643482522051624,-0.11956187040865696
2020-06-11,1295142633.1264293,0.2951426331264293,-0.1271719526679277
2020-06-12,1268772427.311336,0.2687724273113361,-0.1449434742444905
2020-06-15,1212050375.6942177,0.21205037569421759,-0.18316984120001756
2020-06-16,1275952433.8451486,0.27595243384514867,-0.14010469361720856
2020-06-17,1275038614.8317544,0.2750386148317545,-0.14072053842431698
2020-06-18,1274385886.965044,0.27438588696504396,-0.1411604275722519
2020-06-19,1278302254.1653054,0.2783022541653053,-0.13852109268464352
2020-06-22,1269098791.2446914,0.2690987912446914,-0.14472352967052293
2020-06-23,1268446063.3779812,0.26844606337798127,-0.14516341881845762
2020-06-24,1290508265.2727866,0.2905082652727866,-0.13029516561826426
2020-06-25,1259895328.3240771,0.259895328324077,-0.15092596665640257
2020-06-26,1271709702.711532,0.27170970271153205,-0.14296397307878417
2020-06-29,1251214047.696831,0.251214047696831,-0.15677649232393442
2020-06-30,1261331329.6308396,0.2613313296308395,-0.14995821053094616
2020-07-01,1258328781.4439726,0.25832878144397253,-0.1519817006114459
2020-07-02,1273472067.95165,0.2734720679516498,-0.1417762723793603
2020-07-03,1283915713.8190134,0.28391571381901337,-0.1347380460124049
2020-07-06,1297884090.1666124,0.29788409016661244,-0.1253244182466018
2020-07-07,1285939170.205815,0.28593917020581516,-0.1333743896538072
2020-07-08,1280978438.4188173,0.2809784384188172,-0.13671754717811113
2020-07-09,1287179353.1525645,0.2871793531525646,-0.13253860027273123
2020-07-10,1278954982.0320158,0.27895498203201585,-0.13808120353670872
2020-07-13,1297557726.233257,0.29755772623325716,-0.12554436282056924
2020-07-14,1299385364.2600458,0.2993853642600457,-0.12431267320635198
2020-07-15,1306173734.0738323,0.3061737340738322,-0.11973782606783079
2020-07-16,1298732636.3933356,0.2987326363933356,-0.12475256235428667
2020-07-17,1305586278.993793,0.3055862789937931,-0.12013372630097208
2020-07-20,1306761189.1538713,0.3067611891538713,-0.11934192583468961
2020-07-21,1324254295.9817054,0.3242542959817054,-0.10755289667003909
2020-07-22,1324907023.8484156,0.3249070238484155,-0.1071130075221044
2020-07-23,1318314472.3946424,0.3183144723946423,-0.11155588791624504
2020-07-24,1307087553.0872264,0.30708755308722635,-0.11912198126072227
2020-07-27,1318640836.3279974,0.31864083632799756,-0.1113359433422777
2020-07-28,1342987585.7562888,0.34298758575628874,-0.0949280781243127
2020-07-29,1345924861.1564848,0.3459248611564849,-0.09294857695860637
2020-07-30,1348339954.2633126,0.34833995426331255,-0.09132098711124803
2020-07-31,1338940672.9826853,0.3389406729826854,-0.09765539084150798
2020-08-03,1339201764.1293695,0.3392017641293694,-0.09747943518233404
2020-08-04,1354345050.6370468,0.3543450506370469,-0.08727400695024845
2020-08-05,1371577066.3181965,0.37157706631819654,-0.07566093344477198
2020-08-06,1388156354.1326363,0.38815635413263627,-0.0644877490872301
2020-08-07,1396772361.9732113,0.3967723619732113,-0.05868121233449175
2020-08-10,1417594380.9212675,0.41759438092126744,-0.04464874851537415
2020-08-11,1439264946.096047,0.43926494609604694,-0.030044428803941536
2020-08-12,1442789676.5762823,0.4427896765762822,-0.027669027405093916
2020-08-13,1445204769.68311,0.44520476968311007,-0.02604143755773547
2020-08-14,1432150212.3489056,0.4321502123489056,-0.03483922051642985
2020-08-18,1397098725.9065664,0.39709872590656636,-0.058461267760524405
2020-08-19,1400623456.3868017,0.40062345638680164,-0.056085866361676895
2020-08-20,1352517412.610258,0.35251741261025815,-0.08850569656446572
2020-08-21,1370663247.3048024,0.3706632473048024,-0.0762767782518805
2020-08-24,1381041620.385495,0.38104162038549494,-0.06928254079971852
2020-08-25,1407150735.0539038,0.40715073505390387,-0.05168697488232976
2020-08-26,1404213459.6537077,0.4042134596537077,-0.05366647604803598
2020-08-27,1394683632.7997386,0.3946836327997387,-0.06008885760788285
2020-08-28,1397947272.1332898,0.39794727213328973,-0.05788941186820917
2020-08-31,1383978895.785691,0.3839788957856911,-0.06730303963401219
2020-09-01,1397947272.1332898,0.39794727213328973,-0.05788941186820917
2020-09-02,1406236916.0405097,0.4062369160405097,-0.052302819689438174
2020-09-03,1423534204.5083306,0.42353420450833057,-0.04064575726916819
2020-09-04,1408390918.0006535,0.4083909180006535,-0.05085118550125356
2020-09-07,1417594380.9212675,0.41759438092126744,-0.04464874851537415
2020-09-08,1426797843.8418818,0.4267978438418818,-0.038446311529494515
2020-09-09,1411850375.6942177,0.4118503756942178,-0.04851977301719956
2020-09-10,1425296569.7484481,0.4252965697484481,-0.03945805656974444
2020-09-11,1420009474.0280955,0.4200094740280955,-0.04302115866801559
2020-09-14,1439264946.096047,0.43926494609604694,-0.030044428803941536
2020-09-15,1453168049.6569748,0.45316804965697477,-0.020674789952931927
2020-09-16,1448207317.8699772,0.44820731786997725,-0.024017947477235624
2020-09-17,1430583665.468801,0.4305836654688011,-0.03589495447147317
2020-09-18,1429474028.0953937,0.4294740280953937,-0.036642766022962237
2020-09-21,1420792747.4681475,0.42079274746814743,-0.042493291690494095
2020-09-22,1383652531.852336,0.38365253185233583,-0.06752298420797953
2020-09-23,1383130349.5589678,0.38313034955896774,-0.0678748955263273
2020-09-24,1351864684.743548,0.3518646847435478,-0.08894558571240041
2020-09-25,1354345050.6370468,0.3543450506370469,-0.08727400695024845
2020-09-28,1374253250.5717087,0.37425325057170866,-0.07385738793823948
2020-09-29,1386981443.972558,0.38698144397255807,-0.06527954955351245
2020-10-05,1404539823.587063,0.404539823587063,-0.053446531474068526
2020-10-06,1403887095.720353,0.40388709572035286,-0.05388642062200322
2020-10-07,1419030382.2280302,0.41903038222803013,-0.04368099238991763
2020-10-08,1420009474.0280955,0.4200094740280955,-0.04302115866801559
2020-10-12,1426471479.9085267,0.42647147990852674,-0.03866625610346186
2020-10-13,1426797843.8418818,0.4267978438418818,-0.038446311529494515
2020-10-14,1417594380.9212675,0.41759438092126744,-0.04464874851537415
2020-10-15,1403560731.7869978,0.4035607317869978,-0.05410636519597056
2020-10-16,1396511270.826527,0.39651127082652704,-0.05885716799366569
2020-10-19,1399448546.2267232,0.3994485462267232,-0.05687766682795947
2020-10-20,1405127278.6671023,0.4051272786671023,-0.05305063124092724
2020-10-21,1412829467.494283,0.41282946749428295,-0.04785993929529753
2020-10-22,1399709637.3734074,0.39970963737340726,-0.05670171116878553
2020-10-23,1406563279.9738648,0.40656327997386477,-0.05208287511547083
2020-10-26,1397425089.8399217,0.39742508983992164,-0.05824132318655695
2020-10-27,1388809081.9993465,0.3888090819993464,-0.0640478599392954
2020-10-28,1397425089.8399217,0.39742508983992164,-0.05824132318655695
2020-10-29,1386328716.1058478,0.38632871610584774,-0.06571943870144714
2020-10-30,1351538320.8101928,0.35153832081019276,-0.08916553028636776
2020-11-02,1370336883.3714473,0.3703368833714473,-0.07649672282584785
2020-11-03,1395858542.9598172,0.39585854295981715,-0.05929705714160027
2020-11-04,1404213459.6537077,0.4042134596537077,-0.05366647604803598
2020-11-05,1433259849.722313,0.433259849722313,-0.034091408964940895
2020-11-06,1437176216.9225743,0.43717621692257436,-0.031452074077332526
2020-11-09,1455909506.6971579,0.4559095066971579,-0.018827255531606024
2020-11-10,1457671871.9372754,0.45767187193727543,-0.01763955483218227
2020-11-11,1476078797.778504,0.4760787977785039,-0.005234680860423113
2020-11-12,1475164978.7651093,0.4751649787651093,-0.005850525667531858
2020-11-13,1482344985.2989218,0.4823449852989219,-0.0010117450402499228
2020-11-16,1514916105.847762,0.514916105847762,0.0
2020-11-17,1513545377.3276708,0.5135453773276708,-0.0009048214054890868
2020-11-18,1511978830.4475663,0.5119788304475663,-0.0019389030117625827
2020-11-19,1515829924.8611565,0.5158299248611564,0.0
2020-11-20,1521182293.3681803,0.5211822933681802,0.0
2020-11-23,1547944135.9032996,0.5479441359032995,0.0
2020-11-24,1558061417.837308,0.558061417837308,0.0
2020-11-25,1547617771.9699445,0.5476177719699444,-0.006702974444909859
2020-11-26,1561129238.810846,0.5611292388108462,0.0
2020-11-27,1568766154.8513558,0.5687661548513558,0.0
2020-11-30,1545333224.4364586,0.5453332244364586,-0.014937172339186233
2020-12-01,1569027245.99804,0.5690272459980399,0.0
2020-12-02,1594287814.4397256,0.5942878144397257,0.0
2020-12-03,1601467820.9735382,0.6014678209735382,0.0
2020-12-04,1625814570.4018295,0.6258145704018294,0.0
2020-12-07,1636454034.6292062,0.6364540346292062,0.0
2020-12-08,1609431100.9474027,0.6094311009474027,-0.016513102788081935
2020-12-09,1642393858.2162693,0.6423938582162692,0.0
2020-12-10,1632602940.215616,0.6326029402156159,-0.0059613703203241775
2020-12-11,1648333681.8033323,0.6483336818033323,0.0
2020-12-14,1645396406.403136,0.6453964064031361,-0.0017819664990299522
2020-12-15,1641218948.0561907,0.6412189480561907,-0.004316318853205603
2020-12-16,1648986409.6700425,0.6489864096700426,0.0
2020-12-17,1651270957.2035284,0.6512709572035285,0.0
2020-12-18,1649639137.5367527,0.6496391375367527,-0.0009882204126808736
2020-12-21,1652902776.8703039,0.652902776870304,0.0
2020-12-22,1627315844.4952629,0.6273158444952629,-0.01547999842040848
2020-12-23,1641545311.9895458,0.6415453119895458,-0.006871223788650682
2020-12-24,1668894609.6047044,0.6688946096047044,0.0
2020-12-28,1670656974.844822,0.6706569748448219,0.0
2020-12-29,1698528454.7533486,0.6985284547533486,0.0
2020-12-30,1738083763.4759881,0.7380837634759883,0.0
2021-01-04,1773135249.9183273,0.7731352499183273,0.0
2021-01-05,1802246912.7736034,0.8022469127736034,0.0
2021-01-06,1793630904.9330282,0.7936309049330281,-0.004780703342870729
2021-01-07,1831293302.8422084,0.8312933028422085,0.0
2021-01-08,1898132636.3933356,0.8981326363933355,0.0
2021-01-11,1903289186.5403461,0.9032891865403461,0.0
2021-01-12,1888668082.3260374,0.8886680823260373,-0.00768201927363743
2021-01-13,1901657366.8735707,0.9016573668735708,-0.0008573682225041512
2021-01-14,1897806272.4599802,0.8978062724599802,-0.0028807572276141613
2021-01-15,1861057693.564195,0.8610576935641949,-0.022188689598408584
2021-01-18,1814648742.2410977,0.8146487422410977,-0.046572241846428164
2021-01-19,1864908787.977785,0.864908787977785,-0.020165300593298685
2021-01-20,1875287161.0584776,0.8752871610584776,-0.014712438698171959
2021-01-21,1905247370.140477,0.9052473701404768,0.0
2021-01-22,1891344266.5795493,0.8913442665795492,-0.0072972695193394
2021-01-25,1932009212.6755962,0.9320092126755963,0.0
2021-01-26,1894020450.833061,0.8940204508330609,-0.019662826446839476
2021-01-27,1883903168.8990526,0.8839031688990526,-0.02489948984763002
2021-01-28,1859230055.5374062,0.8592300555374062,-0.037670191560525645
2021-01-29,1804205096.373734,0.8042050963737339,-0.06615088347579312
2021-02-01,1846110225.4165306,0.8461102254165307,-0.044460961518970166
2021-02-02,1872349885.6582816,0.8723498856582816,-0.030879421602081236
2021-02-03,1896435543.939889,0.896435543939889,-0.01841278421568293
2021-02-04,1866671153.2179027,0.8666711532179026,-0.033818710091557125
2021-02-05,1886514080.3658936,0.8865140803658935,-0.023548092840974366
2021-02-08,1869673701.4047697,0.8696737014047697,-0.03226460353390315
2021-02-09,1866083698.1378634,0.8660836981378635,-0.03412277441805467
2021-02-10,1875939888.9251878,0.8759398889251879,-0.029021250717929714
2021-02-15,1903289186.5403461,0.9032891865403461,-0.014865367073212066
2021-02-16,1911905194.3809214,0.9119051943809213,-0.010405756951248346
2021-02-17,1893367722.9663508,0.8933677229663508,-0.02000067569850339
2021-02-18,1871109702.711532,0.8711097027115322,-0.03152133518024258
2021-02-19,1878550800.3920288,0.8785508003920288,-0.02766985371127406
2021-02-22,1860731329.6308396,0.8607313296308396,-0.03689313828169871
2021-02-23,1861906239.790918,0.8619062397909181,-0.036285009628703624
2021-02-24,1814452923.8810847,0.8144529238810847,-0.06084665022466973
2021-02-25,1874373342.0450833,0.8743733420450832,-0.029832088921923017
2021-02-26,1826006207.1218557,0.8260062071218557,-0.05486671847021851
2021-03-02,1838995491.669389,0.8389954916693889,-0.04814351836210684
2021-03-03,1863733877.8177066,0.8637338778177066,-0.035339031724044734
2021-03-04,1845653315.9098332,0.8456533159098332,-0.04469745599513508
2021-03-05,1835144397.2557986,0.8351443972557986,-0.05013682894692395
2021-03-08,1817063835.3479254,0.8170638353479254,-0.05949525321801419
2021-03-09,1805510552.1071546,0.8055105521071546,-0.0654751849724653
2021-03-10,1794805815.0931067,0.7948058150931068,-0.07101591269975338
2021-03-11,1826006207.1218557,0.8260062071218557,-0.05486671847021851
2021-03-12,1845914407.0565176,0.8459144070565177,-0.044562316294469384
2021-03-15,1842911858.8696504,0.8429118588696503,-0.04611642285212347
2021-03-16,1854465142.1104214,0.8544651421104215,-0.040136491097672256
2021-03-17,1842650767.7229664,0.8426507677229664,-0.04625156255278895
2021-03-18,1855313688.3371449,0.8553136883371448,-0.039697287070509124
2021-03-19,1843760405.0963738,0.8437604050963738,-0.04567721882496023
2021-03-22,1837037308.0692585,0.8370373080692584,-0.04915706611709858
2021-03-23,1821567657.628226,0.821567657628226,-0.057164093381533165
2021-03-24,1814126559.9477293,0.8141265599477294,-0.0610155748505018
2021-03-25,1820914929.7615159,0.8209149297615159,-0.05750194263319708
2021-03-26,1840823129.6961777,0.8408231296961777,-0.04719754045744795
2021-03-29,1837559490.3626266,0.8375594903626264,-0.048886786715767405
2021-03-30,1858055145.3773277,0.8580551453773277,-0.03827832021352073
2021-03-31,1852702776.8703039,0.8527027768703039,-0.041048684077164777
2021-04-01,1867846063.377981,0.867846063377981,-0.03321058143856215
2021-04-02,1886840444.2992487,0.8868404442992488,-0.02337916821514241
2021-04-05,1888406991.1793532,0.8884069911793533,-0.022568330011148996
2021-04-06,1891996994.4462595,0.8919969944462596,-0.020710159126997474
2021-04-07,1897806272.4599802,0.8978062724599802,-0.017703300787188847
2021-04-08,1901396275.7268867,0.9013962757268867,-0.015845129903037214
2021-04-09,1893694086.8997061,0.8936940868997061,-0.019831751072671322
2021-04-12,1895782816.0731788,0.8957828160731787,-0.018750633467346844
2021-04-13,1916213198.3012087,0.9162131983012087,-0.008175951890266542
2021-04-14,1924241751.0617445,0.9242417510617444,-0.004020406094800588
2021-04-15,1930573211.3688338,0.9305732113688339,-0.0007432683536605644
2021-04-16,1936447762.1692257,0.9364477621692258,0.0
2021-04-19,1934424305.782424,0.934424305782424,-0.0010449320794148065
2021-04-20,1948392682.130023,0.948392682130023,0.0
2021-04-21,1918367200.2613525,0.9183672002613525,-0.015410385259631565
2021-04-22,1923197386.475008,0.923197386475008,-0.012931323283082219
2021-04-23,1927570663.1819665,0.9275706631819665,-0.010686767169179379
2021-04-26,1945455406.729827,0.9454554067298269,-0.0015075376884422509
2021-04-27,1949241228.3567462,0.9492412283567462,0.0
2021-04-28,1929659392.3554394,0.9296593923554395,-0.010045876167833145
2021-04-29,1925090297.288468,0.9250902972884678,-0.012389913940327513
2021-04-30,1909424828.4874225,0.9094248284874225,-0.020426614874593962
2021-05-03,1893106631.8196669,0.8931066318196668,-0.028798178347788195
2021-05-04,1904007187.1937275,0.9040071871937274,-0.023205973947694525
2021-05-06,1923066840.901666,0.923066840901666,-0.013427987811003739
2021-05-07,1933575759.5557005,0.9335757595557006,-0.00803670093426656
2021-05-10,1966538516.824567,0.966538516824567,0.0
2021-05-11,1947087226.3966024,0.9470872263966024,-0.009891131173659029
2021-05-12,1917583926.8213,0.9175839268213,-0.024893786510886917
2021-05-13,1891670630.5129042,0.8916706305129041,-0.03807089750398307
2021-05-14,1912166285.5276053,0.9121662855276054,-0.027648698884758405
2021-05-17,1901265730.1535447,0.9012657301535447,-0.03319171534784915
2021-05-18,1919999019.928128,0.919999019928128,-0.023665693043016467
2021-05-20,1913341195.6876838,0.9133411956876838,-0.02705124800849701
2021-05-21,1912688467.8209734,0.9126884678209735,-0.027383165161975587
2021-05-24,1908184645.5406728,0.9081846455406728,-0.029673393520977198
2021-05-25,1919085200.914734,0.9190852009147339,-0.024130377057886232
2021-05-26,1921761385.1682458,0.9217613851682458,-0.022769516728624484
2021-05-27,1914255014.701078,0.914255014701078,-0.026586563993627244
2021-05-28,1927244299.2486117,0.9272442992486116,-0.019981412639405116
2021-05-31,1937818490.6893172,0.9378184906893172,-0.01460435475305355
2021-06-01,1946565044.1032343,0.9465650441032343,-0.010156664896441847
2021-06-02,1948066318.1966677,0.9480663181966678,-0.009393255443441384
2021-06-03,1962556876.8376348,0.9625568768376349,-0.0020246946362187934
2021-06-04,1958053054.5573342,0.9580530545573342,-0.004314922995220405
2021-06-07,1970063247.3048024,0.9700632473048023,0.0
2021-06-08,1962230512.9042797,0.9622305129042796,-0.003975879663375537
2021-06-09,1948653773.276707,0.9486537732767069,-0.010867404413226422
2021-06-10,1953810323.4237177,0.9538103234237176,-0.008249950301504216
2021-06-11,1963470695.851029,0.9634706958510288,-0.00334636538334121
2021-06-14,1964580333.2244363,0.9645803332244363,-0.0027831157643629645
2021-06-15,1971564521.398236,0.971564521398236,0.0
2021-06-16,1980311074.8121529,0.9803110748121528,0.0
2021-06-17,1975219797.451813,0.9752197974518131,-0.0025709482843865317
2021-06-18,1973392159.4250245,0.9733921594250246,-0.0034938527967303123
2021-06-21,1958248872.9173472,0.9582488729173473,-0.01114077589900786
2021-06-22,1971238157.4648807,0.9712381574648807,-0.004581561686278435
2021-06-23,1981812348.9055862,0.9818123489055863,0.0
2021-06-24,1989122901.0127409,0.9891229010127409,0.0
2021-06-25,1994148905.5864096,0.9941489055864097,0.0
2021-06-28,1994801633.45312,0.99480163345312,0.0
2021-06-29,1990885266.2528586,0.9908852662528587,-0.0019632865416707723
2021-06-30,2000219274.7468147,1.0002192747468146,0.0
2021-07-01,1986055080.039203,0.986055080039203,-0.007081320976373817
2021-07-02,1991799085.2662528,0.9917990852662528,-0.004209633207153174
2021-07-05,1994801633.45312,0.99480163345312,-0.0027085236914240474
2021-07-06,2000545638.6801698,1.0005456386801699,0.0
2021-07-07,1988470173.1460307,0.9884701731460306,-0.006036086006068753
2021-07-08,1974305978.4384189,0.9743059784384189,-0.013116251753727659
2021-07-09,1953157595.5570076,0.9531575955570075,-0.023687559137329117
2021-07-12,1970063247.3048024,0.9700632473048023,-0.015237038728832863
2021-07-13,1980049983.6654687,0.9800499836654686,-0.010245032464354487
2021-07-14,1976068343.6785364,0.9760683436785365,-0.01223530947176088
2021-07-15,1994475269.5197647,0.9944752695197647,-0.0030343567489967693
2021-07-16,1983052531.852336,0.983052531852336,-0.00874416783581844
2021-07-19,1963731786.997713,0.9637317869977131,-0.018401905445528444
2021-07-20,1961904148.9709244,0.9619041489709244,-0.019315475219419898
2021-07-21,1949241228.3567462,0.9492412283567462,-0.025645208652810836
2021-07-22,1967582881.4113035,0.9675828814113034,-0.01647688342197129
2021-07-23,1970389611.2381575,0.9703896112381576,-0.015073901269209378
2021-07-26,1958053054.5573342,0.9580530545573342,-0.02124049724297694
2021-07-27,1962556876.8376348,0.9625568768376349,-0.018989200300172926
2021-07-28,1965559425.0245018,0.9655594250245019,-0.01748833567163688
2021-07-29,1963470695.851029,0.9634706958510288,-0.018532415413227254
2021-07-30,1938732309.7027116,0.9387323097027116,-0.030898234852686834
2021-08-02,1951656321.463574,0.951656321463574,-0.024437991451597085
2021-08-03,1965559425.0245018,0.9655594250245019,-0.01748833567163688
2021-08-04,1991799085.2662528,0.9917990852662528,-0.00437208391790922
2021-08-05,1983966350.86573,0.9839663508657301,-0.008287382948872768
2021-08-06,1980963802.678863,0.980963802678863,-0.009788247577408704
2021-08-09,1974305978.4384189,0.9743059784384189,-0.013116251753727659
2021-08-10,1962556876.8376348,0.9625568768376349,-0.018989200300172926
2021-08-11,1951068866.383535,0.9510688663835349,-0.02473163887891927
2021-08-12,1942387585.756289,0.9423875857562891,-0.029071095304903816
2021-08-13,1923654295.9817052,0.9236542959817051,-0.038435185487291634
2021-08-17,1905182097.353806,0.9051820973538061,-0.04766876570198042
2021-08-18,1918497745.8346946,0.9184977458346946,-0.04101275734934251
2021-08-19,1875352433.8451488,0.8753524338451488,-0.06257952951156631
2021-08-20,1858120418.1639986,0.8581204181639985,-0.07119318737968616
2021-08-23,1876853707.9385822,0.8768537079385821,-0.061829097197298455
2021-08-24,1905182097.353806,0.9051820973538061,-0.04766876570198042
2021-08-25,1909424828.4874225,0.9094248284874225,-0.045547978726875216
2021-08-26,1896174452.7932048,0.8961744527932047,-0.05217135958758845
2021-08-27,1896761907.873244,0.8967619078732441,-0.051877712160266154
2021-08-30,1909163737.3407385,0.9091637373407386,-0.045678488694573915
2021-08-31,1937492126.755962,0.9374921267559619,-0.031518157199256214
2021-09-01,1944411042.1430905,0.9444110421430905,-0.028059643055238337
2021-09-02,1925743025.155178,0.9257430251551781,-0.03739110574570126
2021-09-03,1937492126.755962,0.9374921267559619,-0.031518157199256214
2021-09-06,1941408493.9562235,0.9414084939562235,-0.029560507683774273
2021-09-07,1929398301.2087553,0.9293983012087552,-0.03556396619791835
2021-09-08,1918497745.8346946,0.9184977458346946,-0.04101275734934251
2021-09-09,1885012806.27246,0.88501280627246,-0.05775066070671142
2021-09-10,1897936818.0333226,0.8979368180333225,-0.05129041730562167
2021-09-13,1898524273.1133616,0.8985242731133616,-0.050996769878299486
2021-09-14,1905834825.2205162,0.9058348252205162,-0.04734249078273345
2021-09-15,1909163737.3407385,0.9091637373407386,-0.045678488694573915
2021-09-16,1899829728.846782,0.899829728846782,-0.05034422003980554
2021-09-17,1906422280.3005555,0.9064222803005555,-0.04704884335541115
2021-09-23,1896761907.873244,0.8967619078732441,-0.051877712160266154
2021-09-24,1896761907.873244,0.8967619078732441,-0.051877712160266154
2021-09-27,1901853185.233584,0.9018531852335838,-0.04933276779013984
2021-09-28,1874764978.7651095,0.8747649787651095,-0.06287317693888861
2021-09-29,1860013328.9774582,0.8600133289774583,-0.07024699011386992
2021-09-30,1864190787.3244038,0.8641907873244037,-0.0681588306306894
2021-10-01,1830705847.7621691,0.8307058477621692,-0.08489673398805841
2021-10-05,1800810911.4668407,0.8008109114668407,-0.09984012528956909
2021-10-06,1768827245.9980397,0.7688272459980396,-0.11582759633266992
2021-10-07,1799048546.2267234,0.7990485462267234,-0.10072106757153565
2021-10-08,1797547272.1332896,0.7975472721332897,-0.10147149988580384
2021-10-12,1773396341.0650115,0.7733963410650115,-0.11354367189794112
2021-10-13,1790301992.8128061,0.7903019928128061,-0.10509315148944509
2021-10-14,1811058738.9741914,0.8110587389741915,-0.0947176090573918
2021-10-15,1832207121.8556027,0.8322071218556026,-0.08414630167379034
2021-10-18,1825288206.4684744,0.8252882064684743,-0.08760481581780799
2021-10-19,1837037308.0692585,0.8370373080692584,-0.08173186727136283
2021-10-20,1827964390.7219863,0.8279643907219862,-0.08626708864889554
2021-10-21,1827376935.641947,0.8273769356419469,-0.08656073607621784
2021-10-22,1822546749.4282913,0.8225467494282914,-0.08897517047864534
2021-10-25,1830705847.7621691,0.8307058477621692,-0.08489673398805841
2021-10-26,1850614047.696831,0.8506140476968309,-0.07494534895102611
2021-10-27,1834883306.1091146,0.8348833061091145,-0.08280857450487777
2021-10-28,1828878209.7353806,0.8288782097353806,-0.08581030376194976
2021-10-29,1801724730.4802353,0.8017247304802353,-0.0993833404026232
2021-11-01,1810471283.8941522,0.8104712838941521,-0.09501125648471398
2021-11-02,1828290754.6553414,0.8282907546553413,-0.08610395118927205
2021-11-03,1802964913.4269848,0.8029649134269847,-0.09876341805605393
2021-11-04,1812298921.9209409,0.8122989219209409,-0.09409768671082253
2021-11-05,1805053642.6004574,0.8050536426004575,-0.09771933831446367
2021-11-08,1799048546.2267234,0.7990485462267234,-0.10072106757153565
2021-11-09,1800810911.4668407,0.8008109114668407,-0.09984012528956909
2021-11-10,1781229075.4655342,0.7812290754655342,-0.10962837286697769
2021-11-11,1784557987.5857563,0.7845579875857562,-0.10796437077881815
2021-11-12,1804400914.7337472,0.8044009147337472,-0.09804561323371064
2021-11-15,1819217837.3080692,0.8192178373080692,-0.09063917256680476
2021-11-16,1816802744.2012415,0.8168027442012415,-0.09184638976801851
2021-11-17,1797808363.279974,0.797808363279974,-0.10134098991810492
2021-11-18,1791281084.6128716,0.7912810846128717,-0.10460373911057452
2021-11-19,1804727278.667102,0.804727278667102,-0.09788247577408726
2021-11-22,1831619666.7755635,0.8316196667755635,-0.08443994910111263
2021-11-23,1819544201.2414246,0.8195442012414245,-0.09047603510718116
2021-11-24,1817129108.1345966,0.8171291081345966,-0.09168325230839502
2021-11-25,1811646194.0542307,0.8116461940542308,-0.0944239616300695
2021-11-26,1781881803.3322444,0.7818818033322443,-0.10930209794773071
2021-11-29,1769153609.931395,0.7691536099313951,-0.11566445887304633
2021-11-30,1727574844.8219535,0.7275748448219534,-0.1364481712290776
2021-12-01,1757991963.4106503,0.7579919634106502,-0.1212437599921693
2021-12-02,1788213263.6393335,0.7882132636393335,-0.10613723123103525
2021-12-03,1801398366.54688,0.80139836654688,-0.0995464778622468
2021-12-06,1808382554.7206795,0.8083825547206795,-0.09605533622630424
2021-12-07,1818369291.081346,0.818369291081346,-0.09106332996182576
2021-12-08,1825288206.4684744,0.8252882064684743,-0.08760481581780799
2021-12-09,1851854230.6435804,0.8518542306435803,-0.07432542660445696
2021-12-10,1830379483.828814,0.8303794838288141,-0.08505987144768179
2021-12-13,1820131656.3214636,0.8201316563214636,-0.09018238767985898
2021-12-14,1806620189.480562,0.806620189480562,-0.09693627850827102
2021-12-15,1817716563.2146358,0.8177165632146359,-0.09138960488107273
2021-12-16,1827376935.641947,0.8273769356419469,-0.08656073607621784
2021-12-17,1831293302.8422084,0.8312933028422085,-0.08460308656073612
2021-12-20,1802051094.4135902,0.8020510944135901,-0.09922020294299982
2021-12-21,1809296373.7340739,0.8092963737340739,-0.09559855133935846
2021-12-22,1813212740.9343352,0.8132127409343353,-0.09364090182387674
2021-12-23,1819217837.3080692,0.8192178373080692,-0.09063917256680476
2021-12-24,1831880757.9222476,0.8318807579222476,-0.08430943913341382
2021-12-27,1824048023.521725,0.8240480235217249,-0.08822473816437726
2021-12-28,1836776216.9225743,0.8367762169225743,-0.08186237723906165
2021-12-29,1842781313.2963085,0.8427813132963085,-0.07886064798198955
2021-12-30,1829465664.81542,0.82946566481542,-0.08551665633462746
2022-01-03,1839778765.1094413,0.8397787651094413,-0.0803615126105256
2022-01-04,1839126037.242731,0.8391260372427312,-0.08068778752977257
2022-01-05,1813800196.0143745,0.8138001960143746,-0.09334725439655445
2022-01-06,1797547272.1332896,0.7975472721332897,-0.10147149988580384
2022-01-07,1815627834.0411632,0.8156278340411631,-0.09243368462266288
2022-01-10,1797808363.279974,0.797808363279974,-0.10134098991810492
2022-01-11,1797808363.279974,0.797808363279974,-0.10134098991810492
2022-01-12,1825614570.4018295,0.8256145704018294,-0.08744167835818462
2022-01-13,1824048023.521725,0.8240480235217249,-0.08822473816437726
2022-01-14,1799636001.3067627,0.7996360013067627,-0.10042742014421335
2022-01-17,1780249983.665469,0.7802499836654688,-0.11011778524584803
2022-01-18,1764910878.7977784,0.7649108787977783,-0.11778524584815164
2022-01-19,1752313230.970271,0.7523132309702711,-0.1240823517896179
2022-01-20,1767064880.7579222,0.7670648807579221,-0.1167085386146367
2022-01-21,1746830316.8899052,0.7468303168899053,-0.12682306111129238
2022-01-24,1721243384.5148644,0.7212433845148645,-0.13961303794577307
2022-01-25,1678098072.5253184,0.6780980725253183,-0.1611798101079971
2022-01-26,1675030251.5517805,0.6750302515517805,-0.1627133022284577
2022-01-27,1619874746.8147664,0.6198747468147665,-0.19028353290482558
2022-01-28,1649769683.1100948,0.6497696831100948,-0.1753401416033149
2022-02-03,1680186801.6987913,0.6801868016987913,-0.16013573036640671
2022-02-04,1694024632.4730482,0.6940246324730481,-0.15321870207837107
2022-02-07,1695264815.4197974,0.6952648154197973,-0.15259877973180203
2022-02-08,1690956811.49951,0.6909568114995102,-0.1547521941988319
2022-02-09,1705773734.073832,0.7057737340738319,-0.14734575353192603
2022-02-10,1709494282.9140804,0.7094942829140805,-0.14548598649221833
2022-02-11,1692262267.2329304,0.6922622672329304,-0.15409964436033796
2022-02-14,1672288794.5115976,0.6722887945115976,-0.16408365688929483
2022-02-15,1655448415.5504737,0.6554484155504736,-0.1725015498058664
2022-02-16,1687432081.0192747,0.6874320810192747,-0.15651407876276546
2022-02-17,1696178634.4331918,0.6961786344331917,-0.15214199484485624
2022-02-18,1693176086.2463248,0.6931760862463248,-0.15364285947339218
2022-02-21,1694612087.5530872,0.6946120875530872,-0.152925054651049
2022-02-22,1672027703.3649135,0.6720277033649134,-0.16421416685699364
2022-02-23,1681100620.7121856,0.6811006207121857,-0.15967894547946093
2022-02-24,1637628944.7892845,0.6376289447892844,-0.18140885510130833
2022-02-25,1655122051.6171186,0.6551220516171186,-0.1726646872654899
2022-02-28,1667523881.0846128,0.6675238810846129,-0.16646546379979765
2022-03-02,1670265338.1247957,0.6702653381247956,-0.16509510913896053
2022-03-03,1697679908.5266254,0.6976799085266254,-0.15139156253058816
2022-03-04,1676270434.49853,0.67627043449853,-0.16209337988188843
2022-03-07,1640044037.8961124,0.6400440378961125,-0.18020163790009458
2022-03-08,1619874746.8147664,0.6198747468147665,-0.19028353290482558
2022-03-10,1658189872.5906565,0.6581898725906565,-0.17113119514502928
2022-03-11,1642132767.069585,0.6421327670695851,-0.17915755815850432
2022-03-14,1634952760.5357726,0.6349527605357725,-0.1827465822702209
2022-03-15,1621702384.8415549,0.6217023848415548,-0.18936996313093424
2022-03-16,1640696765.7628226,0.6406967657628226,-0.1798753629808476
2022-03-17,1661845148.644234,0.661845148644234,-0.16930405559724615
2022-03-18,1674442796.4717412,0.6744427964717412,-0.16300694965578
2022-03-21,1657863508.6573017,0.6578635086573017,-0.17129433260465254
2022-03-22,1675944070.5651748,0.6759440705651749,-0.16225651734151192
2022-03-23,1687432081.0192747,0.6874320810192747,-0.15651407876276546
2022-03-24,1687758444.9526298,0.6877584449526297,-0.15635094130314198
2022-03-25,1686779353.1525645,0.6867793531525646,-0.15684035368201243
2022-03-28,1683450441.0323424,0.6834504410323425,-0.15850435577017186
2022-03-29,1689847174.1261024,0.6898471741261025,-0.15530686156155182
2022-03-30,1697092453.4465861,0.6970924534465861,-0.15168520995791046
2022-03-31,1703685004.9003594,0.7036850049003593,-0.14838983327351618
2022-04-01,1692849722.3129697,0.6928497223129697,-0.15380599693301567
2022-04-04,1706100098.0071874,0.7061000980071874,-0.14718261607230243
2022-04-05,1704598823.9137535,0.7045988239137535,-0.14793304838657062
2022-04-06,1689847174.1261024,0.6898471741261025,-0.15530686156155182
2022-04-07,1668698791.2446911,0.6686987912446911,-0.16587816894515328
2022-04-08,1669286246.3247304,0.6692862463247304,-0.16558452151783098
2022-04-11,1665957334.2045083,0.6659573342045082,-0.1672485236059904
2022-04-12,1650879320.4835021,0.6508793204835022,-0.1747854742405951
2022-04-13,1678098072.5253184,0.6780980725253183,-0.1611798101079971
2022-04-14,1678620254.8186867,0.6786202548186868,-0.16091879017259936
2022-04-15,1666871153.2179027,0.6668711532179026,-0.16679173871904462
2022-04-18,1663868605.0310357,0.6638686050310356,-0.16829260334758067
2022-04-19,1680186801.6987913,0.6801868016987913,-0.16013573036640671
2022-04-20,1679860437.7654362,0.6798604377654363,-0.1602988678260302
2022-04-21,1686191898.0725255,0.6861918980725255,-0.15713400110933462
2022-04-22,1673528977.458347,0.6735289774583471,-0.16346373454272556
2022-04-25,1643372950.0163345,0.6433729500163345,-0.17853763581193516
2022-04-26,1649443319.1767397,0.6494433191767397,-0.1755032790629384
2022-04-27,1635540215.6158118,0.6355402156158119,-0.1824529348428986
2022-04-28,1652119503.4302516,0.6521195034302516,-0.17416555189402583
2022-04-29,1666479516.4978764,0.6664795164978765,-0.1669875036705929
2022-05-02,1664390787.3244038,0.6643907873244037,-0.16803158341218305
2022-05-03,1660996602.4175105,0.6609966024175105,-0.16972821299226737
2022-05-04,1655513688.3371446,0.6555136883371446,-0.17246892231394173
2022-05-06,1638934400.522705,0.6389344005227051,-0.1807563052628144
2022-05-09,1614391832.7344005,0.6143918327344005,-0.19302424222650005
2022-05-10,1608908918.6540346,0.6089089186540346,-0.19576495154817453
2022-05-11,1606428552.7605357,0.6064285527605358,-0.19700479624131295
2022-05-12,1580972165.958837,0.5809721659588369,-0.20972951809194418
2022-05-13,1610410192.7474682,0.6104101927474683,-0.19501451923390645
2022-05-16,1609496373.7340736,0.6094963737340737,-0.19547130412085234
2022-05-17,1622942567.7883046,0.6229425677883045,-0.18875004078436486
2022-05-18,1627576935.6419473,0.6275769356419472,-0.18643348885771138
2022-05-19,1607081280.6272461,0.6070812806272461,-0.19667852132206587
2022-05-20,1634952760.5357726,0.6349527605357725,-0.1827465822702209
2022-05-23,1640762038.5494938,0.6407620385494939,-0.17984273548892282
2022-05-24,1615632015.68115,0.6156320156811499,-0.19240431987993079
2022-05-25,1620853838.6148317,0.6208538386148317,-0.18979412052595523
2022-05-26,1615370924.534466,0.6153709245344661,-0.19253482984762949
2022-05-27,1634626396.6024175,0.6346263966024175,-0.18290971972984438
2022-05-30,1650487683.763476,0.6504876837634759,-0.17498123919214337
2022-05-31,1660670238.4841557,0.6606702384841556,-0.16989135045189063
2022-06-02,1648072590.6566482,0.6480725906566482,-0.176188456393357
2022-06-03,1652119503.4302516,0.6521195034302516,-0.17416555189402583
2022-06-07,1625096569.7484481,0.6250965697484481,-0.18767333355084992
2022-06-08,1626989480.561908,0.6269894805619081,-0.18672713628503368
2022-06-09,1627576935.6419473,0.6275769356419472,-0.18643348885771138
2022-06-10,1606428552.7605357,0.6064285527605358,-0.19700479624131295
2022-06-13,1553427049.9836655,0.5534270499836655,-0.2234983196841659
2022-06-14,1547030316.8899052,0.5470303168899051,-0.22669581389278604
2022-06-15,1518179745.1813133,0.5181797451813133,-0.24111716532350158
2022-06-16,1519746292.0614178,0.5197462920614178,-0.24033410551730883
2022-06-17,1510869193.074159,0.5108691930741589,-0.2447714444190674
2022-06-20,1482344985.2989218,0.4823449852989219,-0.25902965839015957
2022-06-21,1490895720.3528259,0.4908957203528259,-0.2547554569480244
2022-06-22,1453559686.3770008,0.45355968637700084,-0.27341838232895044
2022-06-23,1435805488.4024827,0.4358054884024827,-0.2822930601324677
2022-06-24,1468898791.2446914,0.46889879124469136,-0.2657509217266468
2022-06-27,1489133355.1127083,0.4891333551127084,-0.25563639922999115
2022-06-28,1501665730.1535444,0.5016657301535443,-0.24937192078044967
2022-06-29,1480256256.1254492,0.4802562561254491,-0.26007373813174983
2022-06-30,1452058412.2835674,0.45205841228356736,-0.2741688146432184
2022-07-01,1434238941.5223782,0.4342389415223782,-0.28307611993866033
2022-07-04,1431497484.4821954,0.43149748448219527,-0.28444647459949746
2022-07-05,1455648415.5504737,0.45564841555047364,-0.27237430258736006
2022-07-06,1426863116.6285527,0.4268631166285526,-0.28676302652615093
2022-07-07,1451079320.4835021,0.4510793204835022,-0.27465822702208875
2022-07-08,1459956419.4707613,0.45995641947076127,-0.27022088812033007
2022-07-11,1455322051.6171186,0.4553220516171186,-0.27253744004698355
2022-07-12,1442202221.496243,0.4422022214962431,-0.27909556592384743
2022-07-13,1447097680.4965699,0.44709768049656984,-0.27664850402949515
2022-07-14,1444029859.5230317,0.44402985952303164,-0.27818199614995587
2022-07-15,1449251682.4567134,0.44925168245671343,-0.2755717967959803
2022-07-18,1477188435.1519113,0.47718843515191134,-0.26160723025221044
2022-07-19,1473794250.245018,0.4737942502450181,-0.26330385983229465
2022-07-20,1483324077.098987,0.48332407709898706,-0.2585402460112892
2022-07-21,1498924273.1133616,0.4989242731133616,-0.2507422754412868
2022-07-22,1486065534.1391702,0.4860655341391702,-0.2571698913504519
2022-07-25,1492788631.1662855,0.49278863116628546,-0.25380925968220824
2022-07-26,1500425547.2067952,0.5004255472067951,-0.24999184312701883
2022-07-27,1501339366.2201896,0.5013393662201895,-0.24953505824007305
2022-07-28,1512631558.3142762,0.5126315583142762,-0.24389050213710073
2022-07-29,1523401568.114995,0.523401568114995,-0.23850696596952592
2022-08-01,1524315387.1283894,0.5243153871283894,-0.23805018108258014
2022-08-02,1517918654.0346293,0.5179186540346294,-0.24124767529120028
2022-08-03,1528623391.048677,0.5286233910486771,-0.23589676661555026
2022-08-04,1538153217.902646,0.538153217902646,-0.23113315279454472
2022-08-05,1545790133.9431558,0.5457901339431557,-0.2273157362393553
2022-08-08,1547878863.1166286,0.5478788631166287,-0.22627165649776493
2022-08-09,1554014505.0637047,0.5540145050637046,-0.2232046722568436
2022-08-10,1541416857.2361972,0.5414168572361973,-0.22950177819830997
2022-08-11,1565371969.9444625,0.5653719699444626,-0.2175274886619466
2022-08-12,1568700882.0646846,0.5687008820646846,-0.21586348657378707
2022-08-16,1571246520.7448547,0.5712465207448547,-0.21459101438872386
2022-08-17,1561390329.9575303,0.5613903299575302,-0.219517765669353
2022-08-18,1557082326.0372427,0.5570823260372426,-0.22167118013638298
2022-08-19,1548205227.0499837,0.5482052270499838,-0.22610851903814144
2022-08-22,1529276118.9153872,0.5292761189153872,-0.23557049169630329
2022-08-23,1512957922.2476315,0.5129579222476315,-0.24372736467747724
2022-08-24,1520072655.994773,0.5200726559947728,-0.24017096805768545
2022-08-25,1538414309.0493302,0.5384143090493303,-0.2310026428268459
2022-08-26,1539980855.9294348,0.5399808559294348,-0.23021958302065315
2022-08-29,1508649918.3273442,0.5086499183273441,-0.245880779144507
2022-08-30,1521508657.3015354,0.5215086573015353,-0.23945316323534216
2022-08-31,1534432669.062398,0.534432669062398,-0.2329929198342523
2022-09-01,1502514276.3802679,0.5025142763802679,-0.24894776338542857
2022-09-02,1498597909.1800065,0.49859790918000657,-0.2509054129009103
2022-09-05,1494289905.2597191,0.49428990525971916,-0.25305882736794016
2022-09-06,1497357726.233257,0.49735772623325714,-0.25152533524747955
2022-09-07,1477449526.2985952,0.47744952629859516,-0.26147672028451174
2022-09-08,1481104802.3521724,0.48110480235217246,-0.25964958073672884
2022-09-13,1522814113.034956,0.522814113034956,-0.2388006133968481
2022-09-14,1499446455.4067297,0.4994464554067297,-0.2504812555058893
2022-09-15,1493963541.3263638,0.4939635413263639,-0.25322196482756376
2022-09-16,1482344985.2989218,0.4823449852989219,-0.25902965839015957
2022-09-19,1465830970.2711532,0.46583097027115317,-0.26728441384710755
2022-09-20,1473794250.245018,0.4737942502450181,-0.26330385983229465
2022-09-21,1460870238.4841554,0.4608702384841554,-0.2697641032333845
2022-09-22,1448925318.5233586,0.4489253185233586,-0.2757349342556037
2022-09-23,1423534204.5083306,0.42353420450833057,-0.28842702861431047
2022-09-26,1382803985.6256125,0.38280398562561246,-0.3087865835753205
2022-09-27,1385219078.7324405,0.38521907873244055,-0.30757936637410677
2022-09-28,1350950865.7301536,0.35095086573015366,-0.3247087996345721
2022-09-29,1352713230.9702713,0.3527132309702714,-0.3238278573526052
2022-09-30,1345337406.0764456,0.3453374060764456,-0.32751476394009593
2022-10-04,1379409800.7187192,0.3794098007187192,-0.31048321315540484
2022-10-05,1379736164.6520746,0.3797361646520745,-0.31032007569578124
2022-10-06,1395597451.813133,0.3955974518131331,-0.3023915951580801
2022-10-07,1390440901.6661222,0.3904409016661221,-0.3049691670201311
2022-10-11,1366812152.891212,0.36681215289121205,-0.316780319096871
2022-10-12,1373535249.9183273,0.3735352499183273,-0.31341968742862736
2022-10-13,1351407775.2368507,0.35140777523685074,-0.32448040719109916
2022-10-14,1378495981.7053251,0.37849598170532506,-0.3109399980423504
2022-10-17,1384305259.7190459,0.38430525971904594,-0.30803615126105266
2022-10-18,1400231819.6667757,0.4002318196667758,-0.30007504323142675
2022-10-19,1394096177.7196996,0.3940961777196996,-0.3031420274723481
2022-10-20,1381237438.745508,0.381237438745508,-0.30956964338151327
2022-10-21,1379409800.7187192,0.3794098007187192,-0.31048321315540484
2022-10-24,1394096177.7196996,0.3940961777196996,-0.3031420274723481
2022-10-25,1394422541.6530545,0.39442254165305446,-0.3029788900127247
2022-10-26,1403887095.720353,0.40388709572035286,-0.29824790368364373
2022-10-27,1426863116.6285527,0.4268631166285526,-0.28676302652615093
2022-10-28,1415179287.8144398,0.4151792878144398,-0.2926033475806714
2022-10-31,1429669846.4554067,0.42966984645540673,-0.285360044373389
2022-11-01,1455974779.4838288,0.4559747794838287,-0.2722111651277366
2022-11-02,1454799869.3237505,0.4547998693237505,-0.27279845998238106
2022-11-03,1451732048.3502126,0.4517320483502125,-0.27433195210284167
2022-11-04,1462110421.4309049,0.46211042143090486,-0.26914418088681524
2022-11-07,1478298072.5253186,0.47829807252531853,-0.26105256288949064
2022-11-08,1493049722.3129697,0.49304972231296973,-0.25367874971450943
2022-11-09,1508388827.1806598,0.5083888271806598,-0.24601128911220604
2022-11-10,1495268997.0597844,0.49526899705978433,-0.2525694149890697
2022-11-11,1545137406.0764456,0.5451374060764456,-0.22764201115860228
2022-11-14,1540241947.076119,0.5402419470761191,-0.23008907305295434
2022-11-15,1542395949.0362628,0.5423959490362626,-0.2290123658194394
2022-11-16,1541416857.2361972,0.5414168572361973,-0.22950177819830997
2022-11-17,1522161385.1682456,0.5221613851682456,-0.2391268883160952
2022-11-18,1522814113.034956,0.522814113034956,-0.2388006133968481
2022-11-21,1506822280.3005555,0.5068222803005555,-0.24679434891839858
2022-11-22,1500099183.2734401,0.50009918327344,-0.2501549805866422
2022-11-23,1505908461.287161,0.5059084612871612,-0.24725113380534436
2022-11-24,1521835021.2348907,0.5218350212348908,-0.23929002577571856
2022-11-25,1520072655.994773,0.5200726559947728,-0.24017096805768545
2022-11-28,1502253185.2335837,0.5022531852335836,-0.24907827335312738
2022-11-29,1515373015.3544593,0.5153730153544593,-0.2425201474762635
2022-11-30,1543048676.9029727,0.5430486769029728,-0.22868609090019254
2022-12-01,1542722312.9696178,0.5427223129696179,-0.22884922835981591
2022-12-02,1518767200.2613523,0.5187672002613524,-0.2408235178961794
2022-12-05,1508388827.1806598,0.5083888271806598,-0.24601128911220604
2022-12-06,1493310813.4596536,0.49331081345965355,-0.25354823974681073
2022-12-07,1486914080.3658936,0.48691408036589356,-0.25674573395543077
2022-12-08,1476535707.285201,0.476535707285201,-0.2619335051714574
2022-12-09,1487175171.5125775,0.4871751715125776,-0.25661522398773207
2022-12-12,1480843711.2054884,0.4808437112054884,-0.25978009070442754
2022-12-13,1480517347.2721334,0.48051734727213335,-0.259943228164051
2022-12-14,1495530088.2064683,0.4955300882064684,-0.252438905021371
2022-12-15,1473141522.3783078,0.47314152237830776,-0.2636301347515416
2022-12-16,1468898791.2446914,0.46889879124469136,-0.2657509217266468
2022-12-19,1465830970.2711532,0.46583097027115317,-0.26728441384710755
2022-12-20,1456301143.4171839,0.456301143417184,-0.2720480276681132
2022-12-21,1452580594.5769355,0.45258059457693545,-0.2739077947078209
2022-12-22,1470400065.3381248,0.47040006533812484,-0.26500048941237886
2022-12-23,1444356223.4563868,0.4443562234563867,-0.2780188586903325
2022-12-26,1446444952.6298594,0.4464449526298595,-0.27697477894874223
2022-12-27,1473467886.311663,0.4734678863116628,-0.26346699729191814
2022-12-28,1445857497.5498202,0.4458574975498202,-0.2772684263760645
2022-12-29,1418247108.7879777,0.4182471087879778,-0.2910698554602108
2023-01-02,1411262920.6141784,0.41126292061417846,-0.29456099709615313
2023-01-03,1407607644.560601,0.40760764456060095,-0.29638813664393626
2023-01-04,1428429663.5086575,0.4284296635086575,-0.2859799667199582
2023-01-05,1436654034.6292062,0.43665403462920627,-0.2818689027374466
2023-01-06,1449251682.4567134,0.44925168245671343,-0.2755717967959803
2023-01-09,1487827899.3792877,0.4878278993792877,-0.2562889490684851
2023-01-10,1487175171.5125775,0.4871751715125776,-0.25661522398773207
2023-01-11,1490242992.4861157,0.4902429924861158,-0.25508173186727134
2023-01-12,1498924273.1133616,0.4989242731133616,-0.2507422754412868
2023-01-13,1507801372.1006207,0.5078013721006207,-0.24630493653952812
2023-01-16,1519093564.1947076,0.5190935641947076,-0.2406603804365558
2023-01-17,1502840640.313623,0.502840640313623,-0.24878462592580508
2023-01-18,1495856452.1398237,0.49585645213982366,-0.2522757675617474
2023-01-19,1503167004.2469783,0.5031670042469782,-0.24862148846618148
2023-01-20,1514524469.127736,0.5145244691277362,-0.2429443048712845
2023-01-25,1535085396.9291081,0.5350853969291081,-0.23266664491500533
2023-01-26,1558648872.9173472,0.5586488729173471,-0.22088812033019023
2023-01-27,1571768703.038223,0.571768703038223,-0.21432999445332623
2023-01-30,1550946684.0901666,0.5509466840901667,-0.22473816437730432
2023-01-31,1535933943.1558313,0.5359339431558314,-0.23224248751998433
2023-02-01,1547030316.8899052,0.5470303168899051,-0.22669581389278604
2023-02-02,1562565240.1176085,0.5625652401176084,-0.2189304708147085
2023-02-03,1565371969.9444625,0.5653719699444626,-0.2175274886619466
2023-02-06,1545463770.0098007,0.5454637700098006,-0.2274788736989788
2023-02-07,1553100686.0503104,0.5531006860503103,-0.22366145714378938
2023-02-08,1571246520.7448547,0.5712465207448547,-0.21459101438872386
2023-02-09,1567852335.8379614,0.5678523358379615,-0.21628764396880806
2023-02-10,1560150147.0107808,0.5601501470107808,-0.22013768801592215
2023-02-13,1553427049.9836655,0.5534270499836655,-0.2234983196841659
2023-02-14,1558061417.837308,0.558061417837308,-0.22118176775751253
2023-02-15,1537500490.0359359,0.5375004900359359,-0.2314594277137917
2023-02-16,1563217967.9843187,0.5632179679843188,-0.21860419589546154
2023-02-17,1552774322.1169553,0.5527743221169552,-0.22382459460341275
2023-02-20,1554667232.9304147,0.5546672329304148,-0.22287839733759673
2023-02-21,1557082326.0372427,0.5570823260372426,-0.22167118013638298
2023-02-22,1532343939.8889253,0.5323439398889254,-0.23403699957584256
2023-02-23,1542069585.1029074,0.5420695851029074,-0.229175503279063
2023-02-24,1534759032.9957528,0.5347590329957528,-0.23282978237462892
2023-02-27,1522814113.034956,0.522814113034956,-0.2388006133968481
2023-02-28,1528297027.1153219,0.5282970271153218,-0.23605990407517363
2023-03-02,1535933943.1558313,0.5359339431558314,-0.23224248751998433
2023-03-03,1540568311.009474,0.5405683110094741,-0.22992593559333097
2023-03-06,1558648872.9173472,0.5586488729173471,-0.22088812033019023
2023-03-07,1560802874.877491,0.5608028748774909,-0.2198114130966753
2023-03-08,1539654491.99608,0.53965449199608,-0.23038272048027653
2023-03-09,1533192486.1156485,0.5331924861156485,-0.23361284218082157
2023-03-10,1517265926.167919,0.5172659261679189,-0.24157395021044736
2023-03-13,1525229206.1417837,0.5252292061417838,-0.23759339619563447
2023-03-14,1488806991.1793532,0.48880699117935333,-0.25579953668961464
2023-03-15,1505059915.0604377,0.5050599150604376,-0.24767529120036547
2023-03-16,1507475008.1672657,0.5074750081672657,-0.2464680739991516
2023-03-17,1514850833.061091,0.514850833061091,-0.24278116741166111
2023-03-20,1508649918.3273442,0.5086499183273441,-0.245880779144507
2023-03-21,1512631558.3142762,0.5126315583142762,-0.24389050213710073
2023-03-22,1530712120.2221496,0.5307121202221496,-0.23485268687396
2023-03-23,1534432669.062398,0.534432669062398,-0.2329929198342523
2023-03-24,1528949754.982032,0.5289497549820321,-0.23573362915592677
2023-03-27,1526208297.941849,0.526208297941849,-0.237103983816764
2023-03-28,1537174126.1025808,0.5371741261025809,-0.23162256517341517
2023-03-29,1542069585.1029074,0.5420695851029074,-0.229175503279063
2023-03-30,1556168507.0238485,0.5561685070238485,-0.22212796502332854
2023-03-31,1566612152.891212,0.566612152891212,-0.21690756631537733
2023-04-03,1565110878.7977786,0.5651108787977785,-0.2176579986296453
2023-04-04,1574575432.8650768,0.5745754328650767,-0.21292701230056443
2023-04-05,1583517804.6390069,0.5835178046390068,-0.20845704590688108
2023-04-06,1561129238.810846,0.5611292388108462,-0.2196482756370518
2023-04-07,1575750343.025155,0.5757503430251552,-0.21233971744591995
2023-04-10,1589000718.7193727,0.5890007187193727,-0.20571633658520672
2023-04-11,1613151649.787651,0.613151649787651,-0.1936441645730692
2023-04-12,1616545834.6945443,0.6165458346945443,-0.191947534992985
2023-04-13,1618699836.6546881,0.6186998366546881,-0.19087082775947006
2023-04-14,1625749297.6151586,0.6257492976151586,-0.18734705863160295
2023-04-17,1627576935.6419473,0.6275769356419472,-0.18643348885771138
2023-04-18,1630057301.535446,0.630057301535446,-0.18519364416457307
2023-04-19,1628164390.7219863,0.6281643907219863,-0.1861398414303892
2023-04-20,1619874746.8147664,0.6198747468147665,-0.19028353290482558
2023-04-21,1608908918.6540346,0.6089089186540346,-0.19576495154817453
2023-04-24,1600619274.7468147,0.6006192747468146,-0.1999086430226108
2023-04-25,1580123619.7321136,0.5801236197321136,-0.21015367548696529
2023-04-26,1571572884.6782098,0.5715728846782098,-0.21442787692910037
2023-04-27,1583126167.9189808,0.5831261679189808,-0.20865281085842924
2023-04-28,1584039986.932375,0.5840399869323749,-0.20819602597148357
2023-05-02,1599640182.9467494,0.5996401829467495,-0.20039805540148126
2023-05-03,1585606533.8124797,0.5856065338124796,-0.2074129661652908
2023-05-04,1586846716.759229,0.5868467167592288,-0.20679304381872166
2023-05-08,1594679451.1597517,0.5946794511597517,-0.20287774478775822
2023-05-09,1590240901.6661222,0.5902409016661223,-0.20509641423863745
2023-05-10,1584953805.9457693,0.5849538059457693,-0.20773924108453778
2023-05-11,1581820712.1855602,0.5818207121855603,-0.20930536069692318
2023-05-12,1571833975.8248937,0.5718339758248938,-0.21429736696140167
2023-05-15,1575293433.518458,0.5752934335184579,-0.2125681098893929
2023-05-16,1574379614.5050638,0.5743796145050637,-0.21302489477633846
2023-05-17,1582473440.0522704,0.5824734400522704,-0.20897908577767632
2023-05-18,1595854361.3198302,0.5958543613198302,-0.20229044993311363
2023-05-19,1610606011.1074812,0.6106060111074811,-0.1949166367581323
2023-05-22,1619940019.6014373,0.6199400196014373,-0.1902509054129009
2023-05-23,1625879843.1885006,0.6258798431885007,-0.1872818036477535
2023-05-24,1626858934.988566,0.6268589349885658,-0.18679239126888314
2023-05-25,1621832930.414897,0.6218329304148971,-0.18930470814708478
2023-05-26,1621571839.268213,0.621571839268213,-0.18943521811478348
2023-05-30,1636845671.3492322,0.6368456713492321,-0.18180038500440476
2023-05-31,1637824763.1492975,0.6378247631492975,-0.1813109726255343
2023-06-01,1629665664.81542,0.62966566481542,-0.18538940911612112
2023-06-02,1647485135.5766091,0.6474851355766091,-0.1764821038206792
2023-06-05,1657798235.8706305,0.6577982358706305,-0.17132696009657733
2023-06-07,1654991506.0437765,0.6549915060437765,-0.17272994224933924
2023-06-08,1650879320.4835021,0.6508793204835022,-0.1747854742405951
2023-06-09,1671505521.0715451,0.671505521071545,-0.16447518679239126
2023-06-12,1664064423.3910487,0.6640644233910487,-0.16819472087180654
2023-06-13,1669025155.1780465,0.6690251551780464,-0.16571503148552968
2023-06-14,1657145508.0039203,0.6571455080039204,-0.1716532350158243
2023-06-15,1653686050.310356,0.6536860503103559,-0.1733824920878333
2023-06-16,1664717151.2577589,0.6647171512577588,-0.16786844595255968
2023-06-19,1654338778.1770663,0.6543387781770664,-0.1730562171685862
2023-06-20,1651205684.4168572,0.6512056844168572,-0.1746223367809716
2023-06-21,1635605488.4024827,0.6356054884024827,-0.18242030735097392
2023-06-22,1642132767.069585,0.6421327670695851,-0.17915755815850432
2023-06-23,1630905847.7621694,0.6309058477621694,-0.18476948676955196
2023-06-26,1634365305.4557333,0.6343653054557332,-0.1830402296975432
2023-06-27,1635931852.335838,0.6359318523358382,-0.18225716989135032
2023-06-28,1626532571.0552108,0.6265325710552108,-0.18695552872850651
2023-06-29,1623073113.3616467,0.6230731133616467,-0.1886847858005154
2023-06-30,1631884939.5622346,0.6318849395622346,-0.1842800743906815
2023-07-03,1652184776.2169225,0.6521847762169226,-0.17413292440210126
2023-07-04,1650879320.4835021,0.6508793204835022,-0.1747854742405951
2023-07-05,1636192943.482522,0.636192943482522,-0.18212665992365162
2023-07-06,1626206207.1218555,0.6262062071218555,-0.1871186661881301
2023-07-07,1608713100.2940216,0.6087131002940216,-0.19586283402394855
2023-07-10,1605253642.6004574,0.6052536426004573,-0.19759209109595743
2023-07-11,1625292388.1084614,0.6252923881084613,-0.18757545107507578
2023-07-12,1633125122.508984,0.633125122508984,-0.18366015204411235
2023-07-13,1643111858.8696506,0.6431118588696505,-0.17866814577963386
2023-07-14,1665565697.4844823,0.6655656974844824,-0.16744428855753846
2023-07-17,1663738059.4576936,0.6637380594576936,-0.16835785833143002
2023-07-18,1658124599.8039856,0.6581245998039855,-0.17116382263695384
2023-07-19,1655317869.9771316,0.6553178699771316,-0.17256680478971587
2023-07-20,1654338778.1770663,0.6543387781770664,-0.1730562171685862
2023-07-21,1656819144.0705652,0.6568191440705653,-0.1718163724754478
2023-07-24,1669025155.1780465,0.6690251551780464,-0.16571503148552968
2023-07-25,1678098072.5253184,0.6780980725253183,-0.1611798101079971
2023-07-26,1649051682.4567134,0.6490516824567134,-0.17569904401448666
2023-07-27,1653686050.310356,0.6536860503103559,-0.1733824920878333
2023-07-28,1659299509.964064,0.659299509964064,-0.17057652778230947
2023-07-31,1673724795.8183599,0.6737247958183599,-0.16336585206695164
2023-08-01,1697810454.0999675,0.6978104540999674,-0.15132630754673881
2023-08-02,1663085331.5909832,0.6630853315909833,-0.1686841332506771
2023-08-03,1658777327.6706958,0.6587773276706959,-0.17083754771770698
2023-08-04,1657145508.0039203,0.6571455080039204,-0.1716532350158243
2023-08-07,1644352041.8163998,0.6443520418163997,-0.1780482234330647
2023-08-08,1637498399.2159426,0.6374983992159426,-0.18147411008515768
2023-08-09,1658450963.7373407,0.6584509637373406,-0.17100068517733047
2023-08-10,1655317869.9771316,0.6553178699771316,-0.17256680478971587
2023-08-11,1644939496.896439,0.644939496896439,-0.1777545760057424
2023-08-14,1632472394.642274,0.6324723946422739,-0.1839864269633592
2023-08-16,1605906370.4671676,0.6059063704671677,-0.19726581617671046
2023-08-17,1604405096.3737342,0.6044050963737342,-0.19801624849097843
2023-08-18,1594679451.1597517,0.5946794511597517,-0.20287774478775822
2023-08-21,1592525449.1996078,0.5925254491996079,-0.20395445202127316
2023-08-22,1600619274.7468147,0.6006192747468146,-0.1999086430226108
2023-08-23,1591872721.3328977,0.5918727213328976,-0.20428072694052013
2023-08-24,1613412740.9343352,0.6134127409343353,-0.1935136546053704
2023-08-25,1603752368.5070238,0.6037523685070239,-0.1983425234102254
2023-08-28,1615632015.68115,0.6156320156811499,-0.19240431987993079
2023-08-29,1621571839.268213,0.621571839268213,-0.18943521811478348
2023-08-30,1629339300.8820646,0.6293393008820647,-0.18555254657574471
2023-08-31,1626532571.0552108,0.6265325710552108,-0.18695552872850651
2023-09-01,1631884939.5622346,0.6318849395622346,-0.1842800743906815
2023-09-04,1640631492.9761515,0.6406314929761514,-0.1799079904727724
2023-09-05,1638999673.309376,0.6389996733093759,-0.1807236777708897
2023-09-06,1626858934.988566,0.6268589349885658,-0.18679239126888314
2023-09-07,1617459653.7079387,0.6174596537079386,-0.19149075010603933
2023-09-08,1620266383.5347927,0.6202663835347926,-0.1900877679532773
2023-09-11,1624966024.175106,0.624966024175106,-0.18773858853469938
2023-09-12,1614979287.8144395,0.6149792878144396,-0.19273059479917787
2023-09-13,1612825285.854296,0.612825285854296,-0.1938073020326927
2023-09-14,1637824763.1492975,0.6378247631492975,-0.1813109726255343
2023-09-15,1651532048.3502123,0.6515320483502123,-0.17445919932134812
2023-09-18,1639652401.1760862,0.6396524011760862,-0.18039740285164285
2023-09-19,1629012936.9487095,0.6290129369487094,-0.1857156840353682
2023-09-20,1628751845.8020256,0.6287518458020256,-0.1858461940030669
2023-09-21,1601598366.5468802,0.6015983665468803,-0.19941923064374034
2023-09-22,1597812544.9199607,0.5978125449199607,-0.20131162517537282
2023-09-25,1588086899.7059784,0.5880868997059785,-0.2061731214721524
2023-09-26,1571833975.8248937,0.5718339758248938,-0.21429736696140167
2023-09-27,1574379614.5050638,0.5743796145050637,-0.21302489477633846
2023-10-04,1535542306.4358053,0.5355423064358054,-0.2324382524715325
2023-10-05,1534041032.342372,0.5340410323423719,-0.23318868478580046
2023-10-06,1537500490.0359359,0.5375004900359359,-0.2314594277137917
2023-10-10,1534367396.2757268,0.5343673962757267,-0.23302554732617708
2023-10-11,1564980333.2244365,0.5649803332244365,-0.21772325361349465
2023-10-12,1580906893.1721659,0.5809068931721659,-0.20976214558386896
2023-10-13,1568113426.9846456,0.5681134269846455,-0.21615713400110925
2023-10-16,1555907415.8771644,0.5559074158771644,-0.22225847499102735
2023-10-17,1570593792.8781445,0.5705937928781446,-0.21491728930797083
2023-10-18,1570593792.8781445,0.5705937928781446,-0.21491728930797083
2023-10-19,1542787585.7562888,0.5427875857562887,-0.22881660086789124
2023-10-20,1517200653.381248,0.5172006533812481,-0.24160657770237193
2023-10-23,1506234825.2205162,0.5062348252205162,-0.24708799634572087
2023-10-24,1521835021.2348907,0.5218350212348908,-0.23929002577571856
2023-10-25,1509629010.1274095,0.5096290101274095,-0.24539136676563666
2023-10-26,1468441881.737994,0.46844188173799406,-0.2659793141701198
2023-10-27,1471901339.4315584,0.4719013394315583,-0.2642500570981108
2023-10-30,1476535707.285201,0.476535707285201,-0.2619335051714574
2023-10-31,1455909506.6971579,0.4559095066971579,-0.27224379261966125
2023-11-01,1469029336.8180332,0.46902933681803316,-0.2656856667427975
2023-11-02,1496835543.939889,0.49683554393988905,-0.25178635518287706
2023-11-03,1508715191.114015,0.5087151911140151,-0.24584815165258245
2023-11-06,1596180725.253185,0.596180725253185,-0.20212731247349025
2023-11-07,1559366873.5707285,0.5593668735707285,-0.22052921791901858
2023-11-08,1544354132.6363933,0.5443541326363932,-0.2280335410616986
2023-11-09,1546247043.4498532,0.5462470434498532,-0.22708734379588225
2023-11-10,1537826853.9692912,0.5378268539692912,-0.2312962902541681
2023-11-13,1534693760.2090821,0.5346937602090822,-0.2328624098665535
2023-11-14,1553100686.0503104,0.5531006860503103,-0.22366145714378938
2023-11-15,1584366350.8657303,0.5843663508657302,-0.20803288851185997
2023-11-16,1583713622.9990199,0.5837136229990199,-0.20835916343110705
2023-11-17,1572486703.691604,0.5724867036916039,-0.2139710920421548
2023-11-20,1590893629.5328324,0.5908936295328324,-0.20477013931939048
2023-11-21,1600619274.7468147,0.6006192747468146,-0.1999086430226108
2023-11-22,1602773276.7069585,0.6027732767069585,-0.19883193578909586
2023-11-23,1601598366.5468802,0.6015983665468803,-0.19941923064374034
2023-11-24,1592786540.3462923,0.5927865403462922,-0.20382394205357424
2023-11-27,1593373995.4263313,0.5933739954263313,-0.20353029462625205
2023-11-28,1609039464.2273767,0.6090394642273766,-0.19569969656432507
2023-11-29,1604666187.5204182,0.6046661875204182,-0.19788573852327973
2023-11-30,1620919111.4015028,0.6209191114015029,-0.18976149303403045
2023-12-01,1597812544.9199607,0.5978125449199607,-0.20131162517537282
2023-12-04,1606885462.267233,0.6068854622672328,-0.19677640379784
2023-12-05,1594026723.2930415,0.5940267232930414,-0.20320401970700508
2023-12-06,1594026723.2930415,0.5940267232930414,-0.20320401970700508
2023-12-07,1590567265.5994773,0.5905672655994774,-0.20493327677901396
2023-12-08,1608713100.2940216,0.6087131002940216,-0.19586283402394855
2023-12-11,1612825285.854296,0.612825285854296,-0.1938073020326927
2023-12-12,1616545834.6945443,0.6165458346945443,-0.191947534992985
2023-12-13,1604666187.5204182,0.6046661875204182,-0.19788573852327973
2023-12-14,1619940019.6014373,0.6199400196014373,-0.1902509054129009
2023-12-15,1636845671.3492322,0.6368456713492321,-0.18180038500440476
2023-12-18,1640305129.0427966,0.6403051290427966,-0.18007112793239577
2023-12-19,1641218948.0561907,0.6412189480561907,-0.1796143430454501
2023-12-20,1670656974.844822,0.6706569748448219,-0.16489934418741226
2023-12-21,1659952237.8307743,0.6599522378307743,-0.1702502528630624
2023-12-22,1654338778.1770663,0.6543387781770664,-0.1730562171685862
2023-12-26,1661584057.4975498,0.6615840574975498,-0.16943456556494507
2023-12-27,1677184253.5119243,0.6771842535119244,-0.16163659499494265
2023-12-28,1704664096.7004247,0.7046640967004247,-0.14790042089464583
2024-01-02,1718110290.7546554,0.7181102907546553,-0.14117915755815846
2024-01-03,1678098072.5253184,0.6780980725253183,-0.1611798101079971
2024-01-04,1666544789.2845476,0.6665447892845475,-0.1669548761786681
2024-01-05,1658450963.7373407,0.6584509637373406,-0.17100068517733047
2024-01-08,1651858412.2835674,0.6518584122835673,-0.17429606186172464
2024-01-09,1645918588.6965044,0.6459185886965044,-0.17726516362687206
2024-01-10,1633712577.5890234,0.6337125775890233,-0.18336650461679005
2024-01-11,1634691669.3890886,0.6346916693890887,-0.1828770922379196
2024-01-12,1625292388.1084614,0.6252923881084613,-0.18757545107507578
2024-01-15,1625879843.1885006,0.6258798431885007,-0.1872818036477535
2024-01-16,1608713100.2940216,0.6087131002940216,-0.19586283402394855
2024-01-17,1570920156.8114996,0.5709201568114997,-0.21475415184834734
2024-01-18,1573400522.7049985,0.5734005227049985,-0.21351430715520892
2024-01-19,1593047631.4929762,0.5930476314929762,-0.20369343208587554
2024-01-22,1588413263.6393335,0.5884132636393336,-0.206009984012529
2024-01-23,1594353087.2263966,0.5943530872263965,-0.2030408822473816
2024-01-24,1591546357.3995426,0.5915463573995425,-0.20444386440014362
2024-01-25,1589065991.5060437,0.5890659915060437,-0.20568370909328204
2024-01-26,1594679451.1597517,0.5946794511597517,-0.20287774478775822
2024-01-29,1611846194.0542307,0.6118461940542308,-0.19429671441156315
2024-01-30,1606885462.267233,0.6068854622672328,-0.19677640379784
2024-01-31,1606559098.3338778,0.6065590983338778,-0.1969395412574635
2024-02-01,1634038941.5223782,0.6340389415223782,-0.18320336715716667
2024-02-02,1680252074.4854622,0.6802520744854621,-0.16010310287448204
2024-02-05,1669025155.1780465,0.6690251551780464,-0.16571503148552968
2024-02-06,1659038418.81738,0.6590384188173799,-0.17070703775000817
2024-02-07,1680578438.4188175,0.6805784384188176,-0.15993996541485844
2024-02-08,1685930806.925841,0.6859308069258412,-0.15726451107703354
2024-02-13,1701857366.8735707,0.7018573668735706,-0.14930340304740775
2024-02-14,1686191898.0725255,0.6861918980725255,-0.15713400110933462
2024-02-15,1681883894.1522377,0.6818838941522376,-0.15928741557636472
2024-02-16,1704664096.7004247,0.7046640967004247,-0.14790042089464583
2024-02-19,1722418294.6749427,0.7224182946749427,-0.13902574309112858
2024-02-20,1710342829.1408036,0.7103428291408036,-0.14506182909719734
2024-02-21,1705251551.780464,0.7052515517804638,-0.14760677346732354
2024-02-22,1713998105.1943808,0.7139981051943807,-0.14323468954941443
2024-02-23,1714650833.0610912,0.7146508330610912,-0.14290841463016735
2024-02-26,1705904279.6471741,0.7059042796471742,-0.14728049854807657
2024-02-27,1688084808.885985,0.688084808885985,-0.1561878038435186
2024-02-28,1708711009.474028,0.7087110094740281,-0.14587751639531465
2024-02-29,1707797190.4606338,0.7077971904606337,-0.14633430128226044
2024-03-04,1721569748.4482195,0.7215697484482195,-0.13944990048614958
2024-03-05,1708384645.540673,0.708384645540673,-0.14604065385493814
2024-03-06,1703750277.6870303,0.7037502776870304,-0.14835720578159162
2024-03-07,1705251551.780464,0.7052515517804638,-0.14760677346732354
2024-03-08,1728162299.9019928,0.7281622999019928,-0.1361545238017553
2024-03-11,1713410650.1143417,0.7134106501143418,-0.14352833697673661
2024-03-12,1726856844.1685724,0.7268568441685723,-0.13680707364024924
2024-03-13,1734363214.63574,0.73436321463574,-0.13305491206890918
2024-03-14,1750942502.4501798,0.7509425024501799,-0.12476752912003641
2024-03-15,1722744658.608298,0.7227446586082982,-0.138862605631505
2024-03-18,1731817575.95557,0.7318175759555701,-0.1343273842539724
2024-03-19,1716282652.7278666,0.7162826527278667,-0.14209272733205003
2024-03-20,1736843580.5292387,0.7368435805292386,-0.13181506737577087
2024-03-21,1774636524.011761,0.774636524011761,-0.11292374955137197
2024-03-22,1774962887.945116,0.774962887945116,-0.11276061209174848
2024-03-25,1769023064.358053,0.7690230643580529,-0.11572971385689579
2024-03-26,1777443253.838615,0.7774432538386149,-0.11152076739860994
2024-03-27,1780576347.5988238,0.7805763475988239,-0.10995464778622466
2024-03-28,1780902711.5321789,0.7809027115321789,-0.10979151032660128
2024-03-29,1780249983.665469,0.7802499836654688,-0.11011778524584803
2024-04-01,1782534531.1989546,0.7825345311989547,-0.10897582302848374
2024-04-02,1784688533.1590984,0.7846885331590985,-0.1078991157949688
2024-04-03,1755903234.2371774,0.7559032342371774,-0.12228783973375967
2024-04-04,1778422345.6386802,0.7784223456386803,-0.1110313550197396
2024-04-05,1757143417.1839268,0.7571434171839269,-0.1216679173871904
2024-04-08,1762756876.8376348,0.7627568768376347,-0.11886195308166658
2024-04-09,1752509049.3302844,0.7525090493302844,-0.12398446931384377
2024-04-11,1755903234.2371774,0.7559032342371774,-0.12228783973375967
2024-04-12,1739976674.2894478,0.7399766742894478,-0.13024894776338547
2024-04-15,1728423391.0486767,0.7284233910486768,-0.1360240138340566
2024-04-16,1690891538.712839,0.6908915387128389,-0.15478482169075658
2024-04-17,1678750800.3920288,0.6787508003920288,-0.16085353518875
2024-04-18,1710342829.1408036,0.7103428291408036,-0.14506182909719734
2024-04-19,1683711532.1790264,0.6837115321790264,-0.15837384580247316
2024-04-22,1703423913.7536755,0.7034239137536755,-0.14852034324121488
2024-04-23,1701531002.9402156,0.7015310029402155,-0.14946654050703123
2024-04-24,1735603397.5824893,0.7356033975824892,-0.13243498972234014
2024-04-25,1708058281.607318,0.708058281607318,-0.14620379131456163
2024-04-26,1725355570.0751388,0.7253555700751388,-0.13755750595451732
2024-04-29,1745785952.303169,0.7457859523031689,-0.1273451009820874
2024-04-30,1748331590.9833386,0.7483315909833386,-0.1260726287970244
2024-05-02,1738736491.3426986,0.7387364913426986,-0.13086887010995452
2024-05-03,1737757399.542633,0.737757399542633,-0.13135828248882508
2024-05-07,1774179614.5050638,0.7741796145050637,-0.1131521419948448
2024-05-08,1781881803.3322444,0.7818818033322443,-0.10930209794773071
2024-05-09,1760472329.304149,0.7604723293041489,-0.12000391529903098
2024-05-10,1768109245.3446586,0.7681092453446585,-0.11618649874384157
2024-05-13,1767782881.4113035,0.7677828814113035,-0.11634963620346506
2024-05-14,1770393792.8781443,0.7703937928781444,-0.11504453652647728
2024-05-16,1786646716.759229,0.786646716759229,-0.106920291037228
2024-05-17,1768109245.3446586,0.7681092453446585,-0.11618649874384157
2024-05-20,1780576347.5988238,0.7805763475988239,-0.10995464778622466
2024-05-21,1769414701.078079,0.769414701078079,-0.11553394890534763
2024-05-22,1768435609.2780137,0.7684356092780138,-0.11602336128421809
2024-05-23,1767521790.2646196,0.7675217902646196,-0.11648014617116376
2024-05-24,1745133224.4364586,0.7451332244364586,-0.12767137590133448
2024-05-27,1768109245.3446586,0.7681092453446585,-0.11618649874384157
2024-05-28,1768435609.2780137,0.7684356092780138,-0.11602336128421809
2024-05-29,1736843580.5292387,0.7368435805292386,-0.13181506737577087
2024-05-30,1711583012.087553,0.711583012087553,-0.14444190675062807
2024-05-31,1713214831.7543287,0.7132148317543288,-0.14362621945251064
2024-06-03,1741934857.8895786,0.7419348578895786,-0.12927012300564455
2024-06-04,1728488663.835348,0.7284886638353478,-0.13599138634213193
2024-06-05,1746112316.2365239,0.746112316236524,-0.12718196352246403
2024-06-07,1764649787.6510944,0.7646497876510945,-0.11791575581585045
2024-06-10,1749310682.783404,0.7493106827834042,-0.12558321641815395
2024-06-11,1755381051.9438093,0.7553810519438093,-0.12254885966915718
2024-06-12,1766869062.3979092,0.7668690623979091,-0.11680642109041073
2024-06-13,1786973080.692584,0.7869730806925841,-0.10675715357760451
2024-06-14,1789845083.306109,0.789845083306109,-0.10532154393291793
2024-06-17,1780576347.5988238,0.7805763475988239,-0.10995464778622466
2024-06-18,1793369813.7863443,0.7933698137863443,-0.10355965936898426
2024-06-19,1812233649.13427,0.8122336491342699,-0.0941303142027472
2024-06-20,1817324926.4946096,0.8173249264946096,-0.091585369832621
2024-06-21,1806816007.840575,0.8068160078405751,-0.096838396032497
2024-06-24,1793043449.8529892,0.7930434498529892,-0.10372279682860774
2024-06-25,1799113819.0133944,0.7991138190133944,-0.10068844007961109
2024-06-26,1810601829.4674942,0.8106018294674942,-0.09494600150086463
2024-06-27,1806163279.9738648,0.8061632799738647,-0.09716467095174386
2024-06-28,1815758379.614505,0.8157583796145051,-0.09236842963881364
2024-07-01,1819870565.1747794,0.8198705651747795,-0.09031289764755779
2024-07-02,1804857824.2404442,0.8048578242404443,-0.09781722079023791
2024-07-03,1816998562.5612545,0.8169985625612546,-0.09174850729224437
2024-07-04,1833316759.22901,0.83331675922901,-0.08359163431107053
2024-07-05,1857271871.9372754,0.8572718719372754,-0.07161734477470716
2024-07-08,1857598235.8706305,0.8575982358706304,-0.07145420731508367
2024-07-09,1863668605.0310357,0.8636686050310356,-0.0684198505660869
2024-07-10,1863015877.1643255,0.8630158771643255,-0.06874612548533388
2024-07-11,1875809343.3518457,0.8758093433518457,-0.06235113706809359
2024-07-12,1853094413.59033,0.8530944135903298,-0.07370550425788769
2024-07-15,1858512054.8840249,0.8585120548840248,-0.07099742242813789
2024-07-16,1863015877.1643255,0.8630158771643255,-0.06874612548533388
2024-07-17,1849243319.1767397,0.8492433191767397,-0.07563052628144473
2024-07-18,1837102580.8559294,0.8371025808559294,-0.08169923977943816
2024-07-19,1817651290.4279647,0.8176512904279647,-0.09142223237299751
2024-07-22,1798134727.2133288,0.7981347272133288,-0.10117785245848154
2024-07-23,1802638549.4936295,0.8026385494936294,-0.09892655551567753
2024-07-24,1795589088.533159,0.7955890885331591,-0.10245032464354464
2024-07-25,1763670695.8510292,0.7636706958510291,-0.1184051681947208
2024-07-26,1780576347.5988238,0.7805763475988239,-0.10995464778622466
2024-07-29,1799113819.0133944,0.7991138190133944,-0.10068844007961109
2024-07-30,1778357072.852009,0.7783570728520091,-0.11106398251166438
2024-07-31,1802964913.4269848,0.8029649134269847,-0.09876341805605393
2024-08-01,1806489643.90722,0.8064896439072198,-0.09700153349212037
2024-08-02,1740041947.076119,0.740041947076119,-0.13021632027146068
2024-08-05,1591807448.5462267,0.5918074485462268,-0.2043133544324447
2024-08-06,1642589676.5762823,0.6425896765762822,-0.17892916571503148
2024-08-07,1670069519.764783,0.6700695197647828,-0.16519299161473444
2024-08-08,1664978242.404443,0.664978242404443,-0.16773793598486075
2024-08-09,1685082260.699118,0.6850822606991178,-0.15768866847205454
2024-08-12,1701335184.5802026,0.7013351845802025,-0.14956442298280526
2024-08-13,1705512642.927148,0.7055126429271481,-0.14747626349962473
2024-08-14,1718958836.9813786,0.7189588369813786,-0.14075500016313747
2024-08-16,1751856321.463574,0.7518563214635738,-0.12431074423309085
2024-08-19,1737496308.3959491,0.7374963083959492,-0.13148879245652378
2024-08-20,1751529957.530219,0.751529957530219,-0.12447388169271412
2024-08-21,1756621234.8905585,0.7566212348905585,-0.12192893732258803
2024-08-22,1758840509.6373732,0.7588405096373732,-0.12081960259714841
2024-08-23,1759493237.5040836,0.7594932375040837,-0.12049332767790133
2024-08-26,1757273962.757269,0.7572739627572689,-0.12160266240334106
2024-08-27,1748331590.9833386,0.7483315909833386,-0.1260726287970244
2024-08-28,1749310682.783404,0.7493106827834042,-0.12558321641815395
2024-08-29,1734559032.995753,0.734559032995753,-0.13295702959313516
2024-08-30,1742587585.7562888,0.7425875857562887,-0.12894384808639758
2024-09-02,1744806860.5031037,0.7448068605031037,-0.12783451336095786
2024-09-03,1732666122.1822934,0.7326661221822934,-0.13390322685895129
2024-09-04,1679664619.405423,0.679664619405423,-0.16039675030180434
2024-09-05,1679011891.538713,0.6790118915387129,-0.1607230252210512
2024-09-06,1659821692.2574322,0.6598216922574323,-0.17031550784691174
2024-09-09,1654077687.0303824,0.6540776870303824,-0.1731867271362849
2024-09-10,1646114407.0565174,0.6461144070565175,-0.17716728115109792
2024-09-11,1636519307.415877,0.636519307415877,-0.18196352246402825
2024-09-12,1672615158.4449525,0.6726151584449525,-0.16392051942967145
2024-09-13,1679664619.405423,0.679664619405423,-0.16039675030180434
2024-09-19,1682210258.085593,0.6822102580855929,-0.15912427811674112
2024-09-20,1691152629.859523,0.691152629859523,-0.15465431172305777
2024-09-23,1694024632.4730482,0.6940246324730481,-0.15321870207837107
2024-09-24,1714128650.7677228,0.7141286507677229,-0.14316943456556497
2024-09-25,1692131721.6595883,0.6921317216595884,-0.15416489934418742
2024-09-26,1739389219.2094088,0.7393892192094087,-0.13054259519070766
2024-09-27,1731425939.235544,0.731425939235544,-0.13452314920552055
2024-09-30,1703619732.1136882,0.7036197321136883,-0.14842246076544097
2024-10-02,1678359163.6720026,0.6783591636720026,-0.16104930014029817
2024-10-04,1681231166.2855277,0.6812311662855277,-0.15961369049561158
2024-10-07,1703946096.0470436,0.7039460960470436,-0.14825932330581737
2024-10-08,1696896635.086573,0.6968966350865728,-0.1517830924336847
2024-10-10,1697222999.0199282,0.6972229990199281,-0.1516199549740611
2024-10-11,1695591179.3531528,0.6955911793531528,-0.15243564227217843
2024-10-14,1711583012.087553,0.711583012087553,-0.14444190675062807
2024-10-15,1717979745.1813133,0.7179797451813132,-0.14124441254200792
2024-10-16,1706818098.6605682,0.7068180986605683,-0.1468237136611309
2024-10-17,1705186278.9937928,0.7051862789937928,-0.14763940095924832
2024-10-18,1696570271.153218,0.696570271153218,-0.15194622989330797
2024-10-21,1703946096.0470436,0.7039460960470436,-0.14825932330581737
2024-10-22,1680904802.3521724,0.6809048023521724,-0.15977682795523507
2024-10-23,1700421365.5668082,0.7004213655668081,-0.15002120786975104
2024-10-24,1688933355.1127083,0.6889333551127084,-0.1557636464484975
2024-10-25,1691152629.859523,0.691152629859523,-0.15465431172305777
2024-10-28,1709363737.3407383,0.7093637373407382,-0.14555124147606768
2024-10-29,1710930284.2208428,0.7109302842208429,-0.14476818166987504
2024-10-30,1697549362.9532833,0.6975493629532834,-0.15145681751443762
2024-10-31,1677380071.8719373,0.6773800718719374,-0.16153871251916863
2024-11-01,1661779875.857563,0.661779875857563,-0.16933668308917083
2024-11-04,1690499901.9928129,0.6904999019928129,-0.15498058664230474
2024-11-05,1685734988.5658283,0.6857349885658284,-0.15736239355280746
2024-11-06,1675487161.0584776,0.6754871610584776,-0.16248490978498475
2024-11-07,1676139888.9251878,0.6761398889251877,-0.1621586348657379
2024-11-08,1671636066.6448872,0.6716360666448873,-0.1644099318085419
2024-11-11,1656035870.630513,0.6560358706305129,-0.1722079023785441
2024-11-12,1622812022.2149625,0.6228120222149625,-0.1888152957682142
2024-11-13,1581233257.105521,0.581233257105521,-0.20959900812424548
2024-11-14,1584431623.6524012,0.5844316236524012,-0.2080002610199354
2024-11-15,1581885984.9722311,0.5818859849722311,-0.20927273320499862
2024-11-18,1613216922.5743222,0.6132169225743223,-0.19361153708114454
2024-11-19,1617002744.2012415,0.6170027442012416,-0.19171914254951217
2024-11-20,1624052205.161712,0.6240522051617119,-0.18819537342164505
2024-11-21,1623073113.3616467,0.6230731133616467,-0.1886847858005154
2024-11-22,1635540215.6158118,0.6355402156158119,-0.1824529348428986
2024-11-25,1656296961.7771971,0.6562969617771972,-0.1720773924108453
2024-11-26,1645135315.256452,0.6451353152564521,-0.17765669352996838
2024-11-27,1637172035.2825873,0.6371720352825874,-0.18163724754478128
2024-11-28,1638738582.1626918,0.6387385821626919,-0.18085418773858852
2024-11-29,1610932375.0408363,0.6109323750408364,-0.19475349929850894
2024-12-02,1609692192.094087,0.609692192094087,-0.1953734216450781
2024-12-03,1634952760.5357726,0.6349527605357725,-0.1827465822702209
2024-12-04,1613216922.5743222,0.6132169225743223,-0.19361153708114454
2024-12-05,1599118000.653381,0.5991180006533812,-0.20065907533687888
2024-12-06,1589849264.9460962,0.5898492649460962,-0.2052921791901856
2024-12-09,1545790133.9431558,0.5457901339431557,-0.2273157362393553
2024-12-10,1582865076.7722967,0.5828650767722967,-0.20878332082612805
2024-12-11,1597225089.8399217,0.5972250898399216,-0.2016052726026949
2024-12-12,1624378569.0950668,0.6243785690950667,-0.18803223596202168
2024-12-13,1627903299.5753021,0.6279032995753022,-0.186270351398088
2024-12-16,1627250571.708592,0.6272505717085919,-0.18659662631733498
2024-12-17,1610018556.027442,0.610018556027442,-0.1952102841854546
2024-12-18,1625684024.8284874,0.6256840248284874,-0.18737968612352762
2024-12-19,1594026723.2930415,0.5940267232930414,-0.20320401970700508
2024-12-20,1571050702.3848417,0.5710507023848417,-0.214688896864498
2024-12-23,1595332179.0264618,0.5953321790264618,-0.20255146986851125
2024-12-24,1595005815.093107,0.595005815093107,-0.20271460732813462
2024-12-26,1588282718.0659916,0.5882827180659917,-0.20607523899637825
2024-12-27,1578361254.491996,0.578361254491996,-0.21103461776893206
2024-12-30,1578034890.558641,0.578034890558641,-0.21119775522855555
2025-01-02,1576141979.7451813,0.5761419797451812,-0.21214395249437168
2025-01-03,1604600914.733747,0.604600914733747,-0.1979183660152044
2025-01-06,1632994576.935642,0.632994576935642,-0.1837254070279617
2025-01-07,1636845671.3492322,0.6368456713492321,-0.18180038500440476
2025-01-08,1656949689.6439073,0.6569496896439073,-0.17175111749159833
2025-01-09,1657276053.5772624,0.6572760535772624,-0.17158798003197484
2025-01-10,1653098595.2303169,0.6530985952303168,-0.17367613951515548
2025-01-13,1633647304.8023522,0.6336473048023521,-0.18339913210871472
2025-01-14,1637498399.2159426,0.6374983992159426,-0.18147411008515768
2025-01-15,1638738582.1626918,0.6387385821626919,-0.18085418773858852
2025-01-16,1656623325.710552,0.656623325710552,-0.17191425495122192
2025-01-17,1656296961.7771971,0.6562969617771972,-0.1720773924108453
2025-01-20,1654730414.8970926,0.6547304148970925,-0.17286045221703794
2025-01-21,1653424959.163672,0.653424959163672,-0.173513002055532
2025-01-22,1671309702.7115324,0.6713097027115325,-0.16457306926816528
2025-01-23,1651532048.3502123,0.6515320483502123,-0.17445919932134812
2025-01-24,1667197517.1512578,0.6671975171512579,-0.16662860125942114
2025-01-31,1653751323.097027,0.6537513230970271,-0.1733498645959085
2025-02-03,1612564194.707612,0.6125641947076121,-0.1939378120003914
2025-02-04,1630775302.1888273,0.6307753021888274,-0.1848347417534013
2025-02-05,1646114407.0565174,0.6461144070565175,-0.17716728115109792
2025-02-06,1663999150.6043777,0.6639991506043776,-0.1682273483637312
2025-02-07,1656623325.710552,0.656623325710552,-0.17191425495122192
2025-02-10,1654077687.0303824,0.6540776870303824,-0.1731867271362849
2025-02-11,1669416791.8980725,0.6694167918980725,-0.16551926653398152
2025-02-12,1672941522.3783078,0.6729415223783077,-0.16375738197004786
2025-02-13,1693698268.5396929,0.6936982685396929,-0.15338183953799467
2025-02-14,1700747729.5001633,0.7007477295001634,-0.14985807041012755
2025-02-17,1712235739.9542634,0.7122357399542634,-0.14411563183138099
2025-02-18,1725616661.2218227,0.7256166612218227,-0.1374269959868185
2025-02-19,1751529957.530219,0.751529957530219,-0.12447388169271412
2025-02-20,1740041947.076119,0.740041947076119,-0.13021632027146068
2025-02-21,1741934857.8895786,0.7419348578895786,-0.12927012300564455
2025-02-24,1733645213.9823587,0.7336452139823586,-0.13341381448008094
2025-02-25,1728227572.688664,0.728227572688664,-0.13612189630983063
2025-02-26,1733971577.9157138,0.7339715779157139,-0.13325067702045745
2025-02-27,1729794119.5687685,0.7297941195687685,-0.13533883650363787
2025-02-28,1672941522.3783078,0.6729415223783077,-0.16375738197004786
2025-03-04,1667850245.017968,0.667850245017968,-0.16630232634017428
2025-03-05,1687301535.4459329,0.6873015354459329,-0.1565793337466148
2025-03-06,1696896635.086573,0.6968966350865728,-0.1517830924336847
2025-03-07,1690499901.9928129,0.6904999019928129,-0.15498058664230474
2025-03-10,1697875726.8866384,0.6978757268866385,-0.15129368005481414
2025-03-11,1675487161.0584776,0.6754871610584776,-0.16248490978498475
2025-03-12,1697549362.9532833,0.6975493629532834,-0.15145681751443762
2025-03-13,1693371904.6063378,0.6933719046063378,-0.15354497699761815
2025-03-14,1691805357.7262335,0.6918053577262335,-0.1543280368038108
2025-03-17,1719872655.994773,0.719872655994773,-0.14029821527619168
2025-03-18,1723071022.5416532,0.7230710225416532,-0.1386994681718815
2025-03-19,1735864488.7291734,0.7358644887291734,-0.1323044797546412
2025-03-20,1740041947.076119,0.740041947076119,-0.13021632027146068
2025-03-21,1745785952.303169,0.7457859523031689,-0.1273451009820874
2025-03-24,1738410127.4093432,0.7384101274093433,-0.1310320075695781
2025-03-25,1726922116.9552433,0.7269221169552433,-0.13677444614832457
2025-03-26,1748005227.0499837,0.7480052270499837,-0.12623576625664779
2025-03-27,1728227572.688664,0.728227572688664,-0.13612189630983063
2025-03-28,1699115909.8333876,0.6991159098333877,-0.15067375770824498
2025-03-31,1655056778.8304477,0.6550567788304478,-0.17269731475741457
2025-04-01,1675813524.9918327,0.6758135249918327,-0.16232177232536138
2025-04-02,1665892061.4178371,0.6658920614178372,-0.1672811510979152
2025-04-03,1652837504.0836327,0.6528375040836327,-0.1738066494828543
2025-04-04,1639717673.9627573,0.6397176739627572,-0.18036477535971807
2025-04-07,1552839594.9036262,0.5528395949036262,-0.2237919671114882
2025-04-08,1555385233.583796,0.5553852335837961,-0.2225194949264251
2025-04-09,1532082848.7422411,0.5320828487422411,-0.23416750954354137
2025-04-10,1623399477.2950015,0.6233994772950016,-0.18852164834089202
2025-04-11,1616088925.187847,0.616088925187847,-0.19217592743645806
2025-04-14,1627576935.6419473,0.6275769356419472,-0.18643348885771138
2025-04-15,1646114407.0565174,0.6461144070565175,-0.17716728115109792
2025-04-16,1627576935.6419473,0.6275769356419472,-0.18643348885771138
2025-04-17,1643242404.4429924,0.6432424044429925,-0.1786028907957845
2025-04-18,1648333681.8033323,0.6483336818033323,-0.1760579464256582
2025-04-21,1653098595.2303169,0.6530985952303168,-0.17367613951515548
2025-04-22,1650226592.616792,0.650226592616792,-0.17511174915984207
2025-04-23,1676466252.858543,0.676466252858543,-0.1619954974061144
2025-04-24,1674181705.325057,0.674181705325057,-0.1631374596234788
2025-04-25,1690173538.0594578,0.6901735380594578,-0.15514372410192823
2025-04-28,1689259719.0460634,0.6892597190460634,-0.155600508988874
2025-04-29,1700682456.7134924,0.7006824567134924,-0.14989069790205223
2025-04-30,1702967004.246978,0.702967004246978,-0.14874873568468794
2025-05-02,1701335184.5802026,0.7013351845802025,-0.14956442298280526
2025-05-07,1710473374.7141457,0.7104733747141456,-0.14499657411334788
2025-05-08,1710799738.6475008,0.7107997386475007,-0.1448334366537244
2025-05-09,1710147010.7807906,0.7101470107807906,-0.14515971157297136
2025-05-12,1730381574.6488075,0.7303815746488076,-0.13504518907631569
2025-05-13,1731360666.4488728,0.7313606664488728,-0.13455577669744534
2025-05-14,1752574322.1169553,0.7525743221169552,-0.1239518418219191
2025-05-15,1742457040.1829467,0.7424570401829467,-0.12900910307024704
2025-05-16,1745720679.5164979,0.7457206795164979,-0.1273777284740122
2025-05-19,1730055210.7154524,0.7300552107154525,-0.13520832653593917
2025-05-20,1728097027.1153219,0.728097027115322,-0.13618715129367998
2025-05-21,1742130676.2495918,0.7421306762495918,-0.1291722405298703
2025-05-22,1719937928.781444,0.719937928781444,-0.1402655877842669
2025-05-23,1722222476.31493,0.7222224763149299,-0.1391236255669025
2025-05-26,1754858869.6504412,0.7548588696504412,-0.1228098796045547
2025-05-27,1750942502.4501798,0.7509425024501799,-0.12476752912003641
2025-05-28,1772808885.9849722,0.7728088859849722,-0.11383731932526342
2025-05-29,1810014374.3874552,0.8100143743874553,-0.09523964892818682
2025-05-30,1795327997.3864748,0.7953279973864749,-0.10258083461124345
2025-06-02,1796633453.1198955,0.7966334531198955,-0.10192828477274951
2025-06-04,1848198954.5900033,0.8481989545900033,-0.07615256615223986
2025-06-05,1868433518.4580202,0.8684335184580203,-0.06603804365558419
2025-06-09,1898132636.3933356,0.8981326363933355,-0.051192534829847536
2025-06-10,1911839921.5942502,0.9118399215942501,-0.044340761525661465
2025-06-11,1935338124.7958183,0.9353381247958183,-0.03259486443277104
2025-06-12,1942844495.262986,0.942844495262986,-0.02884270286143098
2025-06-13,1931748121.528912,0.9317481215289121,-0.034389376488629275
2025-06-16,1960141783.7308068,0.9601417837308068,-0.020196417501386676
2025-06-17,1964710878.7977784,0.9647108787977783,-0.017912493066657986
2025-06-18,1978744527.9320483,0.9787445279320484,-0.010897582302848319
2025-06-19,1981029075.4655342,0.9810290754655342,-0.009755620085483918
2025-06-20,2010728193.4008496,1.0107281934008494,0.0
2025-06-23,2006159098.3338778,1.0061590983338777,-0.002272358383379469
2025-06-24,2065230970.271153,1.0652309702711529,0.0
2025-06-25,2069473701.4047697,1.0694737014047697,0.0
2025-06-26,2046301862.1365569,1.046301862136557,-0.011196972086421564
2025-06-27,2038142763.8026788,1.038142763802679,-0.015139567891499728
2025-06-30,2046954590.0032668,1.0469545900032666,-0.010881564422015488
2025-07-01,2061640967.004247,1.061640967004247,-0.003784891972874904
2025-07-02,2049565501.4701078,1.049565501470108,-0.00961993376439052
2025-07-03,2079264619.405423,1.0792646194054227,0.0
2025-07-04,2037163672.0026133,1.0371636720026132,-0.02024799874431016
2025-07-07,2043364586.7363605,1.0433645867363603,-0.017265735363365287
2025-07-08,2072410976.8049657,1.0724109768049659,-0.0032961858420968992
2025-07-09,2088729173.472721,1.088729173472721,0.0
2025-07-10,2118754655.3413916,1.1187546553413914,0.0
2025-07-11,2118428291.4080367,1.1184282914080366,-0.0001540357362906919
2025-07-14,2132788304.4756613,1.1327883044756613,0.0
2025-07-15,2143884678.2097354,1.1438846782097354,0.0
2025-07-16,2125608297.941849,1.1256082979418491,-0.008524889633125365
2025-07-17,2129851029.0754657,1.1298510290754655,-0.006545897396863953
2025-07-18,2127240117.6086245,1.1272401176086246,-0.007763738773024942
2025-07-21,2138989219.2094085,1.1389892192094084,-0.0022834525803014927
2025-07-22,2114838288.1411302,1.1148382881411303,-0.013548485309788472
2025-07-23,2121691930.7415876,1.1216919307415876,-0.010351651697366515
2025-07-24,2127566481.5419798,1.12756648154198,-0.0076115086010046795
2025-07-25,2131809212.6755962,1.1318092126755963,-0.0056325163647434895
2025-07-28,2134746488.075792,1.134746488075792,-0.004262444816562683
2025-07-29,2152696504.410323,1.152696504410323,0.0
2025-07-30,2167056517.477948,1.1670565174779481,0.0
2025-07-31,2158897419.1440706,1.1588974191440706,-0.003765060240963791
2025-08-01,2079590983.3387783,1.0795909833387785,-0.04036144578313239
2025-08-04,2100151911.1401503,1.1001519111401503,-0.030873493975903554
2025-08-05,2129851029.0754657,1.1298510290754655,-0.017168674698795017
2025-08-06,2134746488.075792,1.134746488075792,-0.014909638554216897
2025-08-07,2146495589.6765764,1.1464955896765763,-0.009487951807228834
2025-08-08,2136704671.6759226,1.1367046716759228,-0.014006024096385628
2025-08-11,2139315583.1427639,1.1393155831427637,-0.012801204819277046
2025-08-12,2128219209.4086902,1.12821920940869,-0.017921686746987797
2025-08-13,2145842861.8098662,1.1458428618098662,-0.009789156626505924
2025-08-14,2148453773.276707,1.148453773276707,-0.008584337349397453
2025-08-18,2119407383.208102,1.119407383208102,-0.02198795180722879
2025-08-19,2102762822.606991,1.1027628226069912,-0.029668674698795194
2025-08-20,2093624632.473048,1.0936246324730479,-0.033885542168674676
2025-08-21,2100151911.1401503,1.1001519111401503,-0.030873493975903554
2025-08-22,2112227376.6742895,1.1122273766742894,-0.025301204819277
2025-08-25,2136378307.742568,1.136378307742568,-0.014156626506023895
2025-08-26,2123650114.3417184,1.1236501143417184,-0.02003012048192765
2025-08-27,2125281934.008494,1.1252819340084939,-0.01927710843373487
2025-08-28,2134420124.1424372,1.1344201241424372,-0.015060240963855276
2025-08-29,2125934661.8752043,1.1259346618752044,-0.018975903614457668
2025-09-01,2100478275.0735056,1.1004782750735056,-0.030722891566264843
2025-09-02,2116470107.8079062,1.1164701078079062,-0.02334337349397575
2025-09-03,2122671022.541653,1.122671022541653,-0.02048192771084334
2025-09-04,2132788304.4756613,1.1327883044756613,-0.01581325301204828
2025-09-05,2140621038.876184,1.140621038876184,-0.012198795180722977
2025-09-08,2149432865.076772,1.149432865076772,-0.008132530120481873
2025-09-09,2173257432.2116957,1.1732574322116958,0.0
2025-09-10,2213073832.0810194,1.2130738320810193,0.0
2025-09-11,2229065664.8154197,1.2290656648154195,0.0
2025-09-12,2265618425.3511925,1.2656184253511924,0.0
2025-09-15,2272145704.018295,1.2721457040182949,0.0
2025-09-16,2300213002.2868342,1.3002130022868341,0.0
2025-09-17,2276714799.085266,1.276714799085266,-0.010215664018161208
2025-09-18,2306413917.0205812,1.3064139170205813,0.0
2025-09-19,2297275726.886638,1.297275726886638,-0.003962077260506569
2025-09-22,2314899379.2878146,1.3148993792878145,0.0
2025-09-23,2330891212.022215,1.3308912120222147,0.0
2025-09-24,2314573015.3544593,1.3145730153544593,-0.0070008401008120336
2025-09-25,2316531198.95459,1.31653119895459,-0.006160739288714634
2025-09-26,2259091146.68409,1.25909114668409,-0.03080369644357317
2025-09-29,2292053903.9529567,1.2920539039529566,-0.01666199943993274
2025-09-30,2287811172.81934,1.2878111728193402,-0.01848221786614379
2025-10-01,2309677556.3541327,1.3096775563541327,-0.0091010921310557
2025-10-02,2364833061.0911465,1.3648330610911463,0.0
2025-10-10,2403344005.2270503,1.4033440052270505,0.0
2025-10-13,2395511270.8265276,1.3955112708265278,-0.0032590983161325804
2025-10-14,2380824893.825547,1.3808248938255474,-0.009369907658881127
2025-10-15,2445118588.6965046,1.4451185886965048,0.0
2025-10-16,2507127736.033976,1.507127736033976,0.0
2025-10-17,2503537732.7670693,1.5035377327670694,-0.001431918771153562
2025-10-20,2546291408.036589,1.546291408036589,0.0
2025-10-21,2555429598.170532,1.5554295981705324,0.0
2025-10-22,2595245998.039856,1.595245998039856,0.0
2025-10-23,2570768703.038223,1.570768703038223,-0.009431589537223228
2025-10-24,2634409670.04247,1.6344096700424702,0.0
2025-10-27,2700008820.6468472,1.7000088206468473,0.0
2025-10-28,2677489709.2453446,1.6774897092453447,-0.008340384382932386
2025-10-29,2728076118.915387,1.728076118915387,0.0
2025-10-30,2732318850.0490036,1.7323188500490034,0.0
2025-10-31,2744067951.649788,1.7440679516497881,0.0
2025-11-03,2815541653.0545573,1.8155416530545572,0.0
2025-11-04,2757122508.983992,1.7571225089839921,-0.020748811869711337
2025-11-05,2672920614.1783733,1.6729206141783735,-0.050654920598122044
2025-11-06,2692176086.246325,1.692176086246325,-0.043815926741625044
2025-11-07,2636694217.575956,1.6366942175759558,-0.06352150226034536
2025-11-10,2724159751.715126,1.724159751715126,-0.032456242030833304
2025-11-11,2739825220.516171,1.7398252205161708,-0.02689231482554777
2025-11-12,2773114341.7183924,1.7731143417183923,-0.015068969514315578
2025-11-13,2791064358.0529237,1.7910643580529237,-0.00869363625825903
2025-11-14,2684669715.779157,1.6846697157791573,-0.046481975194157865
2025-11-17,2733624305.782424,1.733624305782424,-0.029094702677640027
2025-11-18,2641916040.5096374,1.6419160405096376,-0.061666859858583556
2025-11-19,2630166938.9088535,1.6301669389088533,-0.06583980526254773
2025-11-20,2680753348.578896,1.6807533485788961,-0.04787295699547922
2025-11-21,2578927801.372101,1.5789278013721009,-0.08403848382983647
2025-11-24,2578927801.372101,1.5789278013721009,-0.08403848382983647
2025-11-25,2577295981.7053246,1.5772959817053245,-0.08461805958038726
2025-11-26,2648769683.110095,1.6487696831100949,-0.05923264170627085
2025-11-27,2667372427.311336,1.667372427311336,-0.0526254781499943
2025-11-28,2635388761.842535,1.6353887618425351,-0.06398516286078593
2025-12-01,2627882391.3753676,1.6278823913753677,-0.06665121131331864
2025-12-02,2673246978.111728,1.6732469781117283,-0.05053900544801204
2025-12-03,2705883371.4472394,1.7058833714472392,-0.03894749043700019
2025-12-04,2700008820.6468472,1.7000088206468473,-0.04103396313898233
2025-12-05,2742436131.983012,1.7424361319830122,-0.025964993624666755
2025-12-08,2780620712.1855607,1.7806207121855606,-0.012402921061782646
2025-12-09,2775072525.3185234,1.7750725253185236,-0.014373478613654789
2025-12-10,2771482522.051617,1.7714825220516173,-0.015648545264866143
2025-12-11,2753532505.717086,1.7535325057170859,-0.02202387852092269
2025-12-12,2790085266.2528586,1.7900852662528588,-0.009041381708589258
2025-12-15,2745373407.383208,1.745373407383208,-0.024921757273675738
2025-12-16,2683690623.9790916,1.6836906239790919,-0.046829720644488315
2025-12-17,2721875204.18164,1.7218752041816403,-0.033267648081604206
2025-12-18,2678795164.9787655,1.6787951649787654,-0.0485684478961399
2025-12-19,2696745181.3132963,1.6967451813132963,-0.04219311464008346
2025-12-22,2745699771.316563,1.7456997713165632,-0.024805842123565625
2025-12-23,2753532505.717086,1.7535325057170859,-0.02202387852092269
2025-12-24,2749942502.4501796,1.7499425024501796,-0.023298945172134045
2025-12-26,2768871610.584776,1.768871610584776,-0.016575866465747158
2025-12-29,2826638026.788631,1.8266380267886309,0.0
2025-12-30,2830880757.9222474,1.8308807579222472,0.0
2026-01-02,2894848088.8598495,1.8948480888598493,0.0
2026-01-05,2988188173.799412,1.9881881737994118,0.0
2026-01-06,3033226396.6024175,2.0332263966024176,0.0
2026-01-07,3056398235.8706303,2.0563982358706303,0.0
2026-01-08,3057703691.604051,2.057703691604051,0.0
2026-01-09,3079243711.2054887,2.0792437112054887,0.0
2026-01-12,3105026461.940542,2.1050264619405423,0.0
2026-01-13,3152675596.2103887,2.1526755962103885,0.0
2026-01-14,3169646520.7448545,2.1696465207448545,0.0
2026-01-15,3218274746.8147664,2.2182747468147666,0.0
2026-01-16,3249932048.350212,2.249932048350212,0.0
2026-01-19,3295296635.0865726,2.2952966350865727,0.0
2026-01-20,3282568441.685724,2.282568441685724,-0.0038625334257699206
2026-01-21,3292359359.686377,2.292359359686377,-0.0008913538674852894
2026-01-22,3317815746.4880757,2.3178157464880758,0.0
2026-01-23,3351104867.690297,2.3511048676902973,0.0
2026-01-26,3319773930.0882063,2.319773930088206,-0.009349435138293782
2026-01-27,3410176739.627573,2.410176739627573,0.0
2026-01-28,3470227703.3649135,2.4702277033649134,0.0
2026-01-29,3509065011.4341717,2.5090650114341715,0.0
2026-01-30,3513634106.5011435,2.5136341065011436,0.0
2026-02-02,3329238484.1555047,2.3292384841555047,-0.05248002972320265
2026-02-03,3551818686.7036915,2.5518186867036916,0.0
2026-02-04,3609258738.9741917,2.6092587389741917,0.0
2026-02-05,3471533159.098334,2.471533159098334,-0.03815896554842213
2026-02-06,3418988565.828161,2.418988565828161,-0.05271724387376797
2026-02-09,3556061417.8373084,2.5560614178373084,-0.014739126503300448
2026-02-10,3564220516.171186,2.564220516171186,-0.012478524278867975
2026-02-11,3590329630.839595,2.590329630839595,-0.005244597160683706
2026-02-12,3699008820.6468472,2.6990088206468474,0.0
2026-02-13,3701946096.0470433,2.701946096047043,0.0
2026-02-19,3813562561.254492,2.813562561254492,0.0
2026-02-20,3891563541.3263636,2.8915635413263634,0.0
2026-02-23,3924199934.6618752,2.924199934661875,0.0
2026-02-24,4006443645.8673635,3.006443645867363,0.0
2026-02-25,4093909180.0065336,3.0939091800065333,0.0
2026-02-26,4246647500.816726,3.246647500816726,0.0
2026-02-27,4216622018.9480567,3.2166220189480565,-0.007070396557024128
2026-03-03,3908208101.9274745,2.9082081019274746,-0.07969566553950191
2026-03-04,3423557660.895132,2.423557660895132,-0.19382108822625266
2026-03-05,3780926167.9189806,2.7809261679189805,-0.10966799877036582
2026-03-06,3767218882.718066,2.7672188827180664,-0.11289578850292026
2026-03-09,3527994119.5687685,2.5279941195687683,-0.16922840454964638
2026-03-10,3726423391.048677,2.726423391048677,-0.12250230556409458
2026-03-11,3779294348.2522054,2.7792943482522054,-0.11005225945281272
2026-03-12,3752206141.7837305,2.7522061417837307,-0.11643098678143249
2026-03-13,3691176086.246325,2.691176086246325,-0.13080233630494909
2026-03-16,3737519764.782751,2.737519764782751,-0.11988933292345516
2026-03-17,3794633453.1198955,2.7946334531198955,-0.10644020903781115
2026-03-18,3984903626.2659264,2.9849036262659263,-0.06163541346449419
2026-03-19,3884057170.859196,2.884057170859196,-0.0853827236397171
2026-03-20,3892542633.1264296,2.8925426331264297,-0.08338456809099282
2026-03-23,3650054230.6435804,2.6500542306435806,-0.14048570550261297
2026-03-24,3746657954.9166937,2.7466579549166936,-0.1177374731017522
2026-03-25,3801160731.786998,2.801160731786998,-0.10490316630802332
2026-03-26,3684648807.579222,2.6846488075792223,-0.13233937903473714
2026-03-27,3658539692.9108133,2.6585396929108134,-0.13848754995388868
2026-03-30,3557366873.5707283,2.5573668735707282,-0.16231171226560093
2026-03-31,3411155831.427638,2.4111558314276382,-0.19674146941284965
2026-04-01,3700640640.313623,2.700640640313623,-0.1285736243467568
2026-04-02,3549207775.2368507,2.5492077752368507,-0.16423301567783577
2026-04-03,3635367853.6426005,2.6353678536426006,-0.14394405164463564
2026-04-06,3664087879.77785,2.66408787977785,-0.13718106363356897
2026-04-07,3703904279.647174,2.703904279647174,-0.12780510298186287
2026-04-08,3968259065.6648154,2.9682590656648156,-0.06555487242545333
2026-04-09,3894174452.793205,2.8941744527932047,-0.08300030740854591
2026-04-10,3950309049.330284,2.950309049330284,-0.06978173993237002
2026-04-13,3912450833.0610914,2.9124508330610914,-0.07869658776513977
2026-04-14,4043975498.2032013,3.043975498203201,-0.047725176759913945
2026-04-15,4115122835.6746163,3.115122835674616,-0.030971411005225824
2026-04-16,4192471087.879778,3.1924710878797775,-0.012757454657239431
2026-04-17,4187249264.946096,3.1872492649460957,-0.013987088841069695
2026-04-20,4200303822.2803006,3.2003038222803006,-0.010913003381493924
2026-04-21,4311920287.487749,3.311920287487749,0.0
2026-04-22,4327585756.2887945,3.3275857562887943,0.0
2026-04-23,4349452139.823587,3.3494521398235877,0.0
2026-04-24,4366096700.424698,3.3660967004246976,0.0
2026-04-27,4451604050.9637375,3.451604050963738,0.0
2026-04-28,4483261352.499183,3.4832613524991825,0.0
2026-04-29,4481955896.765763,3.481955896765763,-0.00029118439251629713
2026-04-30,4426147664.162039,3.4261476641620385,-0.012739317172599351
2026-05-04,4639263312.642927,3.6392633126429272,0.0
2026-05-06,4954204508.330611,3.954204508330611,0.0
2026-05-07,5009686377.00098,4.00968637700098,0.0
2026-05-08,5035469127.736034,4.035469127736034,0.0
2026-05-11,5241404769.68311,4.24140476968311,0.0
2026-05-12,5139252858.54296,4.13925285854296,-0.01948941469489407
2026-05-13,5270451159.751716,4.270451159751715,0.0
2026-05-14,5326259392.355439,4.326259392355439,0.0
2026-05-15,5049176412.936949,4.049176412936949,-0.052022058823529393
2026-05-18,5049829140.8036585,4.049829140803658,-0.05189950980392166
2026-05-19,4894806272.459981,3.894806272459981,-0.08100490196078414
2026-05-20,4851726233.257105,3.8517262332571045,-0.08909313725490209
2026-05-21,5227371120.5488405,4.227371120548841,-0.018566176470588114
2026-05-22,5254785690.95067,4.25478569095067,-0.01341911764705872
2026-05-26,5417641293.694871,4.417641293694871,0.0
2026-05-27,5541006860.503104,4.541006860503105,0.0
2026-05-28,5482914080.365893,4.482914080365894,-0.010484155966545061
2026-05-29,5671226069.911793,4.671226069911793,0.0
2026-06-01,5762281607.31787,4.76228160731787,0.0
2026-06-02,5914367200.261353,4.914367200261353,0.0
