portfolio_name,cagr,mdd,sharpe,calmar,sortino,annual_volatility,win_rate
aggressive,0.27345854879908504,-0.23613631534233426,1.338333645987151,1.1580537639991695,1.815332314259093,0.19489385272992338,0.5761772853185596
base,0.7139764205940662,-0.11547828588091835,2.520444391752939,6.182776399455058,3.22872845395601,0.22394265803532729,0.5750577367205543
conservative,0.09702290340573194,-0.028054175878238108,2.5333508792892276,3.458412174602268,2.758007673118165,0.0368261129417054,0.6351039260969977
test_1,0.16625077284350076,-0.3667371539184119,0.90469518092949,0.45332405257332237,1.1507719299147925,0.19002994192297526,0.5490336435218325
test_2,0.22857383248254215,-0.11436956007006982,1.2591835083068754,1.9985547932728234,1.7074492143011069,0.1757981284186373,0.5201793721973094
test_3,0.16625077284350076,-0.3667371539184119,0.90469518092949,0.45332405257332237,1.1507719299147925,0.19002994192297526,0.5490336435218325
test_5,0.19639094360393616,-0.4300989255498131,0.9059950674965129,0.4566180753715708,1.274648348540563,0.22617493856371818,0.5250536864710093
