portfolio_name,cagr,mdd,sharpe,calmar,sortino,annual_volatility,win_rate
aggressive,0.27345854879908504,-0.23613631534233437,1.3383336459871549,1.158053763999169,1.8153323142590967,0.19489385272992332,0.5761772853185596
base,0.18544034062071368,-0.13076451622224228,1.6195527836722339,1.41812431979289,2.099843011190404,0.10872189994641873,0.5678670360110804
conservative,0.09702290340573216,-0.02805417587823833,2.533350879289219,3.4584121746022483,2.7580076731181538,0.03682611294170555,0.6351039260969977
