portfolio_name,cagr,mdd,sharpe,calmar
aggressive,0.27345854879908504,-0.23613631534233426,1.3383336459871547,1.1580537639991695
base,0.18544034062071368,-0.13076451622224228,1.6195527836722374,1.41812431979289
conservative,0.09702290340573194,-0.02805417587823833,2.533350879289206,3.4584121746022403
